{
    "CapturedObjects": [
        {
            "ActorName": "TRAFFIC_SIGN 74",
            "ObjectId": 74,
            "BoundingBox3D Origin X": 12.802971319393691,
            "BoundingBox3D Origin Y": -5.1162972644742695,
            "BoundingBox3D Origin Z": 4.149600826203823,
            "BoundingBox3D Extent X": 0.1,
            "BoundingBox3D Extent Y": 1.0443760949039496,
            "BoundingBox3D Extent Z": 0.9445654290099652,
            "BoundingBox3D Orientation Quat W": -0.0626612342224184,
            "BoundingBox3D Orientation Quat X": -0.0015641387545376,
            "BoundingBox3D Orientation Quat Y": 0.0037951120873663,
            "BoundingBox3D Orientation Quat Z": -0.9980264126364214,
            "ObjectType": "TRAFFIC_SIGN",
            "Occluded": {
                "F_MIDRANGECAM_C": 1.1304924555588514e-05
            },
            "Truncated": 0,
            "ObjectMeta": {
                "SourceID": 74,
                "SubType": "us_white_ground_rectangle_unknown",
                "Text": "Ho",
                "OcrVersion": 10006
            }
        },
        {
            "ActorName": "TRAFFIC_SIGN 75",
            "ObjectId": 75,
            "BoundingBox3D Origin X": 2.3163263008646027,
            "BoundingBox3D Origin Y": 12.54399770708551,
            "BoundingBox3D Origin Z": 1.4160708598792553,
            "BoundingBox3D Extent X": 0.1,
            "BoundingBox3D Extent Y": 0.9246897276089624,
            "BoundingBox3D Extent Z": 0.4851001072257914,
            "BoundingBox3D Orientation Quat W": 0.3173905417846954,
            "BoundingBox3D Orientation Quat X": -2.1146249969111207e-05,
            "BoundingBox3D Orientation Quat Y": 0.0041049330155978,
            "BoundingBox3D Orientation Quat Z": -0.948286029140676,
            "ObjectType": "TRAFFIC_SIGN",
            "Occluded": {
                "F_CTCAM_L": 0.0
            },
            "Truncated": 0,
            "ObjectMeta": {
                "SourceID": 75,
                "SubType": "us_white_ground_rectangle_unknown",
                "Text": "",
                "OcrVersion": 10006
            }
        },
        {
            "ActorName": "TRAFFIC_SIGN 76",
            "ObjectId": 76,
            "BoundingBox3D Origin X": 12.754025971178637,
            "BoundingBox3D Origin Y": -5.11134154809406,
            "BoundingBox3D Origin Z": 3.4598542181774974,
            "BoundingBox3D Extent X": 0.1,
            "BoundingBox3D Extent Y": 0.6871968100218089,
            "BoundingBox3D Extent Z": 0.273953078968039,
            "BoundingBox3D Orientation Quat W": -0.1562499663035897,
            "BoundingBox3D Orientation Quat X": -0.0019164493010515,
            "BoundingBox3D Orientation Quat Y": 0.0036310962895206,
            "BoundingBox3D Orientation Quat Z": -0.9877090109905547,
            "ObjectType": "TRAFFIC_SIGN",
            "Occluded": {
                "F_MIDRANGECAM_C": 5.795394599772408e-07
            },
            "Truncated": 0,
            "ObjectMeta": {
                "SourceID": 76,
                "SubType": "us_white_ground_rectangle_unknown",
                "Text": "",
                "OcrVersion": 10006
            }
        },
        {
            "ActorName": "TRAFFIC_SIGN 77",
            "ObjectId": 77,
            "BoundingBox3D Origin X": 12.238857585722144,
            "BoundingBox3D Origin Y": -5.102699975781434,
            "BoundingBox3D Origin Z": 3.112151210196316,
            "BoundingBox3D Extent X": 0.0999999999999999,
            "BoundingBox3D Extent Y": 0.60407060371918,
            "BoundingBox3D Extent Z": 0.2037042366830296,
            "BoundingBox3D Orientation Quat W": -0.1955043877689701,
            "BoundingBox3D Orientation Quat X": -0.0020594098785357,
            "BoundingBox3D Orientation Quat Y": 0.0035517574820883,
            "BoundingBox3D Orientation Quat Z": -0.980694232782482,
            "ObjectType": "TRAFFIC_SIGN",
            "Occluded": {
                "F_MIDRANGECAM_C": 0.0020965582225471
            },
            "Truncated": 0,
            "ObjectMeta": {
                "SourceID": 77,
                "SubType": "us_white_ground_rectangle_unknown",
                "Text": "",
                "OcrVersion": 10006
            }
        },
        {
            "ActorName": "TRAFFIC_SIGN 78",
            "ObjectId": 78,
            "BoundingBox3D Origin X": 78.25738475503385,
            "BoundingBox3D Origin Y": -4.316322306374786,
            "BoundingBox3D Origin Z": 2.3907759822905064,
            "BoundingBox3D Extent X": 0.1,
            "BoundingBox3D Extent Y": 0.3832816087039713,
            "BoundingBox3D Extent Z": 0.4357120768838613,
            "BoundingBox3D Orientation Quat W": -0.103455296316592,
            "BoundingBox3D Orientation Quat X": -0.0017249238412086,
            "BoundingBox3D Orientation Quat Y": 0.0037273021945053,
            "BoundingBox3D Orientation Quat Z": -0.9946256248057052,
            "ObjectType": "TRAFFIC_SIGN",
            "Occluded": {
                "F_MIDRANGECAM_C": 0.9984449744224548
            },
            "Truncated": 0,
            "ObjectMeta": {
                "SourceID": 78,
                "SubType": "unknown",
                "Text": "",
                "OcrVersion": 10006
            }
        },
        {
            "ActorName": "TRAFFIC_SIGN 79",
            "ObjectId": 79,
            "BoundingBox3D Origin X": 87.98355634331529,
            "BoundingBox3D Origin Y": 23.16552528343891,
            "BoundingBox3D Origin Z": 6.096512861549854,
            "BoundingBox3D Extent X": 0.1,
            "BoundingBox3D Extent Y": 1.7107504098693462,
            "BoundingBox3D Extent Z": 0.6034869053535241,
            "BoundingBox3D Orientation Quat W": 0.3141167912106181,
            "BoundingBox3D Orientation Quat X": -4.259779836418625e-05,
            "BoundingBox3D Orientation Quat Y": 0.0041059236359108,
            "BoundingBox3D Orientation Quat Z": -0.9493754689563388,
            "ObjectType": "TRAFFIC_SIGN",
            "Occluded": {
                "F_MIDRANGECAM_C": 0.9119542241096495
            },
            "Truncated": 0,
            "ObjectMeta": {
                "SourceID": 79,
                "SubType": "unknown",
                "Text": "",
                "OcrVersion": 10006
            }
        },
        {
            "ActorName": "TRAFFIC_SIGN 80",
            "ObjectId": 80,
            "BoundingBox3D Origin X": 125.7828961362502,
            "BoundingBox3D Origin Y": 9.444291997744584,
            "BoundingBox3D Origin Z": 6.6208714647218585,
            "BoundingBox3D Extent X": 0.0999999999999999,
            "BoundingBox3D Extent Y": 0.9914366721812164,
            "BoundingBox3D Extent Z": 1.020302161968541,
            "BoundingBox3D Orientation Quat W": 0.1154322517324612,
            "BoundingBox3D Orientation Quat X": -0.0008752619955216,
            "BoundingBox3D Orientation Quat Y": 0.004013105368035,
            "BoundingBox3D Orientation Quat Z": -0.993306863039674,
            "ObjectType": "TRAFFIC_SIGN",
            "Occluded": {
                "F_MIDRANGECAM_C": 0.2990976572036743
            },
            "Truncated": 0,
            "ObjectMeta": {
                "SourceID": 80,
                "SubType": "us_white_ground_rectangle_unknown",
                "Text": "Lt.",
                "OcrVersion": 10006
            }
        },
        {
            "ActorName": "TRAFFIC_SIGN 81",
            "ObjectId": 81,
            "BoundingBox3D Origin X": 126.95062838655213,
            "BoundingBox3D Origin Y": -4.6207824414887,
            "BoundingBox3D Origin Z": 4.736447125673294,
            "BoundingBox3D Extent X": 0.1,
            "BoundingBox3D Extent Y": 0.7463736033616835,
            "BoundingBox3D Extent Z": 0.983651782538956,
            "BoundingBox3D Orientation Quat W": -0.0695755176833369,