{
    "CapturedObjects": [
        {
            "ActorName": "TRAFFIC_SIGN 74",
            "ObjectId": 74,
            "BoundingBox3D Origin X": 16.42238557865494,
            "BoundingBox3D Origin Y": -5.071379208707185,
            "BoundingBox3D Origin Z": 4.025878171436489,
            "BoundingBox3D Extent X": 0.1,
            "BoundingBox3D Extent Y": 1.0443760949039496,
            "BoundingBox3D Extent Z": 0.9445654290099652,
            "BoundingBox3D Orientation Quat W": -0.0629829167073835,
            "BoundingBox3D Orientation Quat X": -0.0074524930358893,
            "BoundingBox3D Orientation Quat Y": 5.863279482831718e-05,
            "BoundingBox3D Orientation Quat Z": -0.997986778025028,
            "ObjectType": "TRAFFIC_SIGN",
            "Occluded": {
                "F_MIDRANGECAM_C": 6.406439933925867e-05
            },
            "Truncated": 0,
            "ObjectMeta": {
                "SourceID": 74,
                "SubType": "us_white_ground_rectangle_unknown",
                "Text": "Ho",
                "OcrVersion": 10006
            }
        },
        {
            "ActorName": "TRAFFIC_SIGN 75",
            "ObjectId": 75,
            "BoundingBox3D Origin X": 5.912946355238091,
            "BoundingBox3D Origin Y": 12.57659215757758,
            "BoundingBox3D Origin Z": 1.3020064057782292,
            "BoundingBox3D Extent X": 0.1,
            "BoundingBox3D Extent Y": 0.9246897276089624,
            "BoundingBox3D Extent Z": 0.4851001072257914,
            "BoundingBox3D Orientation Quat W": 0.3170721950581586,
            "BoundingBox3D Orientation Quat X": -0.0068828062955235,
            "BoundingBox3D Orientation Quat Y": 0.0028578817106575,
            "BoundingBox3D Orientation Quat Z": -0.9483721224343468,
            "ObjectType": "TRAFFIC_SIGN",
            "Occluded": {
                "F_CTCAM_L": 0.0
            },
            "Truncated": 0,
            "ObjectMeta": {
                "SourceID": 75,
                "SubType": "us_white_ground_rectangle_unknown",
                "Text": "",
                "OcrVersion": 10006
            }
        },
        {
            "ActorName": "TRAFFIC_SIGN 76",
            "ObjectId": 76,
            "BoundingBox3D Origin X": 16.365013813003316,
            "BoundingBox3D Origin Y": -5.071025786076461,
            "BoundingBox3D Origin Z": 3.336763920262456,
            "BoundingBox3D Extent X": 0.1,
            "BoundingBox3D Extent Y": 0.6871968100218089,
            "BoundingBox3D Extent Z": 0.273953078968039,
            "BoundingBox3D Orientation Quat W": 0.1565656017770623,
            "BoundingBox3D Orientation Quat X": 0.0074272108255607,
            "BoundingBox3D Orientation Quat Y": 0.0006426135830206,
            "BoundingBox3D Orientation Quat Z": 0.987639426069718,
            "ObjectType": "TRAFFIC_SIGN",
            "Occluded": {
                "F_MIDRANGECAM_C": 5.521421371668112e-06
            },
            "Truncated": 0,
            "ObjectMeta": {
                "SourceID": 76,
                "SubType": "us_white_ground_rectangle_unknown",
                "Text": "",
                "OcrVersion": 10006
            }
        },
        {
            "ActorName": "TRAFFIC_SIGN 77",
            "ObjectId": 77,
            "BoundingBox3D Origin X": 15.84563639269618,
            "BoundingBox3D Origin Y": -5.064393768433547,
            "BoundingBox3D Origin Z": 2.995333422906697,
            "BoundingBox3D Extent X": 0.0999999999999999,
            "BoundingBox3D Extent Y": 0.60407060371918,
            "BoundingBox3D Extent Z": 0.2037042366830296,
            "BoundingBox3D Orientation Quat W": 0.195816765179577,
            "BoundingBox3D Orientation Quat X": 0.0073953737453732,
            "BoundingBox3D Orientation Quat Y": 0.0009382614525133,
            "BoundingBox3D Orientation Quat Z": 0.9806121672645204,
            "ObjectType": "TRAFFIC_SIGN",
            "Occluded": {
                "F_MIDRANGECAM_C": 0.0002701760677155
            },
            "Truncated": 0,
            "ObjectMeta": {
                "SourceID": 77,
                "SubType": "us_white_ground_rectangle_unknown",
                "Text": "",
                "OcrVersion": 10006
            }
        },
        {
            "ActorName": "TRAFFIC_SIGN 78",
            "ObjectId": 78,
            "BoundingBox3D Origin X": 81.851031177619,
            "BoundingBox3D Origin Y": -4.324705365230329,
            "BoundingBox3D Origin Z": 1.4618304027244449,
            "BoundingBox3D Extent X": 0.1,
            "BoundingBox3D Extent Y": 0.3832816087039713,
            "BoundingBox3D Extent Z": 0.4357120768838613,
            "BoundingBox3D Orientation Quat W": 0.1037746558040381,
            "BoundingBox3D Orientation Quat X": 0.0074553909233708,
            "BoundingBox3D Orientation Quat Y": 0.000247029113784,
            "BoundingBox3D Orientation Quat Z": 0.9945728615519076,
            "ObjectType": "TRAFFIC_SIGN",
            "Occluded": {
                "F_MIDRANGECAM_C": 0.9997426867485046
            },
            "Truncated": 0,
            "ObjectMeta": {
                "SourceID": 78,
                "SubType": "unknown",
                "Text": "",
                "OcrVersion": 10006
            }
        },
        {
            "ActorName": "TRAFFIC_SIGN 79",
            "ObjectId": 79,
            "BoundingBox3D Origin X": 91.63716810269398,
            "BoundingBox3D Origin Y": 23.174932956198973,
            "BoundingBox3D Origin Z": 4.863486247137189,
            "BoundingBox3D Extent X": 0.1,
            "BoundingBox3D Extent Y": 1.7107504098693462,
            "BoundingBox3D Extent Z": 0.6034869053535241,
            "BoundingBox3D Orientation Quat W": 0.3137981556041382,
            "BoundingBox3D Orientation Quat X": -0.0068999132727147,
            "BoundingBox3D Orientation Quat Y": 0.0028352099704542,
            "BoundingBox3D Orientation Quat Z": -0.9494604100860092,
            "ObjectType": "TRAFFIC_SIGN",
            "Occluded": {
                "F_MIDRANGECAM_C": 0.161824882030487
            },
            "Truncated": 0,
            "ObjectMeta": {
                "SourceID": 79,
                "SubType": "unknown",
                "Text": "",
                "OcrVersion": 10006
            }
        },
        {
            "ActorName": "TRAFFIC_SIGN 80",
            "ObjectId": 80,
            "BoundingBox3D Origin X": 129.43252860123175,
            "BoundingBox3D Origin Y": 9.433749014102432,
            "BoundingBox3D Origin Z": 5.018080382607877,
            "BoundingBox3D Extent X": 0.0999999999999999,
            "BoundingBox3D Extent Y": 0.9914366721812164,
            "BoundingBox3D Extent Z": 1.020302161968541,
            "BoundingBox3D Orientation Quat W": 0.1151059858128851,
            "BoundingBox3D Orientation Quat X": -0.0073333230036199,
            "BoundingBox3D Orientation Quat Y": 0.0013807372618069,
            "BoundingBox3D Orientation Quat Z": -0.9933251874227204,
            "ObjectType": "TRAFFIC_SIGN",
            "Occluded": {
                "F_MIDRANGECAM_C": 0.9437174201011658
            },
            "Truncated": 0,
            "ObjectMeta": {
                "SourceID": 80,
                "SubType": "us_white_ground_rectangle_unknown",
                "Text": "Lt.",
                "OcrVersion": 10006
            }
        },
        {
            "ActorName": "TRAFFIC_SIGN 81",
            "ObjectId": 81,
            "BoundingBox3D Origin X": 130.56927707341674,
            "BoundingBox3D Origin Y": -4.64424164022239,
            "BoundingBox3D Origin Z": 3.214168388396501,
            "BoundingBox3D Extent X": 0.1,
            "BoundingBox3D Extent Y": 0.7463736033616835,
            "BoundingBox3D Extent Z": 0.983651782538956,
            "BoundingBox3D Orientation Quat W": -0.0698968608398042,
            "BoundingBox3D Orientation Quat X": -0.0074614511035493,