{
    "CapturedObjects": [
        {
            "ActorName": "TRAFFIC_SIGN 70",
            "ObjectId": 70,
            "BoundingBox3D Origin X": 26.015934760733217,
            "BoundingBox3D Origin Y": -4.152075839345343,
            "BoundingBox3D Origin Z": 2.545678596943617,
            "BoundingBox3D Extent X": 0.1,
            "BoundingBox3D Extent Y": 0.3835351811205211,
            "BoundingBox3D Extent Z": 0.510645001842084,
            "BoundingBox3D Orientation Quat W": 0.0813679747227852,
            "BoundingBox3D Orientation Quat X": 0.0015633354956821,
            "BoundingBox3D Orientation Quat Y": 0.0075048356851046,
            "BoundingBox3D Orientation Quat Z": 0.9966546473643616,
            "ObjectType": "TRAFFIC_SIGN",
            "Occluded": {
                "F_MIDRANGECAM_C": 0.0018205470405519
            },
            "Truncated": 0,
            "ObjectMeta": {
                "SourceID": 70,
                "SubType": "us_white_ground_rectangle_unknown",
                "Text": "",
                "OcrVersion": 10006
            }
        },
        {
            "ActorName": "TRAFFIC_SIGN 71",
            "ObjectId": 71,
            "BoundingBox3D Origin X": 52.845106741322525,
            "BoundingBox3D Origin Y": -4.891636284650303,
            "BoundingBox3D Origin Z": 1.0767765743657949,
            "BoundingBox3D Extent X": 0.1,
            "BoundingBox3D Extent Y": 0.4031856189935762,
            "BoundingBox3D Extent Z": 0.4997455218914134,
            "BoundingBox3D Orientation Quat W": 0.0896543519020323,
            "BoundingBox3D Orientation Quat X": 0.0015059446054569,
            "BoundingBox3D Orientation Quat Y": 0.0075174624733249,
            "BoundingBox3D Orientation Quat Z": 0.9959434306595096,
            "ObjectType": "TRAFFIC_SIGN",
            "Occluded": {
                "F_MIDRANGECAM_C": 0.987613558769226
            },
            "Truncated": 0,
            "ObjectMeta": {
                "SourceID": 71,
                "SubType": "unknown",
                "Text": "",
                "OcrVersion": 10006
            }
        },
        {
            "ActorName": "TRAFFIC_SIGN 72",
            "ObjectId": 72,
            "BoundingBox3D Origin X": 54.7790289176919,
            "BoundingBox3D Origin Y": -5.347245620127069,
            "BoundingBox3D Origin Z": 1.6178506184369326,
            "BoundingBox3D Extent X": 0.1,
            "BoundingBox3D Extent Y": 0.9388444663395614,
            "BoundingBox3D Extent Z": 0.3092811740232059,
            "BoundingBox3D Orientation Quat W": 0.262286586602949,
            "BoundingBox3D Orientation Quat X": 0.0001691595818997,
            "BoundingBox3D Orientation Quat Y": 0.0076643935877404,
            "BoundingBox3D Orientation Quat Z": 0.9649595716630524,
            "ObjectType": "TRAFFIC_SIGN",
            "Occluded": {
                "F_MIDRANGECAM_C": 0.7196768522262573
            },
            "Truncated": 0,
            "ObjectMeta": {
                "SourceID": 72,
                "SubType": "us_yellow_ground_rectangle_unknown",
                "Text": "Chock and Shol Chun",
                "OcrVersion": 10006
            }
        },
        {
            "ActorName": "TRAFFIC_SIGN 73",
            "ObjectId": 73,
            "BoundingBox3D Origin X": 67.25638021189661,
            "BoundingBox3D Origin Y": -2.559633446187945,
            "BoundingBox3D Origin Z": 2.553116944618523,
            "BoundingBox3D Extent X": 0.1,
            "BoundingBox3D Extent Y": 0.3362411013069622,
            "BoundingBox3D Extent Z": 0.4807453413399092,
            "BoundingBox3D Orientation Quat W": 0.1386150907182002,
            "BoundingBox3D Orientation Quat X": 0.0011348350674801,
            "BoundingBox3D Orientation Quat Y": 0.0075826844772607,
            "BoundingBox3D Orientation Quat Z": 0.9903166522232538,
            "ObjectType": "TRAFFIC_SIGN",
            "Occluded": {
                "F_MIDRANGECAM_C": 0.962925672531128
            },
            "Truncated": 0,
            "ObjectMeta": {
                "SourceID": 73,
                "SubType": "us_white_ground_rectangle_unknown",
                "Text": "",
                "OcrVersion": 10006
            }
        },
        {
            "ActorName": "TRAFFIC_SIGN 74",
            "ObjectId": 74,
            "BoundingBox3D Origin X": 110.17584029682256,
            "BoundingBox3D Origin Y": -0.855186850661994,
            "BoundingBox3D Origin Z": 3.706002944149077,
            "BoundingBox3D Extent X": 0.1,
            "BoundingBox3D Extent Y": 1.0443760949039496,
            "BoundingBox3D Extent Z": 0.9445654290099652,
            "BoundingBox3D Orientation Quat W": 0.0472815885920078,
            "BoundingBox3D Orientation Quat X": 0.0018262721535821,
            "BoundingBox3D Orientation Quat Y": 0.0074475087756223,
            "BoundingBox3D Orientation Quat Z": 0.9988521666008812,
            "ObjectType": "TRAFFIC_SIGN",
            "Occluded": {
                "F_MIDRANGECAM_C": 0.00074024166679
            },
            "Truncated": 0,
            "ObjectMeta": {
                "SourceID": 74,
                "SubType": "us_white_ground_rectangle_unknown",
                "Text": "Ho",
                "OcrVersion": 10006
            }
        },
        {
            "ActorName": "TRAFFIC_SIGN 75",
            "ObjectId": 75,
            "BoundingBox3D Origin X": 99.14550398583378,
            "BoundingBox3D Origin Y": 16.40781505862833,
            "BoundingBox3D Origin Z": 0.601376174017787,
            "BoundingBox3D Extent X": 0.1,
            "BoundingBox3D Extent Y": 0.9246897276089624,
            "BoundingBox3D Extent Z": 0.4851001072257914,
            "BoundingBox3D Orientation Quat W": -0.3319457412724241,
            "BoundingBox3D Orientation Quat X": 0.0044933078955015,
            "BoundingBox3D Orientation Quat Y": 0.0062148036139223,
            "BoundingBox3D Orientation Quat Z": 0.9432673063619336,
            "ObjectType": "TRAFFIC_SIGN",
            "Occluded": {
                "F_MIDRANGECAM_C": 0.9924288392066956
            },
            "Truncated": 0,
            "ObjectMeta": {
                "SourceID": 75,
                "SubType": "us_white_ground_rectangle_unknown",
                "Text": "",
                "OcrVersion": 10006
            }
        },
        {
            "ActorName": "TRAFFIC_SIGN 76",
            "ObjectId": 76,
            "BoundingBox3D Origin X": 110.12575590119376,
            "BoundingBox3D Origin Y": -0.86718655792356,
            "BoundingBox3D Origin Z": 3.0164266135543585,
            "BoundingBox3D Extent X": 0.1,
            "BoundingBox3D Extent Y": 0.6871968100218089,
            "BoundingBox3D Extent Z": 0.273953078968039,
            "BoundingBox3D Orientation Quat W": 0.1410155867233425,
            "BoundingBox3D Orientation Quat X": 0.0011198509512487,
            "BoundingBox3D Orientation Quat Y": 0.0075859969102453,
            "BoundingBox3D Orientation Quat Z": 0.9899776779734968,
            "ObjectType": "TRAFFIC_SIGN",
            "Occluded": {
                "F_MIDRANGECAM_C": 0.7342972755432129
            },
            "Truncated": 0,
            "ObjectMeta": {
                "SourceID": 76,
                "SubType": "us_white_ground_rectangle_unknown",
                "Text": "",
                "OcrVersion": 10006
            }
        },
        {
            "ActorName": "TRAFFIC_SIGN 77",
            "ObjectId": 77,
            "BoundingBox3D Origin X": 109.61005641817246,
            "BoundingBox3D Origin Y": -0.8822099094395526,
            "BoundingBox3D Origin Z": 2.6697326824069023,
            "BoundingBox3D Extent X": 0.0999999999999999,
            "BoundingBox3D Extent Y": 0.60407060371918,
            "BoundingBox3D Extent Z": 0.2037042366830296,
            "BoundingBox3D Orientation Quat W": 0.1803724813304854,