{
    "CapturedObjects": [
        {
            "ActorName": "TRAFFIC_SIGN 71",
            "ObjectId": 71,
            "BoundingBox3D Origin X": 5.927829230378848,
            "BoundingBox3D Origin Y": -6.917631764052203,
            "BoundingBox3D Origin Z": 1.3671738989651203,
            "BoundingBox3D Extent X": 0.1,
            "BoundingBox3D Extent Y": 0.4031856189935762,
            "BoundingBox3D Extent Z": 0.4997455218914134,
            "BoundingBox3D Orientation Quat W": 0.1096258457273787,
            "BoundingBox3D Orientation Quat X": 0.0003483444219023,
            "BoundingBox3D Orientation Quat Y": 0.0081198197217978,
            "BoundingBox3D Orientation Quat Z": 0.99393969692955,
            "ObjectType": "TRAFFIC_SIGN",
            "Occluded": {
                "F_CTCAM_L": 0.0
            },
            "Truncated": 0,
            "ObjectMeta": {
                "SourceID": 71,
                "SubType": "unknown",
                "Text": "",
                "OcrVersion": 10006
            }
        },
        {
            "ActorName": "TRAFFIC_SIGN 72",
            "ObjectId": 72,
            "BoundingBox3D Origin X": 7.8405763683367695,
            "BoundingBox3D Origin Y": -7.449607933056541,
            "BoundingBox3D Origin Z": 1.9137859549373388,
            "BoundingBox3D Extent X": 0.1,
            "BoundingBox3D Extent Y": 0.9388444663395614,
            "BoundingBox3D Extent Z": 0.3092811740232059,
            "BoundingBox3D Orientation Quat W": 0.2816017613585593,
            "BoundingBox3D Orientation Quat X": -0.0010754977777341,
            "BoundingBox3D Orientation Quat Y": 0.0080555102243485,
            "BoundingBox3D Orientation Quat Z": 0.9594969515633244,
            "ObjectType": "TRAFFIC_SIGN",
            "Occluded": {
                "F_MIDRANGECAM_C": 0.0002594195248093
            },
            "Truncated": 0,
            "ObjectMeta": {
                "SourceID": 72,
                "SubType": "us_yellow_ground_rectangle_unknown",
                "Text": "Chock and Shol Chun",
                "OcrVersion": 10006
            }
        },
        {
            "ActorName": "TRAFFIC_SIGN 73",
            "ObjectId": 73,
            "BoundingBox3D Origin X": 20.417316625493186,
            "BoundingBox3D Origin Y": -5.163235248226556,
            "BoundingBox3D Origin Z": 2.876519916579128,
            "BoundingBox3D Extent X": 0.1,
            "BoundingBox3D Extent Y": 0.3362411013069622,
            "BoundingBox3D Extent Z": 0.4807453413399092,
            "BoundingBox3D Orientation Quat W": 0.1584639823692511,
            "BoundingBox3D Orientation Quat X": -5.0933806423384384e-05,
            "BoundingBox3D Orientation Quat Y": 0.0081273470556871,
            "BoundingBox3D Orientation Quat Z": 0.9873313070733964,
            "ObjectType": "TRAFFIC_SIGN",
            "Occluded": {
                "F_MIDRANGECAM_C": 0.0001977621141122
            },
            "Truncated": 0,
            "ObjectMeta": {
                "SourceID": 73,
                "SubType": "us_white_ground_rectangle_unknown",
                "Text": "",
                "OcrVersion": 10006
            }
        },
        {
            "ActorName": "TRAFFIC_SIGN 74",
            "ObjectId": 74,
            "BoundingBox3D Origin X": 63.367479753987936,
            "BoundingBox3D Origin Y": -5.179834658832988,
            "BoundingBox3D Origin Z": 4.135284191928804,
            "BoundingBox3D Extent X": 0.1,
            "BoundingBox3D Extent Y": 1.0443760949039496,
            "BoundingBox3D Extent Z": 0.9445654290099652,
            "BoundingBox3D Orientation Quat W": 0.0673197876962402,
            "BoundingBox3D Orientation Quat X": 0.0006952313470655,
            "BoundingBox3D Orientation Quat Y": 0.0080983410290661,
            "BoundingBox3D Orientation Quat Z": 0.9976983410382536,
            "ObjectType": "TRAFFIC_SIGN",
            "Occluded": {
                "F_MIDRANGECAM_C": 4.4747798710886855e-06
            },
            "Truncated": 0,
            "ObjectMeta": {
                "SourceID": 74,
                "SubType": "us_white_ground_rectangle_unknown",
                "Text": "Ho",
                "OcrVersion": 10006
            }
        },
        {
            "ActorName": "TRAFFIC_SIGN 75",
            "ObjectId": 75,
            "BoundingBox3D Origin X": 53.04616874555904,
            "BoundingBox3D Origin Y": 12.506977883618674,
            "BoundingBox3D Origin Z": 0.9778901543468236,
            "BoundingBox3D Extent X": 0.1,
            "BoundingBox3D Extent Y": 0.9246897276089624,
            "BoundingBox3D Extent Z": 0.4851001072257914,
            "BoundingBox3D Orientation Quat W": -0.3129485049976707,
            "BoundingBox3D Orientation Quat X": 0.0036899666891372,
            "BoundingBox3D Orientation Quat Y": 0.0072423568508825,
            "BoundingBox3D Orientation Quat Z": 0.9497353134599136,
            "ObjectType": "TRAFFIC_SIGN",
            "Occluded": {
                "F_MIDRANGECAM_C": 0.9977601766586304
            },
            "Truncated": 0,
            "ObjectMeta": {
                "SourceID": 75,
                "SubType": "us_white_ground_rectangle_unknown",
                "Text": "",
                "OcrVersion": 10006
            }
        },
        {
            "ActorName": "TRAFFIC_SIGN 76",
            "ObjectId": 76,
            "BoundingBox3D Origin X": 63.31865052929789,
            "BoundingBox3D Origin Y": -5.190882554088603,
            "BoundingBox3D Origin Z": 3.445601279847324,
            "BoundingBox3D Extent X": 0.1,
            "BoundingBox3D Extent Y": 0.6871968100218089,
            "BoundingBox3D Extent Z": 0.273953078968039,
            "BoundingBox3D Orientation Quat W": 0.1608572023433955,
            "BoundingBox3D Orientation Quat X": -6.721848615641109e-05,
            "BoundingBox3D Orientation Quat Y": 0.0081277188191746,
            "BoundingBox3D Orientation Quat Z": 0.9869442213837252,
            "ObjectType": "TRAFFIC_SIGN",
            "Occluded": {
                "F_MIDRANGECAM_C": 0.989128053188324
            },
            "Truncated": 0,
            "ObjectMeta": {
                "SourceID": 76,
                "SubType": "us_white_ground_rectangle_unknown",
                "Text": "",
                "OcrVersion": 10006
            }
        },
        {
            "ActorName": "TRAFFIC_SIGN 77",
            "ObjectId": 77,
            "BoundingBox3D Origin X": 62.80361954255386,
            "BoundingBox3D Origin Y": -5.185745848255465,
            "BoundingBox3D Origin Z": 3.0976285003125668,
            "BoundingBox3D Extent X": 0.0999999999999999,
            "BoundingBox3D Extent Y": 0.60407060371918,
            "BoundingBox3D Extent Z": 0.2037042366830296,
            "BoundingBox3D Orientation Quat W": 0.2000776312471919,
            "BoundingBox3D Orientation Quat X": -0.0003915107115178,
            "BoundingBox3D Orientation Quat Y": 0.0081185478471794,
            "BoundingBox3D Orientation Quat Z": 0.9797463331774852,
            "ObjectType": "TRAFFIC_SIGN",
            "Occluded": {
                "F_MIDRANGECAM_C": 0.9989424347877502
            },
            "Truncated": 0,
            "ObjectMeta": {
                "SourceID": 77,
                "SubType": "us_white_ground_rectangle_unknown",
                "Text": "",
                "OcrVersion": 10006
            }
        },
        {
            "ActorName": "TRAFFIC_SIGN 78",
            "ObjectId": 78,
            "BoundingBox3D Origin X": 128.82663966669134,
            "BoundingBox3D Origin Y": -5.031220588149154,
            "BoundingBox3D Origin Z": 2.3786039454862475,
            "BoundingBox3D Extent X": 0.1,
            "BoundingBox3D Extent Y": 0.3832816087039713,
            "BoundingBox3D Extent Z": 0.4357120768838613,
            "BoundingBox3D Orientation Quat W": 0.1080966290342141,