{
    "CapturedObjects": [
        {
            "ActorName": "TRAFFIC_SIGN 71",
            "ObjectId": 71,
            "BoundingBox3D Origin X": 17.15806995372259,
            "BoundingBox3D Origin Y": -6.883389881884796,
            "BoundingBox3D Origin Z": 1.2553059635683894,
            "BoundingBox3D Extent X": 0.1,
            "BoundingBox3D Extent Y": 0.4031856189935762,
            "BoundingBox3D Extent Z": 0.4997455218914134,
            "BoundingBox3D Orientation Quat W": 0.1112456054350777,
            "BoundingBox3D Orientation Quat X": 0.0030313425773305,
            "BoundingBox3D Orientation Quat Y": 0.0091584037659578,
            "BoundingBox3D Orientation Quat Z": 0.9937461194258934,
            "ObjectType": "TRAFFIC_SIGN",
            "Occluded": {
                "F_MIDRANGECAM_C": 0.0001763335603754
            },
            "Truncated": 0,
            "ObjectMeta": {
                "SourceID": 71,
                "SubType": "unknown",
                "Text": "",
                "OcrVersion": 10006
            }
        },
        {
            "ActorName": "TRAFFIC_SIGN 72",
            "ObjectId": 72,
            "BoundingBox3D Origin X": 19.072050973227302,
            "BoundingBox3D Origin Y": -7.42088769194379,
            "BoundingBox3D Origin Z": 1.79212957713753,
            "BoundingBox3D Extent X": 0.1,
            "BoundingBox3D Extent Y": 0.9388444663395614,
            "BoundingBox3D Extent Z": 0.3092811740232059,
            "BoundingBox3D Orientation Quat W": 0.2831616867829533,
            "BoundingBox3D Orientation Quat X": 0.0013847099849863,
            "BoundingBox3D Orientation Quat Y": 0.0095476779036801,
            "BoundingBox3D Orientation Quat Z": 0.9590236616283968,
            "ObjectType": "TRAFFIC_SIGN",
            "Occluded": {
                "F_MIDRANGECAM_C": 0.0001164813365903
            },
            "Truncated": 0,
            "ObjectMeta": {
                "SourceID": 72,
                "SubType": "us_yellow_ground_rectangle_unknown",
                "Text": "Chock and Shol Chun",
                "OcrVersion": 10006
            }
        },
        {
            "ActorName": "TRAFFIC_SIGN 73",
            "ObjectId": 73,
            "BoundingBox3D Origin X": 31.661407812163816,
            "BoundingBox3D Origin Y": -5.17476713405631,
            "BoundingBox3D Origin Z": 2.6818975238129497,
            "BoundingBox3D Extent X": 0.1,
            "BoundingBox3D Extent Y": 0.3362411013069622,
            "BoundingBox3D Extent Z": 0.4807453413399092,
            "BoundingBox3D Orientation Quat W": 0.1600718946087085,
            "BoundingBox3D Orientation Quat X": 0.0025775908383517,
            "BoundingBox3D Orientation Quat Y": 0.0092970780643397,
            "BoundingBox3D Orientation Quat Z": 0.987058209489853,
            "ObjectType": "TRAFFIC_SIGN",
            "Occluded": {
                "F_MIDRANGECAM_C": 0.0004346137284301
            },
            "Truncated": 0,
            "ObjectMeta": {
                "SourceID": 73,
                "SubType": "us_white_ground_rectangle_unknown",
                "Text": "",
                "OcrVersion": 10006
            }
        },
        {
            "ActorName": "TRAFFIC_SIGN 74",
            "ObjectId": 74,
            "BoundingBox3D Origin X": 74.61759487781092,
            "BoundingBox3D Origin Y": -5.33171030995436,
            "BoundingBox3D Origin Z": 3.703194917179644,
            "BoundingBox3D Extent X": 0.1,
            "BoundingBox3D Extent Y": 1.0443760949039496,
            "BoundingBox3D Extent Z": 0.9445654290099652,
            "BoundingBox3D Orientation Quat W": 0.0689466060458647,
            "BoundingBox3D Orientation Quat X": 0.0034199690149619,
            "BoundingBox3D Orientation Quat Y": 0.0090218677360257,
            "BoundingBox3D Orientation Quat Z": 0.997573694134547,
            "ObjectType": "TRAFFIC_SIGN",
            "Occluded": {
                "F_MIDRANGECAM_C": 0.0013832200784236
            },
            "Truncated": 0,
            "ObjectMeta": {
                "SourceID": 74,
                "SubType": "us_white_ground_rectangle_unknown",
                "Text": "Ho",
                "OcrVersion": 10006
            }
        },
        {
            "ActorName": "TRAFFIC_SIGN 75",
            "ObjectId": 75,
            "BoundingBox3D Origin X": 64.33736148651224,
            "BoundingBox3D Origin Y": 12.384396389999893,
            "BoundingBox3D Origin Z": 0.5764908706769347,
            "BoundingBox3D Extent X": 0.1,
            "BoundingBox3D Extent Y": 0.9246897276089624,
            "BoundingBox3D Extent Z": 0.4851001072257914,
            "BoundingBox3D Orientation Quat W": -0.3113928999204017,
            "BoundingBox3D Orientation Quat X": 0.0065630818195559,
            "BoundingBox3D Orientation Quat Y": 0.0070718986442807,
            "BoundingBox3D Orientation Quat Z": 0.9502322748074588,
            "ObjectType": "TRAFFIC_SIGN",
            "Occluded": {
                "F_MIDRANGECAM_C": 0.9993194341659546
            },
            "Truncated": 0,
            "ObjectMeta": {
                "SourceID": 75,
                "SubType": "us_white_ground_rectangle_unknown",
                "Text": "",
                "OcrVersion": 10006
            }
        },
        {
            "ActorName": "TRAFFIC_SIGN 76",
            "ObjectId": 76,
            "BoundingBox3D Origin X": 74.56490824421053,
            "BoundingBox3D Origin Y": -5.34361069163424,
            "BoundingBox3D Origin Z": 3.0138077782467008,
            "BoundingBox3D Extent X": 0.1,
            "BoundingBox3D Extent Y": 0.6871968100218089,
            "BoundingBox3D Extent Z": 0.273953078968039,
            "BoundingBox3D Orientation Quat W": 0.1624644322373415,
            "BoundingBox3D Orientation Quat X": 0.0025584622778057,
            "BoundingBox3D Orientation Quat Y": 0.0093038243087235,
            "BoundingBox3D Orientation Quat Z": 0.986667219168552,
            "ObjectType": "TRAFFIC_SIGN",
            "Occluded": {
                "F_MIDRANGECAM_C": 0.9374337196350098
            },
            "Truncated": 0,
            "ObjectMeta": {
                "SourceID": 76,
                "SubType": "us_white_ground_rectangle_unknown",
                "Text": "",
                "OcrVersion": 10006
            }
        },
        {
            "ActorName": "TRAFFIC_SIGN 77",
            "ObjectId": 77,
            "BoundingBox3D Origin X": 74.04797662157944,
            "BoundingBox3D Origin Y": -5.337280690058833,
            "BoundingBox3D Origin Z": 2.6686796583235264,
            "BoundingBox3D Extent X": 0.0999999999999999,
            "BoundingBox3D Extent Y": 0.60407060371918,
            "BoundingBox3D Extent Z": 0.2037042366830296,
            "BoundingBox3D Orientation Quat W": 0.2016722741222899,
            "BoundingBox3D Orientation Quat X": 0.0021851826449131,
            "BoundingBox3D Orientation Quat Y": 0.0093985830214186,
            "BoundingBox3D Orientation Quat Z": 0.9794055265641198,
            "ObjectType": "TRAFFIC_SIGN",
            "Occluded": {
                "F_MIDRANGECAM_C": 0.9982683658599854
            },
            "Truncated": 0,
            "ObjectMeta": {
                "SourceID": 77,
                "SubType": "us_white_ground_rectangle_unknown",
                "Text": "",
                "OcrVersion": 10006
            }
        },
        {
            "ActorName": "TRAFFIC_SIGN 78",
            "ObjectId": 78,
            "BoundingBox3D Origin X": 140.06614330765296,
            "BoundingBox3D Origin Y": -5.402397471378208,
            "BoundingBox3D Origin Z": 1.5843876590952275,
            "BoundingBox3D Extent X": 0.1,
            "BoundingBox3D Extent Y": 0.3832816087039713,
            "BoundingBox3D Extent Z": 0.4357120768838613,
            "BoundingBox3D Orientation Quat W": 0.109716698816024,