{
    "CapturedObjects": [
        {
            "ActorName": "TRAFFIC_SIGN 74",
            "ObjectId": 74,
            "BoundingBox3D Origin X": 20.67942172770563,
            "BoundingBox3D Origin Y": -5.057750169205974,
            "BoundingBox3D Origin Z": 4.348402765579522,
            "BoundingBox3D Extent X": 0.1,
            "BoundingBox3D Extent Y": 1.0443760949039496,
            "BoundingBox3D Extent Z": 0.9445654290099652,
            "BoundingBox3D Orientation Quat W": 0.0642127321341817,
            "BoundingBox3D Orientation Quat X": -0.0021466243750966,
            "BoundingBox3D Orientation Quat Y": 0.0017243100417287,
            "BoundingBox3D Orientation Quat Z": 0.9979324344816816,
            "ObjectType": "TRAFFIC_SIGN",
            "Occluded": {
                "F_MIDRANGECAM_C": 5.108207687953836e-07
            },
            "Truncated": 0,
            "ObjectMeta": {
                "SourceID": 74,
                "SubType": "us_white_ground_rectangle_unknown",
                "Text": "Ho",
                "OcrVersion": 10006
            }
        },
        {
            "ActorName": "TRAFFIC_SIGN 75",
            "ObjectId": 75,
            "BoundingBox3D Origin X": 10.267141849573818,
            "BoundingBox3D Origin Y": 12.60213462899992,
            "BoundingBox3D Origin Z": 1.3421075912192464,
            "BoundingBox3D Extent X": 0.1,
            "BoundingBox3D Extent Y": 0.9246897276089624,
            "BoundingBox3D Extent Z": 0.4851001072257914,
            "BoundingBox3D Orientation Quat W": -0.3159169562485608,
            "BoundingBox3D Orientation Quat X": -0.0013419666889141,
            "BoundingBox3D Orientation Quat Y": 0.0024059372961778,
            "BoundingBox3D Orientation Quat Z": 0.9487828451999848,
            "ObjectType": "TRAFFIC_SIGN",
            "Occluded": {
                "F_MIDRANGECAM_C": 0.0005326989921741
            },
            "Truncated": 0,
            "ObjectMeta": {
                "SourceID": 75,
                "SubType": "us_white_ground_rectangle_unknown",
                "Text": "",
                "OcrVersion": 10006
            }
        },
        {
            "ActorName": "TRAFFIC_SIGN 76",
            "ObjectId": 76,
            "BoundingBox3D Origin X": 20.635106913450727,
            "BoundingBox3D Origin Y": -5.060573943163035,
            "BoundingBox3D Origin Z": 3.658331448212266,
            "BoundingBox3D Extent X": 0.1,
            "BoundingBox3D Extent Y": 0.6871968100218089,
            "BoundingBox3D Extent Z": 0.273953078968039,
            "BoundingBox3D Orientation Quat W": 0.1577856270825171,
            "BoundingBox3D Orientation Quat X": -0.0022967866273925,
            "BoundingBox3D Orientation Quat Y": 0.0015144678208256,
            "BoundingBox3D Orientation Quat Z": 0.9874695575280206,
            "ObjectType": "TRAFFIC_SIGN",
            "Occluded": {
                "F_MIDRANGECAM_C": 1.524649724160554e-05
            },
            "Truncated": 0,
            "ObjectMeta": {
                "SourceID": 76,
                "SubType": "us_white_ground_rectangle_unknown",
                "Text": "",
                "OcrVersion": 10006
            }
        },
        {
            "ActorName": "TRAFFIC_SIGN 77",
            "ObjectId": 77,
            "BoundingBox3D Origin X": 20.122305852426507,
            "BoundingBox3D Origin Y": -5.054343158619304,
            "BoundingBox3D Origin Z": 3.3070992277935147,
            "BoundingBox3D Extent X": 0.0999999999999999,
            "BoundingBox3D Extent Y": 0.60407060371918,
            "BoundingBox3D Extent Z": 0.2037042366830296,
            "BoundingBox3D Orientation Quat W": 0.197029241069472,
            "BoundingBox3D Orientation Quat X": -0.00235558052188,
            "BoundingBox3D Orientation Quat Y": 0.0014215625643601,
            "BoundingBox3D Orientation Quat Z": 0.9803937517976484,
            "ObjectType": "TRAFFIC_SIGN",
            "Occluded": {
                "F_MIDRANGECAM_C": 0.0645461976528167
            },
            "Truncated": 0,
            "ObjectMeta": {
                "SourceID": 77,
                "SubType": "us_white_ground_rectangle_unknown",
                "Text": "",
                "OcrVersion": 10006
            }
        },
        {
            "ActorName": "TRAFFIC_SIGN 78",
            "ObjectId": 78,
            "BoundingBox3D Origin X": 86.14630456320447,
            "BoundingBox3D Origin Y": -4.479734423013724,
            "BoundingBox3D Origin Z": 3.0202696742489934,
            "BoundingBox3D Extent X": 0.1,
            "BoundingBox3D Extent Y": 0.3832816087039713,
            "BoundingBox3D Extent Z": 0.4357120768838613,
            "BoundingBox3D Orientation Quat W": 0.1050016232556957,
            "BoundingBox3D Orientation Quat X": -0.0022085320523153,
            "BoundingBox3D Orientation Quat Y": 0.0016354504000783,
            "BoundingBox3D Orientation Quat Z": 0.9944682532900844,
            "ObjectType": "TRAFFIC_SIGN",
            "Occluded": {
                "F_MIDRANGECAM_C": 0.9973165392875672
            },
            "Truncated": 0,
            "ObjectMeta": {
                "SourceID": 78,
                "SubType": "unknown",
                "Text": "",
                "OcrVersion": 10006
            }
        },
        {
            "ActorName": "TRAFFIC_SIGN 79",
            "ObjectId": 79,
            "BoundingBox3D Origin X": 95.934234841563,
            "BoundingBox3D Origin Y": 23.012734275736875,
            "BoundingBox3D Origin Z": 6.4758080299943686,
            "BoundingBox3D Extent X": 0.1,
            "BoundingBox3D Extent Y": 1.7107504098693462,
            "BoundingBox3D Extent Z": 0.6034869053535241,
            "BoundingBox3D Orientation Quat W": -0.3126414664863053,
            "BoundingBox3D Orientation Quat X": -0.0013429576135533,
            "BoundingBox3D Orientation Quat Y": 0.0024001956273695,
            "BoundingBox3D Orientation Quat Z": 0.9498672270160136,
            "ObjectType": "TRAFFIC_SIGN",
            "Occluded": {
                "F_MIDRANGECAM_C": 0.9935010075569152
            },
            "Truncated": 0,
            "ObjectMeta": {
                "SourceID": 79,
                "SubType": "unknown",
                "Text": "",
                "OcrVersion": 10006
            }
        },
        {
            "ActorName": "TRAFFIC_SIGN 80",
            "ObjectId": 80,
            "BoundingBox3D Origin X": 133.6856693371592,
            "BoundingBox3D Origin Y": 9.182067313628067,
            "BoundingBox3D Origin Z": 7.411429111845791,
            "BoundingBox3D Extent X": 0.0999999999999999,
            "BoundingBox3D Extent Y": 0.9914366721812164,
            "BoundingBox3D Extent Z": 1.020302161968541,
            "BoundingBox3D Orientation Quat W": -0.1138882893763706,
            "BoundingBox3D Orientation Quat X": -0.0017977321350041,
            "BoundingBox3D Orientation Quat Y": 0.0020777728505894,
            "BoundingBox3D Orientation Quat Z": 0.9934897626860963,
            "ObjectType": "TRAFFIC_SIGN",
            "Occluded": {
                "F_MIDRANGECAM_C": 0.0176172088831663
            },
            "Truncated": 0,
            "ObjectMeta": {
                "SourceID": 80,
                "SubType": "us_white_ground_rectangle_unknown",
                "Text": "Lt.",
                "OcrVersion": 10006
            }
        },
        {
            "ActorName": "TRAFFIC_SIGN 81",
            "ObjectId": 81,
            "BoundingBox3D Origin X": 134.82154143227672,
            "BoundingBox3D Origin Y": -4.907238996289379,
            "BoundingBox3D Origin Z": 5.696338782086968,
            "BoundingBox3D Extent X": 0.1,
            "BoundingBox3D Extent Y": 0.7463736033616835,
            "BoundingBox3D Extent Z": 0.983651782538956,
            "BoundingBox3D Orientation Quat W": 0.0711263678472906,