{
    "CapturedObjects": [
        {
            "ActorName": "TRAFFIC_SIGN 71",
            "ObjectId": 71,
            "BoundingBox3D Origin X": 13.441250777475943,
            "BoundingBox3D Origin Y": -6.892547648516484,
            "BoundingBox3D Origin Z": 1.3004599465057254,
            "BoundingBox3D Extent X": 0.1,
            "BoundingBox3D Extent Y": 0.4031856189935762,
            "BoundingBox3D Extent Z": 0.4997455218914134,
            "BoundingBox3D Orientation Quat W": 0.1107105257875923,
            "BoundingBox3D Orientation Quat X": 0.0017367972654325,
            "BoundingBox3D Orientation Quat Y": 0.0076974615889721,
            "BoundingBox3D Orientation Quat Z": 0.9938213683052805,
            "ObjectType": "TRAFFIC_SIGN",
            "Occluded": {
                "F_MIDRANGECAM_C": 1.4892649232933763e-05
            },
            "Truncated": 0,
            "ObjectMeta": {
                "SourceID": 71,
                "SubType": "unknown",
                "Text": "",
                "OcrVersion": 10006
            }
        },
        {
            "ActorName": "TRAFFIC_SIGN 72",
            "ObjectId": 72,
            "BoundingBox3D Origin X": 15.354277640406508,
            "BoundingBox3D Origin Y": -7.429366312382626,
            "BoundingBox3D Origin Z": 1.841394050978124,
            "BoundingBox3D Extent X": 0.1,
            "BoundingBox3D Extent Y": 0.9388444663395614,
            "BoundingBox3D Extent Z": 0.3092811740232059,
            "BoundingBox3D Orientation Quat W": 0.2826478955807553,
            "BoundingBox3D Orientation Quat X": 0.0003647682324473,
            "BoundingBox3D Orientation Quat Y": 0.0078825540580899,
            "BoundingBox3D Orientation Quat Z": 0.959191273630775,
            "ObjectType": "TRAFFIC_SIGN",
            "Occluded": {
                "F_MIDRANGECAM_C": 9.159594810626004e-06
            },
            "Truncated": 0,
            "ObjectMeta": {
                "SourceID": 72,
                "SubType": "us_yellow_ground_rectangle_unknown",
                "Text": "Chock and Shol Chun",
                "OcrVersion": 10006
            }
        },
        {
            "ActorName": "TRAFFIC_SIGN 73",
            "ObjectId": 73,
            "BoundingBox3D Origin X": 27.93863868650078,
            "BoundingBox3D Origin Y": -5.171832819047268,
            "BoundingBox3D Origin Z": 2.77334897313267,
            "BoundingBox3D Extent X": 0.1,
            "BoundingBox3D Extent Y": 0.3362411013069622,
            "BoundingBox3D Extent Z": 0.4807453413399092,
            "BoundingBox3D Orientation Quat W": 0.1595411449596802,
            "BoundingBox3D Orientation Quat X": 0.0013564542389294,
            "BoundingBox3D Orientation Quat Y": 0.0077739751888821,
            "BoundingBox3D Orientation Quat Z": 0.9871597380397028,
            "ObjectType": "TRAFFIC_SIGN",
            "Occluded": {
                "F_MIDRANGECAM_C": 5.4927237215451896e-05
            },
            "Truncated": 0,
            "ObjectMeta": {
                "SourceID": 73,
                "SubType": "us_white_ground_rectangle_unknown",
                "Text": "",
                "OcrVersion": 10006
            }
        },
        {
            "ActorName": "TRAFFIC_SIGN 74",
            "ObjectId": 74,
            "BoundingBox3D Origin X": 70.89219986368698,
            "BoundingBox3D Origin Y": -5.284583465312608,
            "BoundingBox3D Origin Z": 3.918170044198632,
            "BoundingBox3D Extent X": 0.1,
            "BoundingBox3D Extent Y": 1.0443760949039496,
            "BoundingBox3D Extent Z": 0.9445654290099652,
            "BoundingBox3D Orientation Quat W": 0.068408833199562,
            "BoundingBox3D Orientation Quat X": 0.0020646641842035,
            "BoundingBox3D Orientation Quat Y": 0.0076173601320024,
            "BoundingBox3D Orientation Quat Z": 0.997626154692578,
            "ObjectType": "TRAFFIC_SIGN",
            "Occluded": {
                "F_MIDRANGECAM_C": 1.4398354323930109e-05
            },
            "Truncated": 0,
            "ObjectMeta": {
                "SourceID": 74,
                "SubType": "us_white_ground_rectangle_unknown",
                "Text": "Ho",
                "OcrVersion": 10006
            }
        },
        {
            "ActorName": "TRAFFIC_SIGN 75",
            "ObjectId": 75,
            "BoundingBox3D Origin X": 60.60149537234975,
            "BoundingBox3D Origin Y": 12.428571196782286,
            "BoundingBox3D Origin Z": 0.8081628438085318,
            "BoundingBox3D Extent X": 0.1,
            "BoundingBox3D Extent Y": 0.9246897276089624,
            "BoundingBox3D Extent Z": 0.4851001072257914,
            "BoundingBox3D Orientation Quat W": -0.3119108351452236,
            "BoundingBox3D Orientation Quat X": 0.0047792520026195,
            "BoundingBox3D Orientation Quat Y": 0.0062818749533583,
            "BoundingBox3D Orientation Quat Z": 0.9500785902841802,
            "ObjectType": "TRAFFIC_SIGN",
            "Occluded": {
                "F_MIDRANGECAM_C": 0.997156023979187
            },
            "Truncated": 0,
            "ObjectMeta": {
                "SourceID": 75,
                "SubType": "us_white_ground_rectangle_unknown",
                "Text": "",
                "OcrVersion": 10006
            }
        },
        {
            "ActorName": "TRAFFIC_SIGN 76",
            "ObjectId": 76,
            "BoundingBox3D Origin X": 70.84151894476236,
            "BoundingBox3D Origin Y": -5.294734345705365,
            "BoundingBox3D Origin Z": 3.228608557023108,
            "BoundingBox3D Extent X": 0.1,
            "BoundingBox3D Extent Y": 0.6871968100218089,
            "BoundingBox3D Extent Z": 0.273953078968039,
            "BoundingBox3D Orientation Quat W": 0.1619339252578595,
            "BoundingBox3D Orientation Quat X": 0.001341013797698,
            "BoundingBox3D Orientation Quat Y": 0.0077777604721862,
            "BoundingBox3D Orientation Quat Z": 0.9867700400673975,
            "ObjectType": "TRAFFIC_SIGN",
            "Occluded": {
                "F_MIDRANGECAM_C": 0.9959012866020204
            },
            "Truncated": 0,
            "ObjectMeta": {
                "SourceID": 76,
                "SubType": "us_white_ground_rectangle_unknown",
                "Text": "",
                "OcrVersion": 10006
            }
        },
        {
            "ActorName": "TRAFFIC_SIGN 77",
            "ObjectId": 77,
            "BoundingBox3D Origin X": 70.32557618012652,
            "BoundingBox3D Origin Y": -5.288063695508754,
            "BoundingBox3D Origin Z": 2.8820098182186484,
            "BoundingBox3D Extent X": 0.0999999999999999,
            "BoundingBox3D Extent Y": 0.60407060371918,
            "BoundingBox3D Extent Z": 0.2037042366830296,
            "BoundingBox3D Orientation Quat W": 0.2011462674252411,
            "BoundingBox3D Orientation Quat X": 0.0010294112551864,
            "BoundingBox3D Orientation Quat Y": 0.0078250879177701,
            "BoundingBox3D Orientation Quat Z": 0.979529421412364,
            "ObjectType": "TRAFFIC_SIGN",
            "Occluded": {
                "F_MIDRANGECAM_C": 0.9983612895011902
            },
            "Truncated": 0,
            "ObjectMeta": {
                "SourceID": 77,
                "SubType": "us_white_ground_rectangle_unknown",
                "Text": "",
                "OcrVersion": 10006
            }
        },
        {
            "ActorName": "TRAFFIC_SIGN 78",
            "ObjectId": 78,
            "BoundingBox3D Origin X": 136.34718532770057,
            "BoundingBox3D Origin Y": -5.278305081475992,
            "BoundingBox3D Origin Z": 1.988052139990032,
            "BoundingBox3D Extent X": 0.1,
            "BoundingBox3D Extent Y": 0.3832816087039713,
            "BoundingBox3D Extent Z": 0.4357120768838613,
            "BoundingBox3D Orientation Quat W": 0.1091814946392052,