{
    "CapturedObjects": [
        {
            "ActorName": "TRAFFIC_SIGN 74",
            "ObjectId": 74,
            "BoundingBox3D Origin X": 25.088970536333363,
            "BoundingBox3D Origin Y": -5.0129712070920505,
            "BoundingBox3D Origin Z": 4.265984978526831,
            "BoundingBox3D Extent X": 0.1,
            "BoundingBox3D Extent Y": 1.0443760949039496,
            "BoundingBox3D Extent Z": 0.9445654290099652,
            "BoundingBox3D Orientation Quat W": 0.0641981091314837,
            "BoundingBox3D Orientation Quat X": 0.0001029817024948,
            "BoundingBox3D Orientation Quat Y": 0.0038940598529686,
            "BoundingBox3D Orientation Quat Z": 0.9979295708999572,
            "ObjectType": "TRAFFIC_SIGN",
            "Occluded": {
                "F_MIDRANGECAM_C": 3.128888693026965e-06
            },
            "Truncated": 0,
            "ObjectMeta": {
                "SourceID": 74,
                "SubType": "us_white_ground_rectangle_unknown",
                "Text": "Ho",
                "OcrVersion": 10006
            }
        },
        {
            "ActorName": "TRAFFIC_SIGN 75",
            "ObjectId": 75,
            "BoundingBox3D Origin X": 14.662118476253454,
            "BoundingBox3D Origin Y": 12.634450315861612,
            "BoundingBox3D Origin Z": 1.237841846421361,
            "BoundingBox3D Extent X": 0.1,
            "BoundingBox3D Extent Y": 0.9246897276089624,
            "BoundingBox3D Extent Z": 0.4851001072257914,
            "BoundingBox3D Orientation Quat W": -0.315926696844822,
            "BoundingBox3D Orientation Quat X": 0.001560623058325,
            "BoundingBox3D Orientation Quat Y": 0.0035699055039773,
            "BoundingBox3D Orientation Quat Z": 0.948775601736829,
            "ObjectType": "TRAFFIC_SIGN",
            "Occluded": {
                "F_MIDRANGECAM_C": 9.539085112919564e-06
            },
            "Truncated": 0,
            "ObjectMeta": {
                "SourceID": 75,
                "SubType": "us_white_ground_rectangle_unknown",
                "Text": "",
                "OcrVersion": 10006
            }
        },
        {
            "ActorName": "TRAFFIC_SIGN 76",
            "ObjectId": 76,
            "BoundingBox3D Origin X": 25.041364169302145,
            "BoundingBox3D Origin Y": -5.018583838827908,
            "BoundingBox3D Origin Z": 3.5761535186320543,
            "BoundingBox3D Extent X": 0.1,
            "BoundingBox3D Extent Y": 0.6871968100218089,
            "BoundingBox3D Extent Z": 0.273953078968039,
            "BoundingBox3D Orientation Quat W": 0.1577700654727069,
            "BoundingBox3D Orientation Quat X": -0.0002616817051409,
            "BoundingBox3D Orientation Quat Y": 0.0038864573762277,
            "BoundingBox3D Orientation Quat Z": 0.9874681936206782,
            "ObjectType": "TRAFFIC_SIGN",
            "Occluded": {
                "F_MIDRANGECAM_C": 5.2587140089599416e-05
            },
            "Truncated": 0,
            "ObjectMeta": {
                "SourceID": 76,
                "SubType": "us_white_ground_rectangle_unknown",
                "Text": "",
                "OcrVersion": 10006
            }
        },
        {
            "ActorName": "TRAFFIC_SIGN 77",
            "ObjectId": 77,
            "BoundingBox3D Origin X": 24.52689310595997,
            "BoundingBox3D Origin Y": -5.013773130871414,
            "BoundingBox3D Origin Z": 3.227349705994129,
            "BoundingBox3D Extent X": 0.0999999999999999,
            "BoundingBox3D Extent Y": 0.60407060371918,
            "BoundingBox3D Extent Z": 0.2037042366830296,
            "BoundingBox3D Orientation Quat W": 0.1970133823802911,
            "BoundingBox3D Orientation Quat X": -0.0004168257555241,
            "BoundingBox3D Orientation Quat Y": 0.0038729627375765,
            "BoundingBox3D Orientation Quat Z": 0.980393060756246,
            "ObjectType": "TRAFFIC_SIGN",
            "Occluded": {
                "F_MIDRANGECAM_C": 0.0379391126334667
            },
            "Truncated": 0,
            "ObjectMeta": {
                "SourceID": 77,
                "SubType": "us_white_ground_rectangle_unknown",
                "Text": "",
                "OcrVersion": 10006
            }
        },
        {
            "ActorName": "TRAFFIC_SIGN 78",
            "ObjectId": 78,
            "BoundingBox3D Origin X": 90.5487740185763,
            "BoundingBox3D Origin Y": -4.440269824117422,
            "BoundingBox3D Origin Z": 2.623408682644367,
            "BoundingBox3D Extent X": 0.1,
            "BoundingBox3D Extent Y": 0.3832816087039713,
            "BoundingBox3D Extent Z": 0.4357120768838613,
            "BoundingBox3D Orientation Quat W": 0.1049865651683696,
            "BoundingBox3D Orientation Quat X": -4.9819886090936565e-05,
            "BoundingBox3D Orientation Quat Y": 0.0038955628981028,
            "BoundingBox3D Orientation Quat Z": 0.9944660090932388,
            "ObjectType": "TRAFFIC_SIGN",
            "Occluded": {
                "F_MIDRANGECAM_C": 0.9998302459716796
            },
            "Truncated": 0,
            "ObjectMeta": {
                "SourceID": 78,
                "SubType": "unknown",
                "Text": "",
                "OcrVersion": 10006
            }
        },
        {
            "ActorName": "TRAFFIC_SIGN 79",
            "ObjectId": 79,
            "BoundingBox3D Origin X": 100.35254060817078,
            "BoundingBox3D Origin Y": 23.06570100517274,
            "BoundingBox3D Origin Z": 5.920781503431499,
            "BoundingBox3D Extent X": 0.1,
            "BoundingBox3D Extent Y": 1.7107504098693462,
            "BoundingBox3D Extent Z": 0.6034869053535241,
            "BoundingBox3D Orientation Quat W": -0.3126512252052948,
            "BoundingBox3D Orientation Quat X": 0.0015555837273582,
            "BoundingBox3D Orientation Quat Y": 0.003574158897987,
            "BoundingBox3D Orientation Quat Z": 0.9498599985919332,
            "ObjectType": "TRAFFIC_SIGN",
            "Occluded": {
                "F_MIDRANGECAM_C": 0.9983524084091188
            },
            "Truncated": 0,
            "ObjectMeta": {
                "SourceID": 79,
                "SubType": "unknown",
                "Text": "",
                "OcrVersion": 10006
            }
        },
        {
            "ActorName": "TRAFFIC_SIGN 80",
            "ObjectId": 80,
            "BoundingBox3D Origin X": 138.10828798491093,
            "BoundingBox3D Origin Y": 9.239089400842204,
            "BoundingBox3D Origin Z": 6.732436161488295,
            "BoundingBox3D Extent X": 0.0999999999999999,
            "BoundingBox3D Extent Y": 0.9914366721812164,
            "BoundingBox3D Extent Z": 1.020302161968541,
            "BoundingBox3D Orientation Quat W": -0.1139005629617973,
            "BoundingBox3D Orientation Quat X": 0.000802157048892,
            "BoundingBox3D Orientation Quat Y": 0.0038136341580151,
            "BoundingBox3D Orientation Quat Z": 0.993484511452274,
            "ObjectType": "TRAFFIC_SIGN",
            "Occluded": {
                "F_MIDRANGECAM_C": 0.987618923187256
            },
            "Truncated": 0,
            "ObjectMeta": {
                "SourceID": 80,
                "SubType": "us_white_ground_rectangle_unknown",
                "Text": "Lt.",
                "OcrVersion": 10006
            }
        },
        {
            "ActorName": "TRAFFIC_SIGN 81",
            "ObjectId": 81,
            "BoundingBox3D Origin X": 139.23624172897962,
            "BoundingBox3D Origin Y": -4.856905024666048,
            "BoundingBox3D Origin Z": 5.069069449789822,
            "BoundingBox3D Extent X": 0.1,
            "BoundingBox3D Extent Y": 0.7463736033616835,
            "BoundingBox3D Extent Z": 0.983651782538956,
            "BoundingBox3D Orientation Quat W": 0.0711116815976042,