{
    "CapturedObjects": [
        {
            "ActorName": "TRAFFIC_SIGN 78",
            "ObjectId": 78,
            "BoundingBox3D Origin X": 48.45562285070992,
            "BoundingBox3D Origin Y": -4.868063226283994,
            "BoundingBox3D Origin Z": 2.45631470810622,
            "BoundingBox3D Extent X": 0.1,
            "BoundingBox3D Extent Y": 0.3832816087039713,
            "BoundingBox3D Extent Z": 0.4357120768838613,
            "BoundingBox3D Orientation Quat W": 0.1067938793717305,
            "BoundingBox3D Orientation Quat X": 0.0020498694479894,
            "BoundingBox3D Orientation Quat Y": 0.0042274347234653,
            "BoundingBox3D Orientation Quat Z": 0.994270081094489,
            "ObjectType": "TRAFFIC_SIGN",
            "Occluded": {
                "F_MIDRANGECAM_C": 0.9733952283859252
            },
            "Truncated": 0,
            "ObjectMeta": {
                "SourceID": 78,
                "SubType": "unknown",
                "Text": "",
                "OcrVersion": 10006
            }
        },
        {
            "ActorName": "TRAFFIC_SIGN 79",
            "ObjectId": 79,
            "BoundingBox3D Origin X": 58.37388929277222,
            "BoundingBox3D Origin Y": 22.602869567206653,
            "BoundingBox3D Origin Z": 5.705822544172406,
            "BoundingBox3D Extent X": 0.1,
            "BoundingBox3D Extent Y": 1.7107504098693462,
            "BoundingBox3D Extent Z": 0.6034869053535241,
            "BoundingBox3D Orientation Quat W": -0.3109226008634427,
            "BoundingBox3D Orientation Quat X": 0.0036071951533339,
            "BoundingBox3D Orientation Quat Y": 0.0030138031147121,
            "BoundingBox3D Orientation Quat Z": 0.9504236115576168,
            "ObjectType": "TRAFFIC_SIGN",
            "Occluded": {
                "F_MIDRANGECAM_C": 0.6634410619735718
            },
            "Truncated": 0,
            "ObjectMeta": {
                "SourceID": 79,
                "SubType": "unknown",
                "Text": "",
                "OcrVersion": 10006
            }
        },
        {
            "ActorName": "TRAFFIC_SIGN 80",
            "ObjectId": 80,
            "BoundingBox3D Origin X": 96.0821463705397,
            "BoundingBox3D Origin Y": 8.638523223089578,
            "BoundingBox3D Origin Z": 6.360989578999579,
            "BoundingBox3D Extent X": 0.0999999999999999,
            "BoundingBox3D Extent Y": 0.9914366721812164,
            "BoundingBox3D Extent Z": 1.020302161968541,
            "BoundingBox3D Orientation Quat W": -0.1120944285202419,
            "BoundingBox3D Orientation Quat X": 0.002924141554855,
            "BoundingBox3D Orientation Quat Y": 0.0036802114535269,
            "BoundingBox3D Orientation Quat Z": 0.9936864417584376,
            "ObjectType": "TRAFFIC_SIGN",
            "Occluded": {
                "F_MIDRANGECAM_C": 0.99063241481781
            },
            "Truncated": 0,
            "ObjectMeta": {
                "SourceID": 80,
                "SubType": "us_white_ground_rectangle_unknown",
                "Text": "Lt.",
                "OcrVersion": 10006
            }
        },
        {
            "ActorName": "TRAFFIC_SIGN 81",
            "ObjectId": 81,
            "BoundingBox3D Origin X": 97.15147813275688,
            "BoundingBox3D Origin Y": -5.461975649879605,
            "BoundingBox3D Origin Z": 4.696131654083729,
            "BoundingBox3D Extent X": 0.1,
            "BoundingBox3D Extent Y": 0.7463736033616835,
            "BoundingBox3D Extent Z": 0.983651782538956,
            "BoundingBox3D Orientation Quat W": 0.0729244431375163,
            "BoundingBox3D Orientation Quat X": 0.002194520137705,
            "BoundingBox3D Orientation Quat Y": 0.0041555585633638,
            "BoundingBox3D Orientation Quat Z": 0.9973263964257012,
            "ObjectType": "TRAFFIC_SIGN",
            "Occluded": {
                "F_MIDRANGECAM_C": 0.662091076374054
            },
            "Truncated": 0,
            "ObjectMeta": {
                "SourceID": 81,
                "SubType": "us_white_ground_rectangle_unknown",
                "Text": "A",
                "OcrVersion": 10006
            }
        },
        {
            "ActorName": "TRAFFIC_SIGN 82",
            "ObjectId": 82,
            "BoundingBox3D Origin X": 97.0648953753116,
            "BoundingBox3D Origin Y": -1.2838831674453104,
            "BoundingBox3D Origin Z": 5.719872337765992,
            "BoundingBox3D Extent X": 0.1,
            "BoundingBox3D Extent Y": 2.213188412608715,
            "BoundingBox3D Extent Z": 0.5427212993728956,
            "BoundingBox3D Orientation Quat W": 0.0157761998306531,
            "BoundingBox3D Orientation Quat X": 0.0024292310830396,
            "BoundingBox3D Orientation Quat Y": 0.0040232460412573,
            "BoundingBox3D Orientation Quat Z": 0.9998645027435168,
            "ObjectType": "TRAFFIC_SIGN",
            "Occluded": {
                "F_MIDRANGECAM_C": 0.9810163378715516
            },
            "Truncated": 0,
            "ObjectMeta": {
                "SourceID": 82,
                "SubType": "unknown",
                "Text": "",
                "OcrVersion": 10006
            }
        },
        {
            "ActorName": "TRAFFIC_SIGN 83",
            "ObjectId": 83,
            "BoundingBox3D Origin X": 93.10605216045953,
            "BoundingBox3D Origin Y": -10.643765045475448,
            "BoundingBox3D Origin Z": 3.0249532889574766,
            "BoundingBox3D Extent X": 0.1,
            "BoundingBox3D Extent Y": 0.5022577767826779,
            "BoundingBox3D Extent Z": 0.4764159543296132,
            "BoundingBox3D Orientation Quat W": 0.1577649211712601,
            "BoundingBox3D Orientation Quat X": 0.0018330195807477,
            "BoundingBox3D Orientation Quat Y": 0.0043275170721849,
            "BoundingBox3D Orientation Quat Z": 0.987465514477864,
            "ObjectType": "TRAFFIC_SIGN",
            "Occluded": {
                "F_MIDRANGECAM_C": 0.9995961785316468
            },
            "Truncated": 0,
            "ObjectMeta": {
                "SourceID": 83,
                "SubType": "unknown",
                "Text": "",
                "OcrVersion": 10006
            }
        },
        {
            "ActorName": "TRAFFIC_SIGN 84",
            "ObjectId": 84,
            "BoundingBox3D Origin X": 93.79912818542287,
            "BoundingBox3D Origin Y": -10.708322937818592,
            "BoundingBox3D Origin Z": 2.263641156256199,
            "BoundingBox3D Extent X": 0.1,
            "BoundingBox3D Extent Y": 0.5902100148686099,
            "BoundingBox3D Extent Z": 0.6262998747597067,
            "BoundingBox3D Orientation Quat W": 0.412521290877234,
            "BoundingBox3D Orientation Quat X": 0.0006269590963238,
            "BoundingBox3D Orientation Quat Y": 0.0046587713703198,
            "BoundingBox3D Orientation Quat Z": 0.9109358305306644,
            "ObjectType": "TRAFFIC_SIGN",
            "Occluded": {
                "F_MIDRANGECAM_C": 0.9994995594024658
            },
            "Truncated": 0,
            "ObjectMeta": {
                "SourceID": 84,
                "SubType": "us_white_ground_rectangle_unknown",
                "Text": "",
                "OcrVersion": 10006
            }
        },
        {
            "ActorName": "TRAFFIC_SIGN 85",
            "ObjectId": 85,
            "BoundingBox3D Origin X": 96.71039713084248,
            "BoundingBox3D Origin Y": -9.113590749075229,
            "BoundingBox3D Origin Z": 2.199856920167804,
            "BoundingBox3D Extent X": 0.1,
            "BoundingBox3D Extent Y": 0.4321764308658682,
            "BoundingBox3D Extent Z": 0.619127164289498,
            "BoundingBox3D Orientation Quat W": 0.1495984618383731,
            "BoundingBox3D Orientation Quat X": 0.001868298139464,
            "BoundingBox3D Orientation Quat Y": 0.0043124577711841,