{
    "CapturedObjects": [
        {
            "ActorName": "TRAFFIC_SIGN 74",
            "ObjectId": 74,
            "BoundingBox3D Origin X": 26.56410063376461,
            "BoundingBox3D Origin Y": -4.998745980505191,
            "BoundingBox3D Origin Z": 4.261730534024537,
            "BoundingBox3D Extent X": 0.1,
            "BoundingBox3D Extent Y": 1.0443760949039496,
            "BoundingBox3D Extent Z": 0.9445654290099652,
            "BoundingBox3D Orientation Quat W": 0.0641084767479868,
            "BoundingBox3D Orientation Quat X": 0.0001847714511234,
            "BoundingBox3D Orientation Quat Y": 0.004005411413025,
            "BoundingBox3D Orientation Quat Z": 0.997934880514744,
            "ObjectType": "TRAFFIC_SIGN",
            "Occluded": {
                "F_MIDRANGECAM_C": 2.578728071966907e-06
            },
            "Truncated": 0,
            "ObjectMeta": {
                "SourceID": 74,
                "SubType": "us_white_ground_rectangle_unknown",
                "Text": "Ho",
                "OcrVersion": 10006
            }
        },
        {
            "ActorName": "TRAFFIC_SIGN 75",
            "ObjectId": 75,
            "BoundingBox3D Origin X": 16.13349148641919,
            "BoundingBox3D Origin Y": 12.64628891684697,
            "BoundingBox3D Origin Z": 1.231681172735989,
            "BoundingBox3D Extent X": 0.1,
            "BoundingBox3D Extent Y": 0.9246897276089624,
            "BoundingBox3D Extent Z": 0.4851001072257914,
            "BoundingBox3D Orientation Quat W": -0.3160133491803935,
            "BoundingBox3D Orientation Quat X": 0.0016783939662592,
            "BoundingBox3D Orientation Quat Y": 0.0036416147407207,
            "BoundingBox3D Orientation Quat Z": 0.9487462699666148,
            "ObjectType": "TRAFFIC_SIGN",
            "Occluded": {
                "F_MIDRANGECAM_C": 5.7780384850048e-06
            },
            "Truncated": 0,
            "ObjectMeta": {
                "SourceID": 75,
                "SubType": "us_white_ground_rectangle_unknown",
                "Text": "",
                "OcrVersion": 10006
            }
        },
        {
            "ActorName": "TRAFFIC_SIGN 76",
            "ObjectId": 76,
            "BoundingBox3D Origin X": 26.516370879748138,
            "BoundingBox3D Origin Y": -5.004513054023846,
            "BoundingBox3D Origin Z": 3.571904882788658,
            "BoundingBox3D Extent X": 0.1,
            "BoundingBox3D Extent Y": 0.6871968100218089,
            "BoundingBox3D Extent Z": 0.273953078968039,
            "BoundingBox3D Orientation Quat W": 0.1576816996588703,
            "BoundingBox3D Orientation Quat X": -0.0001906653460731,
            "BoundingBox3D Orientation Quat Y": 0.0040051843666575,
            "BoundingBox3D Orientation Quat Z": 0.9874818498269244,
            "ObjectType": "TRAFFIC_SIGN",
            "Occluded": {
                "F_MIDRANGECAM_C": 0.0004257698892615
            },
            "Truncated": 0,
            "ObjectMeta": {
                "SourceID": 76,
                "SubType": "us_white_ground_rectangle_unknown",
                "Text": "",
                "OcrVersion": 10006
            }
        },
        {
            "ActorName": "TRAFFIC_SIGN 77",
            "ObjectId": 77,
            "BoundingBox3D Origin X": 26.00183497158924,
            "BoundingBox3D Origin Y": -4.999868443825108,
            "BoundingBox3D Origin Z": 3.223188804462552,
            "BoundingBox3D Extent X": 0.0999999999999999,
            "BoundingBox3D Extent Y": 0.60407060371918,
            "BoundingBox3D Extent Z": 0.2037042366830296,
            "BoundingBox3D Orientation Quat W": 0.1969257494288524,
            "BoundingBox3D Orientation Quat X": -0.0003505565326408,
            "BoundingBox3D Orientation Quat Y": 0.0039944935910916,
            "BoundingBox3D Orientation Quat Z": 0.9804102051401516,
            "ObjectType": "TRAFFIC_SIGN",
            "Occluded": {
                "F_MIDRANGECAM_C": 0.0967234373092651
            },
            "Truncated": 0,
            "ObjectMeta": {
                "SourceID": 77,
                "SubType": "us_white_ground_rectangle_unknown",
                "Text": "",
                "OcrVersion": 10006
            }
        },
        {
            "ActorName": "TRAFFIC_SIGN 78",
            "ObjectId": 78,
            "BoundingBox3D Origin X": 92.02364802373722,
            "BoundingBox3D Origin Y": -4.414633143860556,
            "BoundingBox3D Origin Z": 2.6074896492064,
            "BoundingBox3D Extent X": 0.1,
            "BoundingBox3D Extent Y": 0.3832816087039713,
            "BoundingBox3D Extent Z": 0.4357120768838613,
            "BoundingBox3D Orientation Quat W": 0.1048974010502499,
            "BoundingBox3D Orientation Quat X": 2.7366845051338816e-05,
            "BoundingBox3D Orientation Quat Y": 0.0040102476039636,
            "BoundingBox3D Orientation Quat Z": 0.9944749631931982,
            "ObjectType": "TRAFFIC_SIGN",
            "Occluded": {
                "F_MIDRANGECAM_C": 0.999550759792328
            },
            "Truncated": 0,
            "ObjectMeta": {
                "SourceID": 78,
                "SubType": "unknown",
                "Text": "",
                "OcrVersion": 10006
            }
        },
        {
            "ActorName": "TRAFFIC_SIGN 79",
            "ObjectId": 79,
            "BoundingBox3D Origin X": 101.82306029391202,
            "BoundingBox3D Origin Y": 23.0939916824791,
            "BoundingBox3D Origin Z": 5.897343873046339,
            "BoundingBox3D Extent X": 0.1,
            "BoundingBox3D Extent Y": 1.7107504098693462,
            "BoundingBox3D Extent Z": 0.6034869053535241,
            "BoundingBox3D Orientation Quat W": -0.3127379692393545,
            "BoundingBox3D Orientation Quat X": 0.0016731011525647,
            "BoundingBox3D Orientation Quat Y": 0.003646279010698,
            "BoundingBox3D Orientation Quat Z": 0.9498309681085124,
            "ObjectType": "TRAFFIC_SIGN",
            "Occluded": {
                "F_MIDRANGECAM_C": 0.7955095171928406
            },
            "Truncated": 0,
            "ObjectMeta": {
                "SourceID": 79,
                "SubType": "unknown",
                "Text": "",
                "OcrVersion": 10006
            }
        },
        {
            "ActorName": "TRAFFIC_SIGN 80",
            "ObjectId": 80,
            "BoundingBox3D Origin X": 139.58153486556512,
            "BoundingBox3D Origin Y": 9.274232808798844,
            "BoundingBox3D Origin Z": 6.705270107835531,
            "BoundingBox3D Extent X": 0.0999999999999999,
            "BoundingBox3D Extent Y": 0.9914366721812164,
            "BoundingBox3D Extent Z": 1.020302161968541,
            "BoundingBox3D Orientation Quat W": -0.1139905888049816,
            "BoundingBox3D Orientation Quat X": 0.0009023860570548,
            "BoundingBox3D Orientation Quat Y": 0.0039083565209879,
            "BoundingBox3D Orientation Quat Z": 0.9934737319690956,
            "ObjectType": "TRAFFIC_SIGN",
            "Occluded": {
                "F_MIDRANGECAM_C": 0.994551718235016
            },
            "Truncated": 0,
            "ObjectMeta": {
                "SourceID": 80,
                "SubType": "us_white_ground_rectangle_unknown",
                "Text": "Lt.",
                "OcrVersion": 10006
            }
        },
        {
            "ActorName": "TRAFFIC_SIGN 81",
            "ObjectId": 81,
            "BoundingBox3D Origin X": 140.71173830624593,
            "BoundingBox3D Origin Y": -4.82201138567325,
            "BoundingBox3D Origin Z": 5.044672537595034,
            "BoundingBox3D Extent X": 0.1,
            "BoundingBox3D Extent Y": 0.7463736033616835,
            "BoundingBox3D Extent Z": 0.983651782538956,
            "BoundingBox3D Orientation Quat W": 0.0710221199944891,
            "BoundingBox3D Orientation Quat X": 0.0001657324943056,