{
    "CapturedObjects": [
        {
            "ActorName": "TRAFFIC_SIGN 71",
            "ObjectId": 71,
            "BoundingBox3D Origin X": 8.184287747610142,
            "BoundingBox3D Origin Y": -6.91029587914818,
            "BoundingBox3D Origin Z": 1.351410917006433,
            "BoundingBox3D Extent X": 0.1,
            "BoundingBox3D Extent Y": 0.4031856189935762,
            "BoundingBox3D Extent Z": 0.4997455218914134,
            "BoundingBox3D Orientation Quat W": 0.1099433970337434,
            "BoundingBox3D Orientation Quat X": -9.34825002451416e-05,
            "BoundingBox3D Orientation Quat Y": 0.007166092816342,
            "BoundingBox3D Orientation Quat Z": 0.9939120121134716,
            "ObjectType": "TRAFFIC_SIGN",
            "Occluded": {
                "F_MIDRANGECAM_C": 6.621629836445209e-06
            },
            "Truncated": 0,
            "ObjectMeta": {
                "SourceID": 71,
                "SubType": "unknown",
                "Text": "",
                "OcrVersion": 10006
            }
        },
        {
            "ActorName": "TRAFFIC_SIGN 72",
            "ObjectId": 72,
            "BoundingBox3D Origin X": 10.096109785370572,
            "BoundingBox3D Origin Y": -7.4444642651506,
            "BoundingBox3D Origin Z": 1.8991486318409443,
            "BoundingBox3D Extent X": 0.1,
            "BoundingBox3D Extent Y": 0.9388444663395614,
            "BoundingBox3D Extent Z": 0.3092811740232059,
            "BoundingBox3D Orientation Quat W": 0.2819084764024077,
            "BoundingBox3D Orientation Quat X": -0.0013445346633849,
            "BoundingBox3D Orientation Quat Y": 0.0070390668737767,
            "BoundingBox3D Orientation Quat Z": 0.9594145374636338,
            "ObjectType": "TRAFFIC_SIGN",
            "Occluded": {
                "F_MIDRANGECAM_C": 3.284231206635013e-05
            },
            "Truncated": 0,
            "ObjectMeta": {
                "SourceID": 72,
                "SubType": "us_yellow_ground_rectangle_unknown",
                "Text": "Chock and Shol Chun",
                "OcrVersion": 10006
            }
        },
        {
            "ActorName": "TRAFFIC_SIGN 73",
            "ObjectId": 73,
            "BoundingBox3D Origin X": 22.67327661135641,
            "BoundingBox3D Origin Y": -5.167792382126208,
            "BoundingBox3D Origin Z": 2.8796658869832754,
            "BoundingBox3D Extent X": 0.1,
            "BoundingBox3D Extent Y": 0.3362411013069622,
            "BoundingBox3D Extent Z": 0.4807453413399092,
            "BoundingBox3D Orientation Quat W": 0.1587794522096667,
            "BoundingBox3D Orientation Quat X": -0.0004454093204172,
            "BoundingBox3D Orientation Quat Y": 0.0071529316221595,
            "BoundingBox3D Orientation Quat Z": 0.9872880647185724,
            "ObjectType": "TRAFFIC_SIGN",
            "Occluded": {
                "F_MIDRANGECAM_C": 0.0004946202388964
            },
            "Truncated": 0,
            "ObjectMeta": {
                "SourceID": 73,
                "SubType": "us_white_ground_rectangle_unknown",
                "Text": "",
                "OcrVersion": 10006
            }
        },
        {
            "ActorName": "TRAFFIC_SIGN 74",
            "ObjectId": 74,
            "BoundingBox3D Origin X": 65.62221142108865,
            "BoundingBox3D Origin Y": -5.213850878601079,
            "BoundingBox3D Origin Z": 4.185143634676933,
            "BoundingBox3D Extent X": 0.1,
            "BoundingBox3D Extent Y": 1.0443760949039496,
            "BoundingBox3D Extent Z": 0.9445654290099652,
            "BoundingBox3D Orientation Quat W": 0.0676385049096186,
            "BoundingBox3D Orientation Quat X": 0.0002134479962531,
            "BoundingBox3D Orientation Quat Y": 0.0071643165503443,
            "BoundingBox3D Orientation Quat Z": 0.9976841482462828,
            "ObjectType": "TRAFFIC_SIGN",
            "Occluded": {
                "F_MIDRANGECAM_C": 1.8361093680141494e-05
            },
            "Truncated": 0,
            "ObjectMeta": {
                "SourceID": 74,
                "SubType": "us_white_ground_rectangle_unknown",
                "Text": "Ho",
                "OcrVersion": 10006
            }
        },
        {
            "ActorName": "TRAFFIC_SIGN 75",
            "ObjectId": 75,
            "BoundingBox3D Origin X": 55.31541181788453,
            "BoundingBox3D Origin Y": 12.48512232703797,
            "BoundingBox3D Origin Z": 1.0482370797544718,
            "BoundingBox3D Extent X": 0.1,
            "BoundingBox3D Extent Y": 0.9246897276089624,
            "BoundingBox3D Extent Z": 0.4851001072257914,
            "BoundingBox3D Orientation Quat W": -0.3126468945873878,
            "BoundingBox3D Orientation Quat X": 0.0028929679358812,
            "BoundingBox3D Orientation Quat Y": 0.0065593252177005,
            "BoundingBox3D Orientation Quat Z": 0.9498423686560172,
            "ObjectType": "TRAFFIC_SIGN",
            "Occluded": {
                "F_MIDRANGECAM_C": 0.8515134453773499
            },
            "Truncated": 0,
            "ObjectMeta": {
                "SourceID": 75,
                "SubType": "us_white_ground_rectangle_unknown",
                "Text": "",
                "OcrVersion": 10006
            }
        },
        {
            "ActorName": "TRAFFIC_SIGN 76",
            "ObjectId": 76,
            "BoundingBox3D Origin X": 65.57413040134998,
            "BoundingBox3D Origin Y": -5.223628078194452,
            "BoundingBox3D Origin Z": 3.4953910764306784,
            "BoundingBox3D Extent X": 0.1,
            "BoundingBox3D Extent Y": 0.6871968100218089,
            "BoundingBox3D Extent Z": 0.273953078968039,
            "BoundingBox3D Orientation Quat W": 0.1611725472654241,
            "BoundingBox3D Orientation Quat X": -0.0004593392810293,
            "BoundingBox3D Orientation Quat Y": 0.0071523458850399,
            "BoundingBox3D Orientation Quat Z": 0.9869002193554016,
            "ObjectType": "TRAFFIC_SIGN",
            "Occluded": {
                "F_MIDRANGECAM_C": 0.9909783601760864
            },
            "Truncated": 0,
            "ObjectMeta": {
                "SourceID": 76,
                "SubType": "us_white_ground_rectangle_unknown",
                "Text": "",
                "OcrVersion": 10006
            }
        },
        {
            "ActorName": "TRAFFIC_SIGN 77",
            "ObjectId": 77,
            "BoundingBox3D Origin X": 65.05948179744155,
            "BoundingBox3D Origin Y": -5.217539763456443,
            "BoundingBox3D Origin Z": 3.1468685874715447,
            "BoundingBox3D Extent X": 0.0999999999999999,
            "BoundingBox3D Extent Y": 0.60407060371918,
            "BoundingBox3D Extent Z": 0.2037042366830296,
            "BoundingBox3D Orientation Quat W": 0.2003907057237363,
            "BoundingBox3D Orientation Quat X": -0.0007445822684973,
            "BoundingBox3D Orientation Quat Y": 0.0071282758420012,
            "BoundingBox3D Orientation Quat Z": 0.9796898480337076,
            "ObjectType": "TRAFFIC_SIGN",
            "Occluded": {
                "F_MIDRANGECAM_C": 0.9983859062194824
            },
            "Truncated": 0,
            "ObjectMeta": {
                "SourceID": 77,
                "SubType": "us_white_ground_rectangle_unknown",
                "Text": "",
                "OcrVersion": 10006
            }
        },
        {
            "ActorName": "TRAFFIC_SIGN 78",
            "ObjectId": 78,
            "BoundingBox3D Origin X": 131.0836332254912,
            "BoundingBox3D Origin Y": -5.103528829349671,
            "BoundingBox3D Origin Z": 2.499987496994436,
            "BoundingBox3D Extent X": 0.1,
            "BoundingBox3D Extent Y": 0.3832816087039713,
            "BoundingBox3D Extent Z": 0.4357120768838613,
            "BoundingBox3D Orientation Quat W": 0.1084142252617572,