{
    "CapturedObjects": [
        {
            "ActorName": "TRAFFIC_SIGN 69",
            "ObjectId": 69,
            "BoundingBox3D Origin X": 1.388428624792141,
            "BoundingBox3D Origin Y": 5.352398649280076,
            "BoundingBox3D Origin Z": 7.195914324373007,
            "BoundingBox3D Extent X": 0.0999999999999999,
            "BoundingBox3D Extent Y": 0.4724228560842098,
            "BoundingBox3D Extent Z": 0.9712884613866511,
            "BoundingBox3D Orientation Quat W": -0.3748611306133661,
            "BoundingBox3D Orientation Quat X": 0.0084708357761743,
            "BoundingBox3D Orientation Quat Y": 0.0001596902641878,
            "BoundingBox3D Orientation Quat Z": 0.927042260199362,
            "ObjectType": "TRAFFIC_SIGN",
            "Occluded": {
                "F_CTCAM_L": 0.0
            },
            "Truncated": 0,
            "ObjectMeta": {
                "SourceID": 69,
                "SubType": "us_white_ground_rectangle_unknown",
                "Text": "CROSSWAL STOP ON RED",
                "OcrVersion": 10006
            }
        },
        {
            "ActorName": "TRAFFIC_SIGN 70",
            "ObjectId": 70,
            "BoundingBox3D Origin X": 28.823673612932907,
            "BoundingBox3D Origin Y": -6.804476975732541,
            "BoundingBox3D Origin Z": 2.1966038588434458,
            "BoundingBox3D Extent X": 0.1,
            "BoundingBox3D Extent Y": 0.3835351811205211,
            "BoundingBox3D Extent Z": 0.510645001842084,
            "BoundingBox3D Orientation Quat W": 0.1291436421511486,
            "BoundingBox3D Orientation Quat X": 0.0072992925882244,
            "BoundingBox3D Orientation Quat Y": 0.0043006352828562,
            "BoundingBox3D Orientation Quat Z": 0.9915897057532472,
            "ObjectType": "TRAFFIC_SIGN",
            "Occluded": {
                "F_MIDRANGECAM_C": 0.2968440353870392
            },
            "Truncated": 0,
            "ObjectMeta": {
                "SourceID": 70,
                "SubType": "us_white_ground_rectangle_unknown",
                "Text": "",
                "OcrVersion": 10006
            }
        },
        {
            "ActorName": "TRAFFIC_SIGN 71",
            "ObjectId": 71,
            "BoundingBox3D Origin X": 55.44191905824118,
            "BoundingBox3D Origin Y": -10.105137776670745,
            "BoundingBox3D Origin Z": 0.4401516197249293,
            "BoundingBox3D Extent X": 0.1,
            "BoundingBox3D Extent Y": 0.4031856189935762,
            "BoundingBox3D Extent Z": 0.4997455218914134,
            "BoundingBox3D Orientation Quat W": 0.1373862376747063,
            "BoundingBox3D Orientation Quat X": 0.0072683555598159,
            "BoundingBox3D Orientation Quat Y": 0.0043608286299057,
            "BoundingBox3D Orientation Quat Z": 0.9904812849714556,
            "ObjectType": "TRAFFIC_SIGN",
            "Occluded": {
                "F_MIDRANGECAM_C": 0.0018678583437576
            },
            "Truncated": 0,
            "ObjectMeta": {
                "SourceID": 71,
                "SubType": "unknown",
                "Text": "",
                "OcrVersion": 10006
            }
        },
        {
            "ActorName": "TRAFFIC_SIGN 72",
            "ObjectId": 72,
            "BoundingBox3D Origin X": 57.328365854002186,
            "BoundingBox3D Origin Y": -10.748393105503055,
            "BoundingBox3D Origin Z": 0.9577967179939152,
            "BoundingBox3D Extent X": 0.1,
            "BoundingBox3D Extent Y": 0.9388444663395614,
            "BoundingBox3D Extent Z": 0.3092811740232059,
            "BoundingBox3D Orientation Quat W": 0.3083297503854864,
            "BoundingBox3D Orientation Quat X": 0.0063947053637092,
            "BoundingBox3D Orientation Quat Y": 0.0055629459230257,
            "BoundingBox3D Orientation Quat Z": 0.9512417812539524,
            "ObjectType": "TRAFFIC_SIGN",
            "Occluded": {
                "F_MIDRANGECAM_C": 0.1309025287628173
            },
            "Truncated": 0,
            "ObjectMeta": {
                "SourceID": 72,
                "SubType": "us_yellow_ground_rectangle_unknown",
                "Text": "Chock and Shol Chun",
                "OcrVersion": 10006
            }
        },
        {
            "ActorName": "TRAFFIC_SIGN 73",
            "ObjectId": 73,
            "BoundingBox3D Origin X": 70.0244210020901,
            "BoundingBox3D Origin Y": -9.17866436350596,
            "BoundingBox3D Origin Z": 1.779883780516684,
            "BoundingBox3D Extent X": 0.1,
            "BoundingBox3D Extent Y": 0.3362411013069622,
            "BoundingBox3D Extent Z": 0.4807453413399092,
            "BoundingBox3D Orientation Quat W": 0.1860199246512258,
            "BoundingBox3D Orientation Quat X": 0.0070458625327553,
            "BoundingBox3D Orientation Quat Y": 0.0047136997266424,
            "BoundingBox3D Orientation Quat Z": 0.9825094017304912,
            "ObjectType": "TRAFFIC_SIGN",
            "Occluded": {
                "F_MIDRANGECAM_C": 0.9994623064994812
            },
            "Truncated": 0,
            "ObjectMeta": {
                "SourceID": 73,
                "SubType": "us_white_ground_rectangle_unknown",
                "Text": "",
                "OcrVersion": 10006
            }
        },
        {
            "ActorName": "TRAFFIC_SIGN 74",
            "ObjectId": 74,
            "BoundingBox3D Origin X": 112.91838667969569,
            "BoundingBox3D Origin Y": -11.611236509917944,
            "BoundingBox3D Origin Z": 2.4915716825053096,
            "BoundingBox3D Extent X": 0.1,
            "BoundingBox3D Extent Y": 1.0443760949039496,
            "BoundingBox3D Extent Z": 0.9445654290099652,
            "BoundingBox3D Orientation Quat W": 0.0952022608082787,
            "BoundingBox3D Orientation Quat X": 0.0074494015072633,
            "BoundingBox3D Orientation Quat Y": 0.0040489365245538,
            "BoundingBox3D Orientation Quat Z": 0.9954218412648962,
            "ObjectType": "TRAFFIC_SIGN",
            "Occluded": {
                "F_MIDRANGECAM_C": 0.0027263034135103
            },
            "Truncated": 0,
            "ObjectMeta": {
                "SourceID": 74,
                "SubType": "us_white_ground_rectangle_unknown",
                "Text": "Ho",
                "OcrVersion": 10006
            }
        },
        {
            "ActorName": "TRAFFIC_SIGN 75",
            "ObjectId": 75,
            "BoundingBox3D Origin X": 103.56744082680962,
            "BoundingBox3D Origin Y": 6.654087966569932,
            "BoundingBox3D Origin Z": -0.3826450211927295,
            "BoundingBox3D Extent X": 0.1,
            "BoundingBox3D Extent Y": 0.9246897276089624,
            "BoundingBox3D Extent Z": 0.4851001072257914,
            "BoundingBox3D Orientation Quat W": -0.2862569671312536,
            "BoundingBox3D Orientation Quat X": 0.0084242991938532,
            "BoundingBox3D Orientation Quat Y": 0.0009504765722611,
            "BoundingBox3D Orientation Quat Z": 0.958115377470894,
            "ObjectType": "TRAFFIC_SIGN",
            "Occluded": {
                "F_MIDRANGECAM_C": 0.9925355911254884
            },
            "Truncated": 0,
            "ObjectMeta": {
                "SourceID": 75,
                "SubType": "us_white_ground_rectangle_unknown",
                "Text": "",
                "OcrVersion": 10006
            }
        },
        {
            "ActorName": "TRAFFIC_SIGN 76",
            "ObjectId": 76,
            "BoundingBox3D Origin X": 112.86058613624482,
            "BoundingBox3D Origin Y": -11.613147040756305,
            "BoundingBox3D Origin Z": 1.802493599243462,
            "BoundingBox3D Extent X": 0.1,
            "BoundingBox3D Extent Y": 0.6871968100218089,
            "BoundingBox3D Extent Z": 0.273953078968039,
            "BoundingBox3D Orientation Quat W": 0.1884013382610462,