{
    "CapturedObjects": [
        {
            "ActorName": "TRAFFIC_SIGN 74",
            "ObjectId": 74,
            "BoundingBox3D Origin X": 2.199009187919728,
            "BoundingBox3D Origin Y": -5.056237582291942,
            "BoundingBox3D Origin Z": 4.361375160515308,
            "BoundingBox3D Extent X": 0.1,
            "BoundingBox3D Extent Y": 1.0443760949039496,
            "BoundingBox3D Extent Z": 0.9445654290099652,
            "BoundingBox3D Orientation Quat W": 0.0626464300719762,
            "BoundingBox3D Orientation Quat X": 0.0007671854125369,
            "BoundingBox3D Orientation Quat Y": 0.0104590794125116,
            "BoundingBox3D Orientation Quat Z": 0.9979806831214834,
            "ObjectType": "TRAFFIC_SIGN",
            "Occluded": {
                "F_CTCAM_L": 0.0
            },
            "Truncated": 0,
            "ObjectMeta": {
                "SourceID": 74,
                "SubType": "us_white_ground_rectangle_unknown",
                "Text": "Ho",
                "OcrVersion": 10006
            }
        },
        {
            "ActorName": "TRAFFIC_SIGN 76",
            "ObjectId": 76,
            "BoundingBox3D Origin X": 2.1499307069207134,
            "BoundingBox3D Origin Y": -5.070978293340886,
            "BoundingBox3D Origin Z": 3.6717780018225312,
            "BoundingBox3D Extent X": 0.1,
            "BoundingBox3D Extent Y": 0.6871968100218089,
            "BoundingBox3D Extent Z": 0.273953078968039,
            "BoundingBox3D Orientation Quat W": 0.1562298873755557,
            "BoundingBox3D Orientation Quat X": -0.0002177081476642,
            "BoundingBox3D Orientation Quat Y": 0.0104847422132613,
            "BoundingBox3D Orientation Quat Z": 0.9876650470045528,
            "ObjectType": "TRAFFIC_SIGN",
            "Occluded": {
                "F_CTCAM_L": 0.0
            },
            "Truncated": 0,
            "ObjectMeta": {
                "SourceID": 76,
                "SubType": "us_white_ground_rectangle_unknown",
                "Text": "",
                "OcrVersion": 10006
            }
        },
        {
            "ActorName": "TRAFFIC_SIGN 77",
            "ObjectId": 77,
            "BoundingBox3D Origin X": 1.6346931583721016,
            "BoundingBox3D Origin Y": -5.072296678321436,
            "BoundingBox3D Origin Z": 3.3240725994110107,
            "BoundingBox3D Extent X": 0.0999999999999999,
            "BoundingBox3D Extent Y": 0.60407060371918,
            "BoundingBox3D Extent Z": 0.2037042366830296,
            "BoundingBox3D Orientation Quat W": 0.1954822078878383,
            "BoundingBox3D Orientation Quat X": -0.0006358932638415,
            "BoundingBox3D Orientation Quat Y": 0.0104676944589893,
            "BoundingBox3D Orientation Quat Z": 0.9806511762149508,
            "ObjectType": "TRAFFIC_SIGN",
            "Occluded": {
                "F_CTCAM_L": 0.0
            },
            "Truncated": 0,
            "ObjectMeta": {
                "SourceID": 77,
                "SubType": "us_white_ground_rectangle_unknown",
                "Text": "",
                "OcrVersion": 10006
            }
        },
        {
            "ActorName": "TRAFFIC_SIGN 78",
            "ObjectId": 78,
            "BoundingBox3D Origin X": 67.65325809036949,
            "BoundingBox3D Origin Y": -4.303023370332085,
            "BoundingBox3D Origin Z": 2.5673959339037538,
            "BoundingBox3D Extent X": 0.1,
            "BoundingBox3D Extent Y": 0.3832816087039713,
            "BoundingBox3D Extent Z": 0.4357120768838613,
            "BoundingBox3D Orientation Quat W": 0.1034382285754057,
            "BoundingBox3D Orientation Quat X": 0.000345213202871,
            "BoundingBox3D Orientation Quat Y": 0.0104822331809429,
            "BoundingBox3D Orientation Quat Z": 0.9945805832030742,
            "ObjectType": "TRAFFIC_SIGN",
            "Occluded": {
                "F_MIDRANGECAM_C": 0.9991069436073304
            },
            "Truncated": 0,
            "ObjectMeta": {
                "SourceID": 78,
                "SubType": "unknown",
                "Text": "",
                "OcrVersion": 10006
            }
        },
        {
            "ActorName": "TRAFFIC_SIGN 79",
            "ObjectId": 79,
            "BoundingBox3D Origin X": 77.378480908872,
            "BoundingBox3D Origin Y": 23.273698850505752,
            "BoundingBox3D Origin Z": 5.485084356740117,
            "BoundingBox3D Extent X": 0.1,
            "BoundingBox3D Extent Y": 1.7107504098693462,
            "BoundingBox3D Extent Z": 0.6034869053535241,
            "BoundingBox3D Orientation Quat W": -0.3141091769293809,
            "BoundingBox3D Orientation Quat X": 0.0046198201755177,
            "BoundingBox3D Orientation Quat Y": 0.0094177733461141,
            "BoundingBox3D Orientation Quat Z": 0.9493289144313966,
            "ObjectType": "TRAFFIC_SIGN",
            "Occluded": {
                "F_MIDRANGECAM_C": 0.9867401719093324
            },
            "Truncated": 0,
            "ObjectMeta": {
                "SourceID": 79,
                "SubType": "unknown",
                "Text": "",
                "OcrVersion": 10006
            }
        },
        {
            "ActorName": "TRAFFIC_SIGN 80",
            "ObjectId": 80,
            "BoundingBox3D Origin X": 115.17889648865456,
            "BoundingBox3D Origin Y": 9.5753550187801,
            "BoundingBox3D Origin Z": 6.393441612832248,
            "BoundingBox3D Extent X": 0.0999999999999999,
            "BoundingBox3D Extent Y": 0.9914366721812164,
            "BoundingBox3D Extent Z": 1.020302161968541,
            "BoundingBox3D Orientation Quat W": -0.1154361847936426,
            "BoundingBox3D Orientation Quat X": 0.0026204192413758,
            "BoundingBox3D Orientation Quat Y": 0.010156735376271,
            "BoundingBox3D Orientation Quat Z": 0.9932595136064812,
            "ObjectType": "TRAFFIC_SIGN",
            "Occluded": {
                "F_MIDRANGECAM_C": 0.9962756633758544
            },
            "Truncated": 0,
            "ObjectMeta": {
                "SourceID": 80,
                "SubType": "us_white_ground_rectangle_unknown",
                "Text": "Lt.",
                "OcrVersion": 10006
            }
        },
        {
            "ActorName": "TRAFFIC_SIGN 81",
            "ObjectId": 81,
            "BoundingBox3D Origin X": 116.3471375966692,
            "BoundingBox3D Origin Y": -4.537573343404802,
            "BoundingBox3D Origin Z": 4.91110803745687,
            "BoundingBox3D Extent X": 0.1,
            "BoundingBox3D Extent Y": 0.7463736033616835,
            "BoundingBox3D Extent Z": 0.983651782538956,
            "BoundingBox3D Orientation Quat W": 0.0695604338047134,
            "BoundingBox3D Orientation Quat X": 0.0007034200882243,
            "BoundingBox3D Orientation Quat Y": 0.0104648374104658,
            "BoundingBox3D Orientation Quat Z": 0.997522600459284,
            "ObjectType": "TRAFFIC_SIGN",
            "Occluded": {
                "F_MIDRANGECAM_C": 0.5435968637466431
            },
            "Truncated": 0,
            "ObjectMeta": {
                "SourceID": 81,
                "SubType": "us_white_ground_rectangle_unknown",
                "Text": "A",
                "OcrVersion": 10006
            }
        },
        {
            "ActorName": "TRAFFIC_SIGN 82",
            "ObjectId": 82,
            "BoundingBox3D Origin X": 116.23014100269576,
            "BoundingBox3D Origin Y": -0.3474557417794131,
            "BoundingBox3D Origin Z": 5.881178448908031,
            "BoundingBox3D Extent X": 0.1,
            "BoundingBox3D Extent Y": 2.213188412608715,
            "BoundingBox3D Extent Z": 0.5427212993728956,
            "BoundingBox3D Orientation Quat W": 0.0124068338792458,
            "BoundingBox3D Orientation Quat X": 0.0013011416306222,