{
    "CapturedObjects": [
        {
            "ActorName": "TRAFFIC_SIGN 71",
            "ObjectId": 71,
            "BoundingBox3D Origin X": 10.443446329554718,
            "BoundingBox3D Origin Y": -6.902718820798327,
            "BoundingBox3D Origin Z": 1.307113611139357,
            "BoundingBox3D Extent X": 0.1,
            "BoundingBox3D Extent Y": 0.4031856189935762,
            "BoundingBox3D Extent Z": 0.4997455218914134,
            "BoundingBox3D Orientation Quat W": 0.1103091783103189,
            "BoundingBox3D Orientation Quat X": 0.0020478749023057,
            "BoundingBox3D Orientation Quat Y": 0.0074330533593621,
            "BoundingBox3D Orientation Quat Z": 0.993867416261668,
            "ObjectType": "TRAFFIC_SIGN",
            "Occluded": {
                "F_MIDRANGECAM_C": 2.7957030397374183e-06
            },
            "Truncated": 0,
            "ObjectMeta": {
                "SourceID": 71,
                "SubType": "unknown",
                "Text": "",
                "OcrVersion": 10006
            }
        },
        {
            "ActorName": "TRAFFIC_SIGN 72",
            "ObjectId": 72,
            "BoundingBox3D Origin X": 12.357195005068206,
            "BoundingBox3D Origin Y": -7.43832138570724,
            "BoundingBox3D Origin Z": 1.846646280027926,
            "BoundingBox3D Extent X": 0.1,
            "BoundingBox3D Extent Y": 0.9388444663395614,
            "BoundingBox3D Extent Z": 0.3092811740232059,
            "BoundingBox3D Orientation Quat W": 0.2822614001141874,
            "BoundingBox3D Orientation Quat X": 0.0007178824765062,
            "BoundingBox3D Orientation Quat Y": 0.0076765055025909,
            "BoundingBox3D Orientation Quat Z": 0.9593065505424204,
            "ObjectType": "TRAFFIC_SIGN",
            "Occluded": {
                "F_MIDRANGECAM_C": 0.0008905915892682
            },
            "Truncated": 0,
            "ObjectMeta": {
                "SourceID": 72,
                "SubType": "us_yellow_ground_rectangle_unknown",
                "Text": "Chock and Shol Chun",
                "OcrVersion": 10006
            }
        },
        {
            "ActorName": "TRAFFIC_SIGN 73",
            "ObjectId": 73,
            "BoundingBox3D Origin X": 24.940155502175912,
            "BoundingBox3D Origin Y": -5.171231701067882,
            "BoundingBox3D Origin Z": 2.772876222617924,
            "BoundingBox3D Extent X": 0.1,
            "BoundingBox3D Extent Y": 0.3362411013069622,
            "BoundingBox3D Extent Z": 0.4807453413399092,
            "BoundingBox3D Orientation Quat W": 0.1591428081596228,
            "BoundingBox3D Orientation Quat X": 0.001680359973095,
            "BoundingBox3D Orientation Quat Y": 0.0075252214498852,
            "BoundingBox3D Orientation Quat Z": 0.9872254626191332,
            "ObjectType": "TRAFFIC_SIGN",
            "Occluded": {
                "F_MIDRANGECAM_C": 0.0008277340093627
            },
            "Truncated": 0,
            "ObjectMeta": {
                "SourceID": 73,
                "SubType": "us_white_ground_rectangle_unknown",
                "Text": "",
                "OcrVersion": 10006
            }
        },
        {
            "ActorName": "TRAFFIC_SIGN 74",
            "ObjectId": 74,
            "BoundingBox3D Origin X": 67.89407601155835,
            "BoundingBox3D Origin Y": -5.250136574119097,
            "BoundingBox3D Origin Z": 3.893436254002154,
            "BoundingBox3D Extent X": 0.1,
            "BoundingBox3D Extent Y": 1.0443760949039496,
            "BoundingBox3D Extent Z": 0.9445654290099652,
            "BoundingBox3D Orientation Quat W": 0.0680056345921948,
            "BoundingBox3D Orientation Quat X": 0.0023640803050291,
            "BoundingBox3D Orientation Quat Y": 0.0073399618277726,
            "BoundingBox3D Orientation Quat Z": 0.9976551356798556,
            "ObjectType": "TRAFFIC_SIGN",
            "Occluded": {
                "F_MIDRANGECAM_C": 2.5205436031683348e-05
            },
            "Truncated": 0,
            "ObjectMeta": {
                "SourceID": 74,
                "SubType": "us_white_ground_rectangle_unknown",
                "Text": "Ho",
                "OcrVersion": 10006
            }
        },
        {
            "ActorName": "TRAFFIC_SIGN 75",
            "ObjectId": 75,
            "BoundingBox3D Origin X": 57.58744045764615,
            "BoundingBox3D Origin Y": 12.456569839589063,
            "BoundingBox3D Origin Z": 0.7999176047742367,
            "BoundingBox3D Extent X": 0.1,
            "BoundingBox3D Extent Y": 0.9246897276089624,
            "BoundingBox3D Extent Z": 0.4851001072257914,
            "BoundingBox3D Orientation Quat W": -0.3122976242722783,
            "BoundingBox3D Orientation Quat X": 0.0049512738458042,
            "BoundingBox3D Orientation Quat Y": 0.0059114872632506,
            "BoundingBox3D Orientation Quat Z": 0.949953016248452,
            "ObjectType": "TRAFFIC_SIGN",
            "Occluded": {
                "F_MIDRANGECAM_C": 0.9906349778175354
            },
            "Truncated": 0,
            "ObjectMeta": {
                "SourceID": 75,
                "SubType": "us_white_ground_rectangle_unknown",
                "Text": "",
                "OcrVersion": 10006
            }
        },
        {
            "ActorName": "TRAFFIC_SIGN 76",
            "ObjectId": 76,
            "BoundingBox3D Origin X": 67.8430128692853,
            "BoundingBox3D Origin Y": -5.259916896742652,
            "BoundingBox3D Origin Z": 3.2038970179855824,
            "BoundingBox3D Extent X": 0.1,
            "BoundingBox3D Extent Y": 0.6871968100218089,
            "BoundingBox3D Extent Z": 0.273953078968039,
            "BoundingBox3D Orientation Quat W": 0.1615357590640007,
            "BoundingBox3D Orientation Quat X": 0.0016655302394253,
            "BoundingBox3D Orientation Quat Y": 0.0075297935112573,
            "BoundingBox3D Orientation Quat Z": 0.9868367275098326,
            "ObjectType": "TRAFFIC_SIGN",
            "Occluded": {
                "F_MIDRANGECAM_C": 0.9893484115600586
            },
            "Truncated": 0,
            "ObjectMeta": {
                "SourceID": 76,
                "SubType": "us_white_ground_rectangle_unknown",
                "Text": "",
                "OcrVersion": 10006
            }
        },
        {
            "ActorName": "TRAFFIC_SIGN 77",
            "ObjectId": 77,
            "BoundingBox3D Origin X": 67.32687285075372,
            "BoundingBox3D Origin Y": -5.253454276302364,
            "BoundingBox3D Origin Z": 2.8575928239151835,
            "BoundingBox3D Extent X": 0.0999999999999999,
            "BoundingBox3D Extent Y": 0.60407060371918,
            "BoundingBox3D Extent Z": 0.2037042366830296,
            "BoundingBox3D Orientation Quat W": 0.2007512414630128,
            "BoundingBox3D Orientation Quat X": 0.0013636998913117,
            "BoundingBox3D Orientation Quat Y": 0.0075902396348299,
            "BoundingBox3D Orientation Quat Z": 0.9796118964344768,
            "ObjectType": "TRAFFIC_SIGN",
            "Occluded": {
                "F_MIDRANGECAM_C": 0.9986072182655334
            },
            "Truncated": 0,
            "ObjectMeta": {
                "SourceID": 77,
                "SubType": "us_white_ground_rectangle_unknown",
                "Text": "",
                "OcrVersion": 10006
            }
        },
        {
            "ActorName": "TRAFFIC_SIGN 78",
            "ObjectId": 78,
            "BoundingBox3D Origin X": 133.3473828781207,
            "BoundingBox3D Origin Y": -5.190090758551378,
            "BoundingBox3D Origin Z": 1.9264546753838656,
            "BoundingBox3D Extent X": 0.1,
            "BoundingBox3D Extent Y": 0.3832816087039713,
            "BoundingBox3D Extent Z": 0.4357120768838613,
            "BoundingBox3D Orientation Quat W": 0.1087800649766126,