{
    "CapturedObjects": [
        {
            "ActorName": "TRAFFIC_SIGN 78",
            "ObjectId": 78,
            "BoundingBox3D Origin X": 39.26108466118967,
            "BoundingBox3D Origin Y": -5.000695555024322,
            "BoundingBox3D Origin Z": 2.7640076838433743,
            "BoundingBox3D Extent X": 0.1,
            "BoundingBox3D Extent Y": 0.3832816087039713,
            "BoundingBox3D Extent Z": 0.4357120768838613,
            "BoundingBox3D Orientation Quat W": 0.1073811164418005,
            "BoundingBox3D Orientation Quat X": -0.0016211772271937,
            "BoundingBox3D Orientation Quat Y": 0.0001751637222989,
            "BoundingBox3D Orientation Quat Z": 0.9942165945777516,
            "ObjectType": "TRAFFIC_SIGN",
            "Occluded": {
                "F_MIDRANGECAM_C": 0.6036385893821716
            },
            "Truncated": 0,
            "ObjectMeta": {
                "SourceID": 78,
                "SubType": "unknown",
                "Text": "",
                "OcrVersion": 10006
            }
        },
        {
            "ActorName": "TRAFFIC_SIGN 79",
            "ObjectId": 79,
            "BoundingBox3D Origin X": 49.1834369189346,
            "BoundingBox3D Origin Y": 22.43394262541915,
            "BoundingBox3D Origin Z": 6.294454331509769,
            "BoundingBox3D Extent X": 0.1,
            "BoundingBox3D Extent Y": 1.7107504098693462,
            "BoundingBox3D Extent Z": 0.6034869053535241,
            "BoundingBox3D Orientation Quat W": -0.3103669057851169,
            "BoundingBox3D Orientation Quat X": -0.0014060372570183,
            "BoundingBox3D Orientation Quat Y": 0.0008265435879895,
            "BoundingBox3D Orientation Quat Z": 0.9506154446874407,
            "ObjectType": "TRAFFIC_SIGN",
            "Occluded": {
                "F_MIDRANGECAM_C": 0.959894597530365
            },
            "Truncated": 0,
            "ObjectMeta": {
                "SourceID": 79,
                "SubType": "unknown",
                "Text": "",
                "OcrVersion": 10006
            }
        },
        {
            "ActorName": "TRAFFIC_SIGN 80",
            "ObjectId": 80,
            "BoundingBox3D Origin X": 86.8689892601542,
            "BoundingBox3D Origin Y": 8.420247503264363,
            "BoundingBox3D Origin Z": 7.155776523984969,
            "BoundingBox3D Extent X": 0.0999999999999999,
            "BoundingBox3D Extent Y": 0.9914366721812164,
            "BoundingBox3D Extent Z": 1.020302161968541,
            "BoundingBox3D Orientation Quat W": -0.1115104108005168,
            "BoundingBox3D Orientation Quat X": -0.0015417059488418,
            "BoundingBox3D Orientation Quat Y": 0.0005240075836532,
            "BoundingBox3D Orientation Quat Z": 0.993761931672732,
            "ObjectType": "TRAFFIC_SIGN",
            "Occluded": {
                "F_MIDRANGECAM_C": 0.965572714805603
            },
            "Truncated": 0,
            "ObjectMeta": {
                "SourceID": 80,
                "SubType": "us_white_ground_rectangle_unknown",
                "Text": "Lt.",
                "OcrVersion": 10006
            }
        },
        {
            "ActorName": "TRAFFIC_SIGN 81",
            "ObjectId": 81,
            "BoundingBox3D Origin X": 87.93594424023468,
            "BoundingBox3D Origin Y": -5.668998407111758,
            "BoundingBox3D Origin Z": 5.3970220955088735,
            "BoundingBox3D Extent X": 0.1,
            "BoundingBox3D Extent Y": 0.7463736033616835,
            "BoundingBox3D Extent Z": 0.983651782538956,
            "BoundingBox3D Orientation Quat W": 0.0735130804838246,
            "BoundingBox3D Orientation Quat X": -0.0016123515050117,
            "BoundingBox3D Orientation Quat Y": 0.0002305261396021,
            "BoundingBox3D Orientation Quat Z": 0.9972929229559898,
            "ObjectType": "TRAFFIC_SIGN",
            "Occluded": {
                "F_MIDRANGECAM_C": 0.9006646871566772
            },
            "Truncated": 0,
            "ObjectMeta": {
                "SourceID": 81,
                "SubType": "us_white_ground_rectangle_unknown",
                "Text": "A",
                "OcrVersion": 10006
            }
        },
        {
            "ActorName": "TRAFFIC_SIGN 82",
            "ObjectId": 82,
            "BoundingBox3D Origin X": 87.84571941990362,
            "BoundingBox3D Origin Y": -1.4983692121941203,
            "BoundingBox3D Origin Z": 6.450432857498527,
            "BoundingBox3D Extent X": 0.1,
            "BoundingBox3D Extent Y": 2.213188412608715,
            "BoundingBox3D Extent Z": 0.5427212993728956,
            "BoundingBox3D Orientation Quat W": 0.0163656175207195,
            "BoundingBox3D Orientation Quat X": -0.001596134649949,
            "BoundingBox3D Orientation Quat Y": 0.0003224051711216,
            "BoundingBox3D Orientation Quat Z": 0.9998647483396196,
            "ObjectType": "TRAFFIC_SIGN",
            "Occluded": {
                "F_MIDRANGECAM_C": 0.9991841912269592
            },
            "Truncated": 0,
            "ObjectMeta": {
                "SourceID": 82,
                "SubType": "unknown",
                "Text": "",
                "OcrVersion": 10006
            }
        },
        {
            "ActorName": "TRAFFIC_SIGN 83",
            "ObjectId": 83,
            "BoundingBox3D Origin X": 83.89848950887244,
            "BoundingBox3D Origin Y": -10.833656590928513,
            "BoundingBox3D Origin Z": 3.655157911591232,
            "BoundingBox3D Extent X": 0.1,
            "BoundingBox3D Extent Y": 0.5022577767826779,
            "BoundingBox3D Extent Z": 0.4764159543296132,
            "BoundingBox3D Orientation Quat W": 0.1583486883128984,
            "BoundingBox3D Orientation Quat X": -0.0016246264110751,
            "BoundingBox3D Orientation Quat Y": 9.175680669482043e-05,
            "BoundingBox3D Orientation Quat Z": 0.9873819144987908,
            "ObjectType": "TRAFFIC_SIGN",
            "Occluded": {
                "F_MIDRANGECAM_C": 0.9996473789215088
            },
            "Truncated": 0,
            "ObjectMeta": {
                "SourceID": 83,
                "SubType": "unknown",
                "Text": "",
                "OcrVersion": 10006
            }
        },
        {
            "ActorName": "TRAFFIC_SIGN 84",
            "ObjectId": 84,
            "BoundingBox3D Origin X": 84.59768842118137,
            "BoundingBox3D Origin Y": -10.89350830622243,
            "BoundingBox3D Origin Z": 2.899082127958536,
            "BoundingBox3D Extent X": 0.1,
            "BoundingBox3D Extent Y": 0.5902100148686099,
            "BoundingBox3D Extent Z": 0.6262998747597067,
            "BoundingBox3D Orientation Quat W": -0.4130619318701239,
            "BoundingBox3D Orientation Quat X": 0.0015907858604291,
            "BoundingBox3D Orientation Quat Y": 0.0003397208491774,
            "BoundingBox3D Orientation Quat Z": -0.9107014848070758,
            "ObjectType": "TRAFFIC_SIGN",
            "Occluded": {
                "F_MIDRANGECAM_C": 0.5705600380897522
            },
            "Truncated": 0,
            "ObjectMeta": {
                "SourceID": 84,
                "SubType": "us_white_ground_rectangle_unknown",
                "Text": "",
                "OcrVersion": 10006
            }
        },
        {
            "ActorName": "TRAFFIC_SIGN 85",
            "ObjectId": 85,
            "BoundingBox3D Origin X": 87.51116191425535,
            "BoundingBox3D Origin Y": -9.30183717797081,
            "BoundingBox3D Origin Z": 2.8706946345046163,
            "BoundingBox3D Extent X": 0.1,
            "BoundingBox3D Extent Y": 0.4321764308658682,
            "BoundingBox3D Extent Z": 0.619127164289498,
            "BoundingBox3D Orientation Quat W": 0.1501828953028659,
            "BoundingBox3D Orientation Quat X": -0.0016242720443164,