{
    "CapturedObjects": [
        {
            "ActorName": "TRAFFIC_SIGN 73",
            "ObjectId": 73,
            "BoundingBox3D Origin X": 4.612034433695953,
            "BoundingBox3D Origin Y": -5.127331457653781,
            "BoundingBox3D Origin Z": 2.90717017930001,
            "BoundingBox3D Extent X": 0.1,
            "BoundingBox3D Extent Y": 0.3362411013069622,
            "BoundingBox3D Extent Z": 0.4807453413399092,
            "BoundingBox3D Orientation Quat W": 0.1525402190692157,
            "BoundingBox3D Orientation Quat X": 0.0003023699108982,
            "BoundingBox3D Orientation Quat Y": 0.0070647619141865,
            "BoundingBox3D Orientation Quat Z": 0.9882719662511168,
            "ObjectType": "TRAFFIC_SIGN",
            "Occluded": {
                "F_CTCAM_L": 0.0
            },
            "Truncated": 0,
            "ObjectMeta": {
                "SourceID": 73,
                "SubType": "us_white_ground_rectangle_unknown",
                "Text": "",
                "OcrVersion": 10006
            }
        },
        {
            "ActorName": "TRAFFIC_SIGN 74",
            "ObjectId": 74,
            "BoundingBox3D Origin X": 47.55992939076168,
            "BoundingBox3D Origin Y": -4.631767625221983,
            "BoundingBox3D Origin Z": 4.146738711744547,
            "BoundingBox3D Extent X": 0.1,
            "BoundingBox3D Extent Y": 1.0443760949039496,
            "BoundingBox3D Extent Z": 0.9445654290099652,
            "BoundingBox3D Orientation Quat W": 0.0613349051331885,
            "BoundingBox3D Orientation Quat X": 0.0009500428674764,
            "BoundingBox3D Orientation Quat Y": 0.0070077899440754,
            "BoundingBox3D Orientation Quat Z": 0.99809218898404,
            "ObjectType": "TRAFFIC_SIGN",
            "Occluded": {
                "F_MIDRANGECAM_C": 1.8021290088654496e-05
            },
            "Truncated": 0,
            "ObjectMeta": {
                "SourceID": 74,
                "SubType": "us_white_ground_rectangle_unknown",
                "Text": "Ho",
                "OcrVersion": 10006
            }
        },
        {
            "ActorName": "TRAFFIC_SIGN 75",
            "ObjectId": 75,
            "BoundingBox3D Origin X": 37.025797903726925,
            "BoundingBox3D Origin Y": 12.93698717103689,
            "BoundingBox3D Origin Z": 1.033211421221495,
            "BoundingBox3D Extent X": 0.1,
            "BoundingBox3D Extent Y": 0.9246897276089624,
            "BoundingBox3D Extent Z": 0.4851001072257914,
            "BoundingBox3D Orientation Quat W": -0.3186418086819136,
            "BoundingBox3D Orientation Quat X": 0.0035171412773866,
            "BoundingBox3D Orientation Quat Y": 0.0061366009901639,
            "BoundingBox3D Orientation Quat Z": 0.9478488115756863,
            "ObjectType": "TRAFFIC_SIGN",
            "Occluded": {
                "F_MIDRANGECAM_C": 0.9903936982154846
            },
            "Truncated": 0,
            "ObjectMeta": {
                "SourceID": 75,
                "SubType": "us_white_ground_rectangle_unknown",
                "Text": "",
                "OcrVersion": 10006
            }
        },
        {
            "ActorName": "TRAFFIC_SIGN 76",
            "ObjectId": 76,
            "BoundingBox3D Origin X": 47.51091120577985,
            "BoundingBox3D Origin Y": -4.641867494530743,
            "BoundingBox3D Origin Z": 3.457054023630917,
            "BoundingBox3D Extent X": 0.1,
            "BoundingBox3D Extent Y": 0.6871968100218089,
            "BoundingBox3D Extent Z": 0.273953078968039,
            "BoundingBox3D Orientation Quat W": 0.1549357286437115,
            "BoundingBox3D Orientation Quat X": 0.0002886475029287,
            "BoundingBox3D Orientation Quat Y": 0.0070660165657792,
            "BoundingBox3D Orientation Quat Z": 0.9878992398428867,
            "ObjectType": "TRAFFIC_SIGN",
            "Occluded": {
                "F_MIDRANGECAM_C": 0.1406308114528656
            },
            "Truncated": 0,
            "ObjectMeta": {
                "SourceID": 76,
                "SubType": "us_white_ground_rectangle_unknown",
                "Text": "",
                "OcrVersion": 10006
            }
        },
        {
            "ActorName": "TRAFFIC_SIGN 77",
            "ObjectId": 77,
            "BoundingBox3D Origin X": 46.99569139663436,
            "BoundingBox3D Origin Y": -4.642132955807028,
            "BoundingBox3D Origin Z": 3.1093228543177247,
            "BoundingBox3D Extent X": 0.0999999999999999,
            "BoundingBox3D Extent Y": 0.60407060371918,
            "BoundingBox3D Extent Z": 0.2037042366830296,
            "BoundingBox3D Orientation Quat W": 0.1941988674731768,
            "BoundingBox3D Orientation Quat X": 6.245062467557227e-06,
            "BoundingBox3D Orientation Quat Y": 0.0070719277488474,
            "BoundingBox3D Orientation Quat Z": 0.9809366889208752,
            "ObjectType": "TRAFFIC_SIGN",
            "Occluded": {
                "F_MIDRANGECAM_C": 0.9778501987457277
            },
            "Truncated": 0,
            "ObjectMeta": {
                "SourceID": 77,
                "SubType": "us_white_ground_rectangle_unknown",
                "Text": "",
                "OcrVersion": 10006
            }
        },
        {
            "ActorName": "TRAFFIC_SIGN 78",
            "ObjectId": 78,
            "BoundingBox3D Origin X": 113.01181586379973,
            "BoundingBox3D Origin Y": -3.694425657449756,
            "BoundingBox3D Origin Z": 2.3611939447000623,
            "BoundingBox3D Extent X": 0.1,
            "BoundingBox3D Extent Y": 0.3832816087039713,
            "BoundingBox3D Extent Z": 0.4357120768838613,
            "BoundingBox3D Orientation Quat W": 0.102132806131327,
            "BoundingBox3D Orientation Quat X": 0.0006690400086984,
            "BoundingBox3D Orientation Quat Y": 0.007041349919058,
            "BoundingBox3D Orientation Quat Z": 0.994745626624478,
            "ObjectType": "TRAFFIC_SIGN",
            "Occluded": {
                "F_MIDRANGECAM_C": 0.9975426197052002
            },
            "Truncated": 0,
            "ObjectMeta": {
                "SourceID": 78,
                "SubType": "unknown",
                "Text": "",
                "OcrVersion": 10006
            }
        },
        {
            "ActorName": "TRAFFIC_SIGN 79",
            "ObjectId": 79,
            "BoundingBox3D Origin X": 122.66468881502442,
            "BoundingBox3D Origin Y": 23.887058876818628,
            "BoundingBox3D Origin Z": 5.469828109256923,
            "BoundingBox3D Extent X": 0.1,
            "BoundingBox3D Extent Y": 1.7107504098693462,
            "BoundingBox3D Extent Z": 0.6034869053535241,
            "BoundingBox3D Orientation Quat W": -0.3153695087295126,
            "BoundingBox3D Orientation Quat X": 0.0035032375804518,
            "BoundingBox3D Orientation Quat Y": 0.0061476058544527,
            "BoundingBox3D Orientation Quat Z": 0.9489425732005174,
            "ObjectType": "TRAFFIC_SIGN",
            "Occluded": {
                "F_MIDRANGECAM_C": 0.921131193637848
            },
            "Truncated": 0,
            "ObjectMeta": {
                "SourceID": 79,
                "SubType": "unknown",
                "Text": "",
                "OcrVersion": 10006
            }
        },
        {
            "ActorName": "TRAFFIC_SIGN 80",
            "ObjectId": 80,
            "BoundingBox3D Origin X": 160.50067948360447,
            "BoundingBox3D Origin Y": 10.281897778535496,
            "BoundingBox3D Origin Z": 6.285354136489332,
            "BoundingBox3D Extent X": 0.0999999999999999,
            "BoundingBox3D Extent Y": 0.9914366721812164,
            "BoundingBox3D Extent Z": 1.020302161968541,
            "BoundingBox3D Orientation Quat W": -0.1167483119207114,
            "BoundingBox3D Orientation Quat X": 0.0021885031626088,