{
    "CapturedObjects": [
        {
            "ActorName": "TRAFFIC_SIGN 74",
            "ObjectId": 74,
            "BoundingBox3D Origin X": 25.82507917098837,
            "BoundingBox3D Origin Y": -5.00479362886108,
            "BoundingBox3D Origin Z": 4.2709448440000415,
            "BoundingBox3D Extent X": 0.1,
            "BoundingBox3D Extent Y": 1.0443760949039496,
            "BoundingBox3D Extent Z": 0.9445654290099652,
            "BoundingBox3D Orientation Quat W": 0.0641406174930689,
            "BoundingBox3D Orientation Quat X": -2.1891244777248164e-06,
            "BoundingBox3D Orientation Quat Y": 0.0040132629394109,
            "BoundingBox3D Orientation Quat Z": 0.9979328007954216,
            "ObjectType": "TRAFFIC_SIGN",
            "Occluded": {
                "F_MIDRANGECAM_C": 1.748894646880217e-07
            },
            "Truncated": 0,
            "ObjectMeta": {
                "SourceID": 74,
                "SubType": "us_white_ground_rectangle_unknown",
                "Text": "Ho",
                "OcrVersion": 10006
            }
        },
        {
            "ActorName": "TRAFFIC_SIGN 75",
            "ObjectId": 75,
            "BoundingBox3D Origin X": 15.39669926408942,
            "BoundingBox3D Origin Y": 12.640669078580686,
            "BoundingBox3D Origin Z": 1.2364536505192518,
            "BoundingBox3D Extent X": 0.1,
            "BoundingBox3D Extent Y": 0.9246897276089624,
            "BoundingBox3D Extent Z": 0.4851001072257914,
            "BoundingBox3D Orientation Quat W": -0.3159800544194849,
            "BoundingBox3D Orientation Quat X": 0.0015069667214108,
            "BoundingBox3D Orientation Quat Y": 0.0037203978121537,
            "BoundingBox3D Orientation Quat Z": 0.948757341421124,
            "ObjectType": "TRAFFIC_SIGN",
            "Occluded": {
                "F_MIDRANGECAM_C": 3.419349923206028e-06
            },
            "Truncated": 0,
            "ObjectMeta": {
                "SourceID": 75,
                "SubType": "us_white_ground_rectangle_unknown",
                "Text": "",
                "OcrVersion": 10006
            }
        },
        {
            "ActorName": "TRAFFIC_SIGN 76",
            "ObjectId": 76,
            "BoundingBox3D Origin X": 25.77760869527356,
            "BoundingBox3D Origin Y": -5.010585342766717,
            "BoundingBox3D Origin Z": 3.581107011064887,
            "BoundingBox3D Extent X": 0.1,
            "BoundingBox3D Extent Y": 0.6871968100218089,
            "BoundingBox3D Extent Z": 0.273953078968039,
            "BoundingBox3D Orientation Quat W": 0.1577126466318459,
            "BoundingBox3D Orientation Quat X": -0.0003774050376644,
            "BoundingBox3D Orientation Quat Y": 0.0039949965053662,
            "BoundingBox3D Orientation Quat Z": 0.9874768952541312,
            "ObjectType": "TRAFFIC_SIGN",
            "Occluded": {
                "F_MIDRANGECAM_C": 1.9856077415170148e-05
            },
            "Truncated": 0,
            "ObjectMeta": {
                "SourceID": 76,
                "SubType": "us_white_ground_rectangle_unknown",
                "Text": "",
                "OcrVersion": 10006
            }
        },
        {
            "ActorName": "TRAFFIC_SIGN 77",
            "ObjectId": 77,
            "BoundingBox3D Origin X": 25.26320286463624,
            "BoundingBox3D Origin Y": -5.005921752403083,
            "BoundingBox3D Origin Z": 3.232203678227961,
            "BoundingBox3D Extent X": 0.0999999999999999,
            "BoundingBox3D Extent Y": 0.60407060371918,
            "BoundingBox3D Extent Z": 0.2037042366830296,
            "BoundingBox3D Orientation Quat W": 0.1969561630063842,
            "BoundingBox3D Orientation Quat X": -0.000536728138666,
            "BoundingBox3D Orientation Quat Y": 0.003976682312153,
            "BoundingBox3D Orientation Quat Z": 0.9804040839238156,
            "ObjectType": "TRAFFIC_SIGN",
            "Occluded": {
                "F_MIDRANGECAM_C": 0.1154025793075561
            },
            "Truncated": 0,
            "ObjectMeta": {
                "SourceID": 77,
                "SubType": "us_white_ground_rectangle_unknown",
                "Text": "",
                "OcrVersion": 10006
            }
        },
        {
            "ActorName": "TRAFFIC_SIGN 78",
            "ObjectId": 78,
            "BoundingBox3D Origin X": 91.285482939973,
            "BoundingBox3D Origin Y": -4.4249542501420365,
            "BoundingBox3D Origin Z": 2.640833337791264,
            "BoundingBox3D Extent X": 0.1,
            "BoundingBox3D Extent Y": 0.3832816087039713,
            "BoundingBox3D Extent Z": 0.4357120768838613,
            "BoundingBox3D Orientation Quat W": 0.1049290401323781,
            "BoundingBox3D Orientation Quat X": -0.000159691609781,
            "BoundingBox3D Orientation Quat Y": 0.0040102600415043,
            "BoundingBox3D Orientation Quat Z": 0.9944716128929406,
            "ObjectType": "TRAFFIC_SIGN",
            "Occluded": {
                "F_MIDRANGECAM_C": 0.999890685081482
            },
            "Truncated": 0,
            "ObjectMeta": {
                "SourceID": 78,
                "SubType": "unknown",
                "Text": "",
                "OcrVersion": 10006
            }
        },
        {
            "ActorName": "TRAFFIC_SIGN 79",
            "ObjectId": 79,
            "BoundingBox3D Origin X": 101.08543081386053,
            "BoundingBox3D Origin Y": 23.082986556517422,
            "BoundingBox3D Origin Z": 5.933311709202826,
            "BoundingBox3D Extent X": 0.1,
            "BoundingBox3D Extent Y": 1.7107504098693462,
            "BoundingBox3D Extent Z": 0.6034869053535241,
            "BoundingBox3D Orientation Quat W": -0.3127046435468012,
            "BoundingBox3D Orientation Quat X": 0.0015014193014749,
            "BoundingBox3D Orientation Quat Y": 0.0037244693784603,
            "BoundingBox3D Orientation Quat Z": 0.9498419236758278,
            "ObjectType": "TRAFFIC_SIGN",
            "Occluded": {
                "F_MIDRANGECAM_C": 0.9430965185165404
            },
            "Truncated": 0,
            "ObjectMeta": {
                "SourceID": 79,
                "SubType": "unknown",
                "Text": "",
                "OcrVersion": 10006
            }
        },
        {
            "ActorName": "TRAFFIC_SIGN 80",
            "ObjectId": 80,
            "BoundingBox3D Origin X": 138.84283763854592,
            "BoundingBox3D Origin Y": 9.26092984072602,
            "BoundingBox3D Origin Z": 6.75563926436007,
            "BoundingBox3D Extent X": 0.0999999999999999,
            "BoundingBox3D Extent Y": 0.9914366721812164,
            "BoundingBox3D Extent Z": 1.020302161968541,
            "BoundingBox3D Orientation Quat W": -0.1139568914027009,
            "BoundingBox3D Orientation Quat X": 0.0007193392540742,
            "BoundingBox3D Orientation Quat Y": 0.0039499523193435,
            "BoundingBox3D Orientation Quat Z": 0.9934775827010618,
            "ObjectType": "TRAFFIC_SIGN",
            "Occluded": {
                "F_MIDRANGECAM_C": 0.9989171028137208
            },
            "Truncated": 0,
            "ObjectMeta": {
                "SourceID": 80,
                "SubType": "us_white_ground_rectangle_unknown",
                "Text": "Lt.",
                "OcrVersion": 10006
            }
        },
        {
            "ActorName": "TRAFFIC_SIGN 81",
            "ObjectId": 81,
            "BoundingBox3D Origin X": 139.97277557193956,
            "BoundingBox3D Origin Y": -4.835357809133711,
            "BoundingBox3D Origin Z": 5.095965176820755,
            "BoundingBox3D Extent X": 0.1,
            "BoundingBox3D Extent Y": 0.7463736033616835,
            "BoundingBox3D Extent Z": 0.983651782538956,
            "BoundingBox3D Orientation Quat W": 0.0710541785228661,