{
    "CapturedObjects": [
        {
            "ActorName": "TRAFFIC_SIGN 73",
            "ObjectId": 73,
            "BoundingBox3D Origin X": 0.8365306471951044,
            "BoundingBox3D Origin Y": -5.1449701776437,
            "BoundingBox3D Origin Z": 2.925208082422614,
            "BoundingBox3D Extent X": 0.1,
            "BoundingBox3D Extent Y": 0.3362411013069622,
            "BoundingBox3D Extent Z": 0.4807453413399092,
            "BoundingBox3D Orientation Quat W": 0.1526989942293103,
            "BoundingBox3D Orientation Quat X": -0.0003217313962051,
            "BoundingBox3D Orientation Quat Y": 0.0078443899706874,
            "BoundingBox3D Orientation Quat Z": 0.9882415591323072,
            "ObjectType": "TRAFFIC_SIGN",
            "Occluded": {
                "F_CTCAM_L": 0.0
            },
            "Truncated": 0,
            "ObjectMeta": {
                "SourceID": 73,
                "SubType": "us_white_ground_rectangle_unknown",
                "Text": "",
                "OcrVersion": 10006
            }
        },
        {
            "ActorName": "TRAFFIC_SIGN 74",
            "ObjectId": 74,
            "BoundingBox3D Origin X": 43.78328706085449,
            "BoundingBox3D Origin Y": -4.660691520082764,
            "BoundingBox3D Origin Z": 4.206655997782946,
            "BoundingBox3D Extent X": 0.1,
            "BoundingBox3D Extent Y": 1.0443760949039496,
            "BoundingBox3D Extent Z": 0.9445654290099652,
            "BoundingBox3D Orientation Quat W": 0.0614957411817019,
            "BoundingBox3D Orientation Quat X": 0.0003999582140723,
            "BoundingBox3D Orientation Quat Y": 0.0078416484491105,
            "BoundingBox3D Orientation Quat Z": 0.998076461199011,
            "ObjectType": "TRAFFIC_SIGN",
            "Occluded": {
                "F_MIDRANGECAM_C": 6.558819677593419e-06
            },
            "Truncated": 0,
            "ObjectMeta": {
                "SourceID": 74,
                "SubType": "us_white_ground_rectangle_unknown",
                "Text": "Ho",
                "OcrVersion": 10006
            }
        },
        {
            "ActorName": "TRAFFIC_SIGN 75",
            "ObjectId": 75,
            "BoundingBox3D Origin X": 33.25780026618304,
            "BoundingBox3D Origin Y": 12.905940529322834,
            "BoundingBox3D Origin Z": 1.0522939609363675,
            "BoundingBox3D Extent X": 0.1,
            "BoundingBox3D Extent Y": 0.9246897276089624,
            "BoundingBox3D Extent Z": 0.4851001072257914,
            "BoundingBox3D Orientation Quat W": -0.3184872262459455,
            "BoundingBox3D Orientation Quat X": 0.0033203249368741,
            "BoundingBox3D Orientation Quat Y": 0.0071170589969888,
            "BoundingBox3D Orientation Quat Z": 0.947894619476084,
            "ObjectType": "TRAFFIC_SIGN",
            "Occluded": {
                "F_MIDRANGECAM_C": 0.977214217185974
            },
            "Truncated": 0,
            "ObjectMeta": {
                "SourceID": 75,
                "SubType": "us_white_ground_rectangle_unknown",
                "Text": "",
                "OcrVersion": 10006
            }
        },
        {
            "ActorName": "TRAFFIC_SIGN 76",
            "ObjectId": 76,
            "BoundingBox3D Origin X": 43.7349561179708,
            "BoundingBox3D Origin Y": -4.671971243340522,
            "BoundingBox3D Origin Z": 3.5169470701366663,
            "BoundingBox3D Extent X": 0.1,
            "BoundingBox3D Extent Y": 0.6871968100218089,
            "BoundingBox3D Extent Z": 0.273953078968039,
            "BoundingBox3D Orientation Quat W": 0.1550944339764502,
            "BoundingBox3D Orientation Quat X": -0.0003373413970355,
            "BoundingBox3D Orientation Quat Y": 0.0078441201482917,
            "BoundingBox3D Orientation Quat Z": 0.9878684489998684,
            "ObjectType": "TRAFFIC_SIGN",
            "Occluded": {
                "F_MIDRANGECAM_C": 0.153374969959259
            },
            "Truncated": 0,
            "ObjectMeta": {
                "SourceID": 76,
                "SubType": "us_white_ground_rectangle_unknown",
                "Text": "",
                "OcrVersion": 10006
            }
        },
        {
            "ActorName": "TRAFFIC_SIGN 77",
            "ObjectId": 77,
            "BoundingBox3D Origin X": 43.22008493328758,
            "BoundingBox3D Origin Y": -4.672678165428806,
            "BoundingBox3D Origin Z": 3.1687070978805423,
            "BoundingBox3D Extent X": 0.0999999999999999,
            "BoundingBox3D Extent Y": 0.60407060371918,
            "BoundingBox3D Extent Z": 0.2037042366830296,
            "BoundingBox3D Orientation Quat W": 0.194356234036458,
            "BoundingBox3D Orientation Quat X": -0.0006502644146709,
            "BoundingBox3D Orientation Quat Y": 0.0078243139289402,
            "BoundingBox3D Orientation Quat Z": 0.9808995930057768,
            "ObjectType": "TRAFFIC_SIGN",
            "Occluded": {
                "F_MIDRANGECAM_C": 0.9745306968688964
            },
            "Truncated": 0,
            "ObjectMeta": {
                "SourceID": 77,
                "SubType": "us_white_ground_rectangle_unknown",
                "Text": "",
                "OcrVersion": 10006
            }
        },
        {
            "ActorName": "TRAFFIC_SIGN 78",
            "ObjectId": 78,
            "BoundingBox3D Origin X": 109.23717376178138,
            "BoundingBox3D Origin Y": -3.746916189804324,
            "BoundingBox3D Origin Z": 2.4846575558185577,
            "BoundingBox3D Extent X": 0.1,
            "BoundingBox3D Extent Y": 0.3832816087039713,
            "BoundingBox3D Extent Z": 0.4357120768838613,
            "BoundingBox3D Orientation Quat W": 0.1022928995843267,
            "BoundingBox3D Orientation Quat X": 8.533259484544004e-05,
            "BoundingBox3D Orientation Quat Y": 0.0078518568613237,
            "BoundingBox3D Orientation Quat Z": 0.9947233302566136,
            "ObjectType": "TRAFFIC_SIGN",
            "Occluded": {
                "F_MIDRANGECAM_C": 0.9975002408027648
            },
            "Truncated": 0,
            "ObjectMeta": {
                "SourceID": 78,
                "SubType": "unknown",
                "Text": "",
                "OcrVersion": 10006
            }
        },
        {
            "ActorName": "TRAFFIC_SIGN 79",
            "ObjectId": 79,
            "BoundingBox3D Origin X": 118.89558128364844,
            "BoundingBox3D Origin Y": 23.83690208813641,
            "BoundingBox3D Origin Z": 5.555171746760607,
            "BoundingBox3D Extent X": 0.1,
            "BoundingBox3D Extent Y": 1.7107504098693462,
            "BoundingBox3D Extent Z": 0.6034869053535241,
            "BoundingBox3D Orientation Quat W": -0.3152147608736166,
            "BoundingBox3D Orientation Quat X": 0.0033030515388594,
            "BoundingBox3D Orientation Quat Y": 0.0071273769378449,
            "BoundingBox3D Orientation Quat Z": 0.9489878528600384,
            "ObjectType": "TRAFFIC_SIGN",
            "Occluded": {
                "F_MIDRANGECAM_C": 0.9991322159767152
            },
            "Truncated": 0,
            "ObjectMeta": {
                "SourceID": 79,
                "SubType": "unknown",
                "Text": "",
                "OcrVersion": 10006
            }
        },
        {
            "ActorName": "TRAFFIC_SIGN 80",
            "ObjectId": 80,
            "BoundingBox3D Origin X": 156.72643780218823,
            "BoundingBox3D Origin Y": 10.221337336770375,
            "BoundingBox3D Origin Z": 6.431877432391048,
            "BoundingBox3D Extent X": 0.0999999999999999,
            "BoundingBox3D Extent Y": 0.9914366721812164,
            "BoundingBox3D Extent Z": 1.020302161968541,
            "BoundingBox3D Orientation Quat W": -0.1165874022214678,
            "BoundingBox3D Orientation Quat X": 0.0017948039215619,