{
    "CapturedObjects": [
        {
            "ActorName": "TRAFFIC_SIGN 71",
            "ObjectId": 71,
            "BoundingBox3D Origin X": 9.689429635163831,
            "BoundingBox3D Origin Y": -6.905369375293958,
            "BoundingBox3D Origin Z": 1.328417527489364,
            "BoundingBox3D Extent X": 0.1,
            "BoundingBox3D Extent Y": 0.4031856189935762,
            "BoundingBox3D Extent Z": 0.4997455218914134,
            "BoundingBox3D Orientation Quat W": 0.1102277320466745,
            "BoundingBox3D Orientation Quat X": 0.0011613679654821,
            "BoundingBox3D Orientation Quat Y": 0.0074577375774103,
            "BoundingBox3D Orientation Quat Z": 0.9938776989461644,
            "ObjectType": "TRAFFIC_SIGN",
            "Occluded": {
                "F_MIDRANGECAM_C": 7.561001257272437e-05
            },
            "Truncated": 0,
            "ObjectMeta": {
                "SourceID": 71,
                "SubType": "unknown",
                "Text": "",
                "OcrVersion": 10006
            }
        },
        {
            "ActorName": "TRAFFIC_SIGN 72",
            "ObjectId": 72,
            "BoundingBox3D Origin X": 11.602326617390643,
            "BoundingBox3D Origin Y": -7.440500829761731,
            "BoundingBox3D Origin Z": 1.8714401815086603,
            "BoundingBox3D Extent X": 0.1,
            "BoundingBox3D Extent Y": 0.9388444663395614,
            "BoundingBox3D Extent Z": 0.3092811740232059,
            "BoundingBox3D Orientation Quat W": 0.2821826975361868,
            "BoundingBox3D Orientation Quat X": -0.0001594355443452,
            "BoundingBox3D Orientation Quat Y": 0.0075458393272267,
            "BoundingBox3D Orientation Quat Z": 0.959330996111538,
            "ObjectType": "TRAFFIC_SIGN",
            "Occluded": {
                "F_MIDRANGECAM_C": 0.0003264983242843
            },
            "Truncated": 0,
            "ObjectMeta": {
                "SourceID": 72,
                "SubType": "us_yellow_ground_rectangle_unknown",
                "Text": "Chock and Shol Chun",
                "OcrVersion": 10006
            }
        },
        {
            "ActorName": "TRAFFIC_SIGN 73",
            "ObjectId": 73,
            "BoundingBox3D Origin X": 24.18329655336493,
            "BoundingBox3D Origin Y": -5.170973312779097,
            "BoundingBox3D Origin Z": 2.819193181581795,
            "BoundingBox3D Extent X": 0.1,
            "BoundingBox3D Extent Y": 0.3362411013069622,
            "BoundingBox3D Extent Z": 0.4807453413399092,
            "BoundingBox3D Orientation Quat W": 0.1590617851032192,
            "BoundingBox3D Orientation Quat X": 0.0007936789229867,
            "BoundingBox3D Orientation Quat Y": 0.0075061700781766,
            "BoundingBox3D Orientation Quat Z": 0.9872397763483304,
            "ObjectType": "TRAFFIC_SIGN",
            "Occluded": {
                "F_MIDRANGECAM_C": 0.0002050598995992
            },
            "Truncated": 0,
            "ObjectMeta": {
                "SourceID": 73,
                "SubType": "us_white_ground_rectangle_unknown",
                "Text": "",
                "OcrVersion": 10006
            }
        },
        {
            "ActorName": "TRAFFIC_SIGN 74",
            "ObjectId": 74,
            "BoundingBox3D Origin X": 67.13534983576028,
            "BoundingBox3D Origin Y": -5.242028487526113,
            "BoundingBox3D Origin Z": 4.015140797011554,
            "BoundingBox3D Extent X": 0.1,
            "BoundingBox3D Extent Y": 1.0443760949039496,
            "BoundingBox3D Extent Z": 0.9445654290099652,
            "BoundingBox3D Orientation Quat W": 0.0679240377951312,
            "BoundingBox3D Orientation Quat X": 0.0014794482905091,
            "BoundingBox3D Orientation Quat Y": 0.0074022958678774,
            "BoundingBox3D Orientation Quat Z": 0.9976619379019356,
            "ObjectType": "TRAFFIC_SIGN",
            "Occluded": {
                "F_MIDRANGECAM_C": 9.96300786937354e-06
            },
            "Truncated": 0,
            "ObjectMeta": {
                "SourceID": 74,
                "SubType": "us_white_ground_rectangle_unknown",
                "Text": "Ho",
                "OcrVersion": 10006
            }
        },
        {
            "ActorName": "TRAFFIC_SIGN 75",
            "ObjectId": 75,
            "BoundingBox3D Origin X": 56.83108517398432,
            "BoundingBox3D Origin Y": 12.462044896266889,
            "BoundingBox3D Origin Z": 0.8991899527609348,
            "BoundingBox3D Extent X": 0.1,
            "BoundingBox3D Extent Y": 0.9246897276089624,
            "BoundingBox3D Extent Z": 0.4851001072257914,
            "BoundingBox3D Orientation Quat W": -0.3123731108703996,
            "BoundingBox3D Orientation Quat X": 0.0041551674808067,
            "BoundingBox3D Orientation Quat Y": 0.006302344775188,
            "BoundingBox3D Orientation Quat Z": 0.9499294998254816,
            "ObjectType": "TRAFFIC_SIGN",
            "Occluded": {
                "F_MIDRANGECAM_C": 0.7819802761077881
            },
            "Truncated": 0,
            "ObjectMeta": {
                "SourceID": 75,
                "SubType": "us_white_ground_rectangle_unknown",
                "Text": "",
                "OcrVersion": 10006
            }
        },
        {
            "ActorName": "TRAFFIC_SIGN 76",
            "ObjectId": 76,
            "BoundingBox3D Origin X": 67.08549929863511,
            "BoundingBox3D Origin Y": -5.251986201372347,
            "BoundingBox3D Origin Z": 3.325513429939747,
            "BoundingBox3D Extent X": 0.1,
            "BoundingBox3D Extent Y": 0.6871968100218089,
            "BoundingBox3D Extent Z": 0.273953078968039,
            "BoundingBox3D Orientation Quat W": 0.1614547646388034,
            "BoundingBox3D Orientation Quat X": 0.0007788961028013,
            "BoundingBox3D Orientation Quat Y": 0.007508591653713,
            "BoundingBox3D Orientation Quat Z": 0.9868512417521028,
            "ObjectType": "TRAFFIC_SIGN",
            "Occluded": {
                "F_MIDRANGECAM_C": 0.988049328327179
            },
            "Truncated": 0,
            "ObjectMeta": {
                "SourceID": 76,
                "SubType": "us_white_ground_rectangle_unknown",
                "Text": "",
                "OcrVersion": 10006
            }
        },
        {
            "ActorName": "TRAFFIC_SIGN 77",
            "ObjectId": 77,
            "BoundingBox3D Origin X": 66.56996533182974,
            "BoundingBox3D Origin Y": -5.245699217557558,
            "BoundingBox3D Origin Z": 2.9783015633001924,
            "BoundingBox3D Extent X": 0.0999999999999999,
            "BoundingBox3D Extent Y": 0.60407060371918,
            "BoundingBox3D Extent Z": 0.2037042366830296,
            "BoundingBox3D Orientation Quat W": 0.2006707980992098,
            "BoundingBox3D Orientation Quat X": 0.0004785846506867,
            "BoundingBox3D Orientation Quat Y": 0.0075336877220753,
            "BoundingBox3D Orientation Quat Z": 0.9796296470076148,
            "ObjectType": "TRAFFIC_SIGN",
            "Occluded": {
                "F_MIDRANGECAM_C": 0.9976097345352172
            },
            "Truncated": 0,
            "ObjectMeta": {
                "SourceID": 77,
                "SubType": "us_white_ground_rectangle_unknown",
                "Text": "",
                "OcrVersion": 10006
            }
        },
        {
            "ActorName": "TRAFFIC_SIGN 78",
            "ObjectId": 78,
            "BoundingBox3D Origin X": 132.5922339220233,
            "BoundingBox3D Origin Y": -5.170919372001663,
            "BoundingBox3D Origin Z": 2.1629858193919063,
            "BoundingBox3D Extent X": 0.1,
            "BoundingBox3D Extent Y": 0.3832816087039713,
            "BoundingBox3D Extent Z": 0.4357120768838613,
            "BoundingBox3D Orientation Quat W": 0.1086986120204083,