{
    "CapturedObjects": [
        {
            "ActorName": "TRAFFIC_SIGN 74",
            "ObjectId": 74,
            "BoundingBox3D Origin X": 39.26097630152072,
            "BoundingBox3D Origin Y": -4.787311623498681,
            "BoundingBox3D Origin Z": 4.168801193125546,
            "BoundingBox3D Extent X": 0.1,
            "BoundingBox3D Extent Y": 1.0443760949039496,
            "BoundingBox3D Extent Z": 0.9445654290099652,
            "BoundingBox3D Orientation Quat W": 0.0626310751578017,
            "BoundingBox3D Orientation Quat X": 0.0010609703759707,
            "BoundingBox3D Orientation Quat Y": 0.0071189265467134,
            "BoundingBox3D Orientation Quat Z": 0.9980107933540908,
            "ObjectType": "TRAFFIC_SIGN",
            "Occluded": {
                "F_MIDRANGECAM_C": 8.740383236727212e-06
            },
            "Truncated": 0,
            "ObjectMeta": {
                "SourceID": 74,
                "SubType": "us_white_ground_rectangle_unknown",
                "Text": "Ho",
                "OcrVersion": 10006
            }
        },
        {
            "ActorName": "TRAFFIC_SIGN 75",
            "ObjectId": 75,
            "BoundingBox3D Origin X": 28.77176223446077,
            "BoundingBox3D Origin Y": 12.808054393317434,
            "BoundingBox3D Origin Z": 1.0539726549759507,
            "BoundingBox3D Extent X": 0.1,
            "BoundingBox3D Extent Y": 0.9246897276089624,
            "BoundingBox3D Extent Z": 0.4851001072257914,
            "BoundingBox3D Orientation Quat W": -0.3174118212751481,
            "BoundingBox3D Orientation Quat X": 0.003660315756133,
            "BoundingBox3D Orientation Quat Y": 0.006197611209775,
            "BoundingBox3D Orientation Quat Z": 0.9482604744576522,
            "ObjectType": "TRAFFIC_SIGN",
            "Occluded": {
                "F_MIDRANGECAM_C": 0.9352604150772096
            },
            "Truncated": 0,
            "ObjectMeta": {
                "SourceID": 75,
                "SubType": "us_white_ground_rectangle_unknown",
                "Text": "",
                "OcrVersion": 10006
            }
        },
        {
            "ActorName": "TRAFFIC_SIGN 76",
            "ObjectId": 76,
            "BoundingBox3D Origin X": 39.21178279336891,
            "BoundingBox3D Origin Y": -4.797430042221095,
            "BoundingBox3D Origin Z": 3.4791293190792203,
            "BoundingBox3D Extent X": 0.1,
            "BoundingBox3D Extent Y": 0.6871968100218089,
            "BoundingBox3D Extent Z": 0.273953078968039,
            "BoundingBox3D Orientation Quat W": 0.1562182751012066,
            "BoundingBox3D Orientation Quat X": 0.0003889997237734,
            "BoundingBox3D Orientation Quat Y": 0.0071869681002326,
            "BoundingBox3D Orientation Quat Z": 0.987696333238686,
            "ObjectType": "TRAFFIC_SIGN",
            "Occluded": {
                "F_MIDRANGECAM_C": 0.1034395098686218
            },
            "Truncated": 0,
            "ObjectMeta": {
                "SourceID": 76,
                "SubType": "us_white_ground_rectangle_unknown",
                "Text": "",
                "OcrVersion": 10006
            }
        },
        {
            "ActorName": "TRAFFIC_SIGN 77",
            "ObjectId": 77,
            "BoundingBox3D Origin X": 38.69649056630078,
            "BoundingBox3D Origin Y": -4.796430192931439,
            "BoundingBox3D Origin Z": 3.131509793922305,
            "BoundingBox3D Extent X": 0.0999999999999999,
            "BoundingBox3D Extent Y": 0.60407060371918,
            "BoundingBox3D Extent Z": 0.2037042366830296,
            "BoundingBox3D Orientation Quat W": 0.1954721356668752,
            "BoundingBox3D Orientation Quat X": 0.0001018370530294,
            "BoundingBox3D Orientation Quat Y": 0.0071966983366499,
            "BoundingBox3D Orientation Quat Z": 0.9806828444202014,
            "ObjectType": "TRAFFIC_SIGN",
            "Occluded": {
                "F_MIDRANGECAM_C": 0.988067865371704
            },
            "Truncated": 0,
            "ObjectMeta": {
                "SourceID": 77,
                "SubType": "us_white_ground_rectangle_unknown",
                "Text": "",
                "OcrVersion": 10006
            }
        },
        {
            "ActorName": "TRAFFIC_SIGN 78",
            "ObjectId": 78,
            "BoundingBox3D Origin X": 104.71444089182842,
            "BoundingBox3D Origin Y": -4.020445040878258,
            "BoundingBox3D Origin Z": 2.368898978456855,
            "BoundingBox3D Extent X": 0.1,
            "BoundingBox3D Extent Y": 0.3832816087039713,
            "BoundingBox3D Extent Z": 0.4357120768838613,
            "BoundingBox3D Orientation Quat W": 0.1034244946549254,
            "BoundingBox3D Orientation Quat X": 0.0007754903488484,
            "BoundingBox3D Orientation Quat Y": 0.0071568797155796,
            "BoundingBox3D Orientation Quat Z": 0.9946112565182584,
            "ObjectType": "TRAFFIC_SIGN",
            "Occluded": {
                "F_MIDRANGECAM_C": 0.9940345883369446
            },
            "Truncated": 0,
            "ObjectMeta": {
                "SourceID": 78,
                "SubType": "unknown",
                "Text": "",
                "OcrVersion": 10006
            }
        },
        {
            "ActorName": "TRAFFIC_SIGN 79",
            "ObjectId": 79,
            "BoundingBox3D Origin X": 114.4393784811291,
            "BoundingBox3D Origin Y": 23.536447381149628,
            "BoundingBox3D Origin Z": 5.4698197953403,
            "BoundingBox3D Extent X": 0.1,
            "BoundingBox3D Extent Y": 1.7107504098693462,
            "BoundingBox3D Extent Z": 0.6034869053535241,
            "BoundingBox3D Orientation Quat W": -0.3141380817247717,
            "BoundingBox3D Orientation Quat X": 0.003646207702798,
            "BoundingBox3D Orientation Quat Y": 0.0062091117524734,
            "BoundingBox3D Orientation Quat Z": 0.9493499974777028,
            "ObjectType": "TRAFFIC_SIGN",
            "Occluded": {
                "F_MIDRANGECAM_C": 0.998837411403656
            },
            "Truncated": 0,
            "ObjectMeta": {
                "SourceID": 79,
                "SubType": "unknown",
                "Text": "",
                "OcrVersion": 10006
            }
        },
        {
            "ActorName": "TRAFFIC_SIGN 80",
            "ObjectId": 80,
            "BoundingBox3D Origin X": 152.24002934692908,
            "BoundingBox3D Origin Y": 9.83321473794058,
            "BoundingBox3D Origin Z": 6.279930103570223,
            "BoundingBox3D Extent X": 0.0999999999999999,
            "BoundingBox3D Extent Y": 0.9914366721812164,
            "BoundingBox3D Extent Z": 1.020302161968541,
            "BoundingBox3D Orientation Quat W": -0.1154585895506785,
            "BoundingBox3D Orientation Quat X": 0.0023166714360543,
            "BoundingBox3D Orientation Quat Y": 0.0068175148073801,
            "BoundingBox3D Orientation Quat Z": 0.9932861967349976,
            "ObjectType": "TRAFFIC_SIGN",
            "Occluded": {
                "F_MIDRANGECAM_C": 0.9983590245246888
            },
            "Truncated": 0,
            "ObjectMeta": {
                "SourceID": 80,
                "SubType": "us_white_ground_rectangle_unknown",
                "Text": "Lt.",
                "OcrVersion": 10006
            }
        },
        {
            "ActorName": "TRAFFIC_SIGN 81",
            "ObjectId": 81,
            "BoundingBox3D Origin X": 153.40837469403414,
            "BoundingBox3D Origin Y": -4.269484196687699,
            "BoundingBox3D Origin Z": 4.702789290808141,
            "BoundingBox3D Extent X": 0.1,
            "BoundingBox3D Extent Y": 0.7463736033616835,
            "BoundingBox3D Extent Z": 0.983651782538956,
            "BoundingBox3D Orientation Quat W": 0.0695453285668574,
            "BoundingBox3D Orientation Quat X": 0.0010203497715484,