{
    "CapturedObjects": [
        {
            "ActorName": "TRAFFIC_SIGN 74",
            "ObjectId": 74,
            "BoundingBox3D Origin X": 8.529764858440103,
            "BoundingBox3D Origin Y": -5.0562703439209145,
            "BoundingBox3D Origin Z": 4.29602101072669,
            "BoundingBox3D Extent X": 0.1,
            "BoundingBox3D Extent Y": 1.0443760949039496,
            "BoundingBox3D Extent Z": 0.9445654290099652,
            "BoundingBox3D Orientation Quat W": 0.062076913907175,
            "BoundingBox3D Orientation Quat X": -0.0015386062212227,
            "BoundingBox3D Orientation Quat Y": 0.0055095153038079,
            "BoundingBox3D Orientation Quat Z": 0.9980549757862912,
            "ObjectType": "TRAFFIC_SIGN",
            "Occluded": {
                "F_MIDRANGECAM_C": 0.0386686250567436
            },
            "Truncated": 0,
            "ObjectMeta": {
                "SourceID": 74,
                "SubType": "us_white_ground_rectangle_unknown",
                "Text": "Ho",
                "OcrVersion": 10006
            }
        },
        {
            "ActorName": "TRAFFIC_SIGN 76",
            "ObjectId": 76,
            "BoundingBox3D Origin X": 8.484295014246527,
            "BoundingBox3D Origin Y": -5.064450389400008,
            "BoundingBox3D Origin Z": 3.606070184148848,
            "BoundingBox3D Extent X": 0.1,
            "BoundingBox3D Extent Y": 0.6871968100218089,
            "BoundingBox3D Extent Z": 0.273953078968039,
            "BoundingBox3D Orientation Quat W": 0.1556706968584881,
            "BoundingBox3D Orientation Quat X": -0.0020478008304264,
            "BoundingBox3D Orientation Quat Y": 0.0053401632705506,
            "BoundingBox3D Orientation Quat Z": 0.9877924495093064,
            "ObjectType": "TRAFFIC_SIGN",
            "Occluded": {
                "F_MIDRANGECAM_C": 0.0014848058344796
            },
            "Truncated": 0,
            "ObjectMeta": {
                "SourceID": 76,
                "SubType": "us_white_ground_rectangle_unknown",
                "Text": "",
                "OcrVersion": 10006
            }
        },
        {
            "ActorName": "TRAFFIC_SIGN 77",
            "ObjectId": 77,
            "BoundingBox3D Origin X": 7.970878012822141,
            "BoundingBox3D Origin Y": -5.063031421843334,
            "BoundingBox3D Origin Z": 3.25568709988147,
            "BoundingBox3D Extent X": 0.0999999999999999,
            "BoundingBox3D Extent Y": 0.60407060371918,
            "BoundingBox3D Extent Z": 0.2037042366830296,
            "BoundingBox3D Orientation Quat W": 0.1949288292148253,
            "BoundingBox3D Orientation Quat X": -0.0022594476854614,
            "BoundingBox3D Orientation Quat Y": 0.0052542069366267,
            "BoundingBox3D Orientation Quat Z": 0.9808007135736396,
            "ObjectType": "TRAFFIC_SIGN",
            "Occluded": {
                "F_MIDRANGECAM_C": 0.0271798279136419
            },
            "Truncated": 0,
            "ObjectMeta": {
                "SourceID": 77,
                "SubType": "us_white_ground_rectangle_unknown",
                "Text": "",
                "OcrVersion": 10006
            }
        },
        {
            "ActorName": "TRAFFIC_SIGN 78",
            "ObjectId": 78,
            "BoundingBox3D Origin X": 73.99131303866852,
            "BoundingBox3D Origin Y": -4.209754702969804,
            "BoundingBox3D Origin Z": 2.8507317239418626,
            "BoundingBox3D Extent X": 0.1,
            "BoundingBox3D Extent Y": 0.3832816087039713,
            "BoundingBox3D Extent Z": 0.4357120768838613,
            "BoundingBox3D Orientation Quat W": 0.1028725806035226,
            "BoundingBox3D Orientation Quat X": -0.0017560890711966,
            "BoundingBox3D Orientation Quat Y": 0.0054424097608747,
            "BoundingBox3D Orientation Quat Z": 0.994678102949462,
            "ObjectType": "TRAFFIC_SIGN",
            "Occluded": {
                "F_MIDRANGECAM_C": 0.9979662895202636
            },
            "Truncated": 0,
            "ObjectMeta": {
                "SourceID": 78,
                "SubType": "unknown",
                "Text": "",
                "OcrVersion": 10006
            }
        },
        {
            "ActorName": "TRAFFIC_SIGN 79",
            "ObjectId": 79,
            "BoundingBox3D Origin X": 83.66771619124847,
            "BoundingBox3D Origin Y": 23.34918972868764,
            "BoundingBox3D Origin Z": 6.08338972274214,
            "BoundingBox3D Extent X": 0.1,
            "BoundingBox3D Extent Y": 1.7107504098693462,
            "BoundingBox3D Extent Z": 0.6034869053535241,
            "BoundingBox3D Orientation Quat W": -0.3146683185486485,
            "BoundingBox3D Orientation Quat X": 0.0006342533708391,
            "BoundingBox3D Orientation Quat Y": 0.0056857744801783,
            "BoundingBox3D Orientation Quat Z": 0.9491844494053768,
            "ObjectType": "TRAFFIC_SIGN",
            "Occluded": {
                "F_MIDRANGECAM_C": 0.8103421926498413
            },
            "Truncated": 0,
            "ObjectMeta": {
                "SourceID": 79,
                "SubType": "unknown",
                "Text": "",
                "OcrVersion": 10006
            }
        },
        {
            "ActorName": "TRAFFIC_SIGN 80",
            "ObjectId": 80,
            "BoundingBox3D Origin X": 121.47937538229417,
            "BoundingBox3D Origin Y": 9.686629153249667,
            "BoundingBox3D Origin Z": 7.057469718158245,
            "BoundingBox3D Extent X": 0.0999999999999999,
            "BoundingBox3D Extent Y": 0.9914366721812164,
            "BoundingBox3D Extent Z": 1.020302161968541,
            "BoundingBox3D Orientation Quat W": -0.1160116453604223,
            "BoundingBox3D Orientation Quat X": -0.0005270482480971,
            "BoundingBox3D Orientation Quat Y": 0.0056950603582225,
            "BoundingBox3D Orientation Quat Z": 0.993231386258221,
            "ObjectType": "TRAFFIC_SIGN",
            "Occluded": {
                "F_MIDRANGECAM_C": 0.9918233752250672
            },
            "Truncated": 0,
            "ObjectMeta": {
                "SourceID": 80,
                "SubType": "us_white_ground_rectangle_unknown",
                "Text": "Lt.",
                "OcrVersion": 10006
            }
        },
        {
            "ActorName": "TRAFFIC_SIGN 81",
            "ObjectId": 81,
            "BoundingBox3D Origin X": 122.67243872541984,
            "BoundingBox3D Origin Y": -4.410158809798304,
            "BoundingBox3D Origin Z": 5.445992343127728,
            "BoundingBox3D Extent X": 0.1,
            "BoundingBox3D Extent Y": 0.7463736033616835,
            "BoundingBox3D Extent Z": 0.983651782538956,
            "BoundingBox3D Orientation Quat W": 0.0689914725233316,
            "BoundingBox3D Orientation Quat X": -0.0015680206059972,
            "BoundingBox3D Orientation Quat Y": 0.005499412336769,
            "BoundingBox3D Orientation Quat Z": 0.997600859309169,
            "ObjectType": "TRAFFIC_SIGN",
            "Occluded": {
                "F_MIDRANGECAM_C": 0.3450872004032135
            },
            "Truncated": 0,
            "ObjectMeta": {
                "SourceID": 81,
                "SubType": "us_white_ground_rectangle_unknown",
                "Text": "A",
                "OcrVersion": 10006
            }
        },
        {
            "ActorName": "TRAFFIC_SIGN 82",
            "ObjectId": 82,
            "BoundingBox3D Origin X": 122.54530957391398,
            "BoundingBox3D Origin Y": -0.2296513765468262,
            "BoundingBox3D Origin Z": 6.455570635385811,
            "BoundingBox3D Extent X": 0.1,
            "BoundingBox3D Extent Y": 2.213188412608715,
            "BoundingBox3D Extent Z": 0.5427212993728956,
            "BoundingBox3D Orientation Quat W": 0.0118337625545943,
            "BoundingBox3D Orientation Quat X": -0.0012504993743173,