{
    "CapturedObjects": [
        {
            "ActorName": "TRAFFIC_SIGN 73",
            "ObjectId": 73,
            "BoundingBox3D Origin X": 2.3521655540062056,
            "BoundingBox3D Origin Y": -5.135341126733692,
            "BoundingBox3D Origin Z": 2.91985572129488,
            "BoundingBox3D Extent X": 0.1,
            "BoundingBox3D Extent Y": 0.3362411013069622,
            "BoundingBox3D Extent Z": 0.4807453413399092,
            "BoundingBox3D Orientation Quat W": 0.152324557720931,
            "BoundingBox3D Orientation Quat X": 0.0005355154789215,
            "BoundingBox3D Orientation Quat Y": 0.0079292936994187,
            "BoundingBox3D Orientation Quat Z": 0.9882985726184788,
            "ObjectType": "TRAFFIC_SIGN",
            "Occluded": {
                "F_CTCAM_L": 0.0
            },
            "Truncated": 0,
            "ObjectMeta": {
                "SourceID": 73,
                "SubType": "us_white_ground_rectangle_unknown",
                "Text": "",
                "OcrVersion": 10006
            }
        },
        {
            "ActorName": "TRAFFIC_SIGN 74",
            "ObjectId": 74,
            "BoundingBox3D Origin X": 45.30106253732083,
            "BoundingBox3D Origin Y": -4.619412939660833,
            "BoundingBox3D Origin Z": 4.127388803288341,
            "BoundingBox3D Extent X": 0.1,
            "BoundingBox3D Extent Y": 1.0443760949039496,
            "BoundingBox3D Extent Z": 0.9445654290099652,
            "BoundingBox3D Orientation Quat W": 0.0611188809564903,
            "BoundingBox3D Orientation Quat X": 0.0012611434108466,
            "BoundingBox3D Orientation Quat Y": 0.007847429480513,
            "BoundingBox3D Orientation Quat Z": 0.9980988476891812,
            "ObjectType": "TRAFFIC_SIGN",
            "Occluded": {
                "F_MIDRANGECAM_C": 0.0001172489210148
            },
            "Truncated": 0,
            "ObjectMeta": {
                "SourceID": 74,
                "SubType": "us_white_ground_rectangle_unknown",
                "Text": "Ho",
                "OcrVersion": 10006
            }
        },
        {
            "ActorName": "TRAFFIC_SIGN 75",
            "ObjectId": 75,
            "BoundingBox3D Origin X": 34.75706616917887,
            "BoundingBox3D Origin Y": 12.939610528206686,
            "BoundingBox3D Origin Z": 0.9928816501051188,
            "BoundingBox3D Extent X": 0.1,
            "BoundingBox3D Extent Y": 0.9246897276089624,
            "BoundingBox3D Extent Z": 0.4851001072257914,
            "BoundingBox3D Orientation Quat W": -0.3188405238670144,
            "BoundingBox3D Orientation Quat X": 0.0041201028277829,
            "BoundingBox3D Orientation Quat Y": 0.0067973231601674,
            "BoundingBox3D Orientation Quat Z": 0.9477750479363511,
            "ObjectType": "TRAFFIC_SIGN",
            "Occluded": {
                "F_MIDRANGECAM_C": 0.7791711688041687
            },
            "Truncated": 0,
            "ObjectMeta": {
                "SourceID": 75,
                "SubType": "us_white_ground_rectangle_unknown",
                "Text": "",
                "OcrVersion": 10006
            }
        },
        {
            "ActorName": "TRAFFIC_SIGN 76",
            "ObjectId": 76,
            "BoundingBox3D Origin X": 45.25154745987675,
            "BoundingBox3D Origin Y": -4.630663143427228,
            "BoundingBox3D Origin Z": 3.437758607789874,
            "BoundingBox3D Extent X": 0.1,
            "BoundingBox3D Extent Y": 0.6871968100218089,
            "BoundingBox3D Extent Z": 0.273953078968039,
            "BoundingBox3D Orientation Quat W": 0.1547201073856394,
            "BoundingBox3D Orientation Quat X": 0.0005197036331974,
            "BoundingBox3D Orientation Quat Y": 0.0079311081886778,
            "BoundingBox3D Orientation Quat Z": 0.9879263716500382,
            "ObjectType": "TRAFFIC_SIGN",
            "Occluded": {
                "F_MIDRANGECAM_C": 0.7141708135604858
            },
            "Truncated": 0,
            "ObjectMeta": {
                "SourceID": 76,
                "SubType": "us_white_ground_rectangle_unknown",
                "Text": "",
                "OcrVersion": 10006
            }
        },
        {
            "ActorName": "TRAFFIC_SIGN 77",
            "ObjectId": 77,
            "BoundingBox3D Origin X": 44.73607146769064,
            "BoundingBox3D Origin Y": -4.631718065749737,
            "BoundingBox3D Origin Z": 3.090403638780117,
            "BoundingBox3D Extent X": 0.0999999999999999,
            "BoundingBox3D Extent Y": 0.60407060371918,
            "BoundingBox3D Extent Z": 0.2037042366830296,
            "BoundingBox3D Orientation Quat W": 0.1939840756549733,
            "BoundingBox3D Orientation Quat X": 0.0002027448065672,
            "BoundingBox3D Orientation Quat Y": 0.0079454794699892,
            "BoundingBox3D Orientation Quat Z": 0.9809724800639524,
            "ObjectType": "TRAFFIC_SIGN",
            "Occluded": {
                "F_MIDRANGECAM_C": 0.9916133880615234
            },
            "Truncated": 0,
            "ObjectMeta": {
                "SourceID": 77,
                "SubType": "us_white_ground_rectangle_unknown",
                "Text": "",
                "OcrVersion": 10006
            }
        },
        {
            "ActorName": "TRAFFIC_SIGN 78",
            "ObjectId": 78,
            "BoundingBox3D Origin X": 110.75172948664476,
            "BoundingBox3D Origin Y": -3.657055278905318,
            "BoundingBox3D Origin Z": 2.292738290503621,
            "BoundingBox3D Extent X": 0.1,
            "BoundingBox3D Extent Y": 0.3832816087039713,
            "BoundingBox3D Extent Z": 0.4357120768838613,
            "BoundingBox3D Orientation Quat W": 0.10191669924243,
            "BoundingBox3D Orientation Quat X": 0.0009456504531717,
            "BoundingBox3D Orientation Quat Y": 0.0078929889441619,
            "BoundingBox3D Orientation Quat Z": 0.994761173793125,
            "ObjectType": "TRAFFIC_SIGN",
            "Occluded": {
                "F_MIDRANGECAM_C": 0.999061405658722
            },
            "Truncated": 0,
            "ObjectMeta": {
                "SourceID": 78,
                "SubType": "unknown",
                "Text": "",
                "OcrVersion": 10006
            }
        },
        {
            "ActorName": "TRAFFIC_SIGN 79",
            "ObjectId": 79,
            "BoundingBox3D Origin X": 120.39511423822478,
            "BoundingBox3D Origin Y": 23.93343076121528,
            "BoundingBox3D Origin Z": 5.349367622286081,
            "BoundingBox3D Extent X": 0.1,
            "BoundingBox3D Extent Y": 1.7107504098693462,
            "BoundingBox3D Extent Z": 0.6034869053535241,
            "BoundingBox3D Orientation Quat W": -0.3155684826845255,
            "BoundingBox3D Orientation Quat X": 0.0041039225856574,
            "BoundingBox3D Orientation Quat Y": 0.0068104152955259,
            "BoundingBox3D Orientation Quat Z": 0.9488694898662832,
            "ObjectType": "TRAFFIC_SIGN",
            "Occluded": {
                "F_MIDRANGECAM_C": 0.9975351095199584
            },
            "Truncated": 0,
            "ObjectMeta": {
                "SourceID": 79,
                "SubType": "unknown",
                "Text": "",
                "OcrVersion": 10006
            }
        },
        {
            "ActorName": "TRAFFIC_SIGN 80",
            "ObjectId": 80,
            "BoundingBox3D Origin X": 158.2378025706348,
            "BoundingBox3D Origin Y": 10.34586477348057,
            "BoundingBox3D Origin Z": 6.159569718874991,
            "BoundingBox3D Extent X": 0.0999999999999999,
            "BoundingBox3D Extent Y": 0.9914366721812164,
            "BoundingBox3D Extent Z": 1.020302161968541,
            "BoundingBox3D Orientation Quat W": -0.1169596789463713,
            "BoundingBox3D Orientation Quat X": 0.0026430683150292,