{
    "CapturedObjects": [
        {
            "ActorName": "TRAFFIC_SIGN 71",
            "ObjectId": 71,
            "BoundingBox3D Origin X": 21.553052527247928,
            "BoundingBox3D Origin Y": -6.877016672253376,
            "BoundingBox3D Origin Z": 1.2186225028708575,
            "BoundingBox3D Extent X": 0.1,
            "BoundingBox3D Extent Y": 0.4031856189935762,
            "BoundingBox3D Extent Z": 0.4997455218914134,
            "BoundingBox3D Orientation Quat W": 0.1118200925236842,
            "BoundingBox3D Orientation Quat X": 0.0035012168763615,
            "BoundingBox3D Orientation Quat Y": 0.010690571007101,
            "BoundingBox3D Orientation Quat Z": 0.9936647926136464,
            "ObjectType": "TRAFFIC_SIGN",
            "Occluded": {
                "F_MIDRANGECAM_C": 3.482726015135995e-06
            },
            "Truncated": 0,
            "ObjectMeta": {
                "SourceID": 71,
                "SubType": "unknown",
                "Text": "",
                "OcrVersion": 10006
            }
        },
        {
            "ActorName": "TRAFFIC_SIGN 72",
            "ObjectId": 72,
            "BoundingBox3D Origin X": 23.46708391590073,
            "BoundingBox3D Origin Y": -7.415152917950763,
            "BoundingBox3D Origin Z": 1.754600233398378,
            "BoundingBox3D Extent X": 0.1,
            "BoundingBox3D Extent Y": 0.9388444663395614,
            "BoundingBox3D Extent Z": 0.3092811740232059,
            "BoundingBox3D Orientation Quat W": 0.2837138418188753,
            "BoundingBox3D Orientation Quat X": 0.001579571818486,
            "BoundingBox3D Orientation Quat Y": 0.0111374761934679,
            "BoundingBox3D Orientation Quat Z": 0.9588430098495186,
            "ObjectType": "TRAFFIC_SIGN",
            "Occluded": {
                "F_MIDRANGECAM_C": 0.0002435800415696
            },
            "Truncated": 0,
            "ObjectMeta": {
                "SourceID": 72,
                "SubType": "us_yellow_ground_rectangle_unknown",
                "Text": "Chock and Shol Chun",
                "OcrVersion": 10006
            }
        },
        {
            "ActorName": "TRAFFIC_SIGN 73",
            "ObjectId": 73,
            "BoundingBox3D Origin X": 36.06011343646969,
            "BoundingBox3D Origin Y": -5.181007243023487,
            "BoundingBox3D Origin Z": 2.621796640567481,
            "BoundingBox3D Extent X": 0.1,
            "BoundingBox3D Extent Y": 0.3362411013069622,
            "BoundingBox3D Extent Z": 0.4807453413399092,
            "BoundingBox3D Orientation Quat W": 0.1606419613194297,
            "BoundingBox3D Orientation Quat X": 0.002971413086466,
            "BoundingBox3D Orientation Quat Y": 0.0108502773158317,
            "BoundingBox3D Orientation Quat Z": 0.986948632123215,
            "ObjectType": "TRAFFIC_SIGN",
            "Occluded": {
                "F_MIDRANGECAM_C": 0.0005598157295025
            },
            "Truncated": 0,
            "ObjectMeta": {
                "SourceID": 73,
                "SubType": "us_white_ground_rectangle_unknown",
                "Text": "",
                "OcrVersion": 10006
            }
        },
        {
            "ActorName": "TRAFFIC_SIGN 74",
            "ObjectId": 74,
            "BoundingBox3D Origin X": 79.01726322298782,
            "BoundingBox3D Origin Y": -5.384752307334566,
            "BoundingBox3D Origin Z": 3.5891026873141527,
            "BoundingBox3D Extent X": 0.1,
            "BoundingBox3D Extent Y": 1.0443760949039496,
            "BoundingBox3D Extent Z": 0.9445654290099652,
            "BoundingBox3D Orientation Quat W": 0.0695237489297019,
            "BoundingBox3D Orientation Quat X": 0.0039544555172017,
            "BoundingBox3D Orientation Quat Y": 0.0105329180757031,
            "BoundingBox3D Orientation Quat Z": 0.9975168511123672,
            "ObjectType": "TRAFFIC_SIGN",
            "Occluded": {
                "F_MIDRANGECAM_C": 0.7066311836242676
            },
            "Truncated": 0,
            "ObjectMeta": {
                "SourceID": 74,
                "SubType": "us_white_ground_rectangle_unknown",
                "Text": "Ho",
                "OcrVersion": 10006
            }
        },
        {
            "ActorName": "TRAFFIC_SIGN 75",
            "ObjectId": 75,
            "BoundingBox3D Origin X": 68.75356876611477,
            "BoundingBox3D Origin Y": 12.334080329106657,
            "BoundingBox3D Origin Z": 0.4232977228239178,
            "BoundingBox3D Extent X": 0.1,
            "BoundingBox3D Extent Y": 0.9246897276089624,
            "BoundingBox3D Extent Z": 0.4851001072257914,
            "BoundingBox3D Orientation Quat W": -0.310839247182683,
            "BoundingBox3D Orientation Quat X": 0.0076257290319007,
            "BoundingBox3D Orientation Quat Y": 0.0082723703189652,
            "BoundingBox3D Orientation Quat Z": 0.9503959062185304,
            "ObjectType": "TRAFFIC_SIGN",
            "Occluded": {
                "F_MIDRANGECAM_C": 0.9454939961433412
            },
            "Truncated": 0,
            "ObjectMeta": {
                "SourceID": 75,
                "SubType": "us_white_ground_rectangle_unknown",
                "Text": "",
                "OcrVersion": 10006
            }
        },
        {
            "ActorName": "TRAFFIC_SIGN 76",
            "ObjectId": 76,
            "BoundingBox3D Origin X": 78.96369335673808,
            "BoundingBox3D Origin Y": -5.398622491004062,
            "BoundingBox3D Origin Z": 2.899819592013955,
            "BoundingBox3D Extent X": 0.1,
            "BoundingBox3D Extent Y": 0.6871968100218089,
            "BoundingBox3D Extent Z": 0.273953078968039,
            "BoundingBox3D Orientation Quat W": 0.1630342488574472,
            "BoundingBox3D Orientation Quat X": 0.0029485172061098,
            "BoundingBox3D Orientation Quat Y": 0.0108579591180105,
            "BoundingBox3D Orientation Quat Z": 0.9865562551976264,
            "ObjectType": "TRAFFIC_SIGN",
            "Occluded": {
                "F_MIDRANGECAM_C": 0.4186994433403015
            },
            "Truncated": 0,
            "ObjectMeta": {
                "SourceID": 76,
                "SubType": "us_white_ground_rectangle_unknown",
                "Text": "",
                "OcrVersion": 10006
            }
        },
        {
            "ActorName": "TRAFFIC_SIGN 77",
            "ObjectId": 77,
            "BoundingBox3D Origin X": 78.4463353939791,
            "BoundingBox3D Origin Y": -5.392709791296511,
            "BoundingBox3D Origin Z": 2.555329207330942,
            "BoundingBox3D Extent X": 0.0999999999999999,
            "BoundingBox3D Extent Y": 0.60407060371918,
            "BoundingBox3D Extent Z": 0.2037042366830296,
            "BoundingBox3D Orientation Quat W": 0.202237398015764,
            "BoundingBox3D Orientation Quat X": 0.0025129425166597,
            "BoundingBox3D Orientation Quat Y": 0.0109668260043765,
            "BoundingBox3D Orientation Quat Z": 0.9792718972231924,
            "ObjectType": "TRAFFIC_SIGN",
            "Occluded": {
                "F_MIDRANGECAM_C": 0.9987107515335084
            },
            "Truncated": 0,
            "ObjectMeta": {
                "SourceID": 77,
                "SubType": "us_white_ground_rectangle_unknown",
                "Text": "",
                "OcrVersion": 10006
            }
        },
        {
            "ActorName": "TRAFFIC_SIGN 78",
            "ObjectId": 78,
            "BoundingBox3D Origin X": 144.46283696767205,
            "BoundingBox3D Origin Y": -5.53757311119989,
            "BoundingBox3D Origin Z": 1.3875497626140714,
            "BoundingBox3D Extent X": 0.1,
            "BoundingBox3D Extent Y": 0.3832816087039713,
            "BoundingBox3D Extent Z": 0.4357120768838613,
            "BoundingBox3D Orientation Quat W": 0.1102913133378573,