{
    "CapturedObjects": [
        {
            "ActorName": "TRAFFIC_SIGN 74",
            "ObjectId": 74,
            "BoundingBox3D Origin X": 34.73750464895329,
            "BoundingBox3D Origin Y": -4.909408398452797,
            "BoundingBox3D Origin Z": 4.313405765220523,
            "BoundingBox3D Extent X": 0.1,
            "BoundingBox3D Extent Y": 1.0443760949039496,
            "BoundingBox3D Extent Z": 0.9445654290099652,
            "BoundingBox3D Orientation Quat W": 0.0637218138740749,
            "BoundingBox3D Orientation Quat X": -0.0009508792465745,
            "BoundingBox3D Orientation Quat Y": 0.0052607858310604,
            "BoundingBox3D Orientation Quat Z": 0.9979533808739244,
            "ObjectType": "TRAFFIC_SIGN",
            "Occluded": {
                "F_MIDRANGECAM_C": 2.759628478088416e-05
            },
            "Truncated": 0,
            "ObjectMeta": {
                "SourceID": 74,
                "SubType": "us_white_ground_rectangle_unknown",
                "Text": "Ho",
                "OcrVersion": 10006
            }
        },
        {
            "ActorName": "TRAFFIC_SIGN 75",
            "ObjectId": 75,
            "BoundingBox3D Origin X": 24.299621993828623,
            "BoundingBox3D Origin Y": 12.719332764288993,
            "BoundingBox3D Origin Z": 1.2147589065134523,
            "BoundingBox3D Extent X": 0.1,
            "BoundingBox3D Extent Y": 0.9246897276089624,
            "BoundingBox3D Extent Z": 0.4851001072257914,
            "BoundingBox3D Orientation Quat W": -0.3163794064238182,
            "BoundingBox3D Orientation Quat X": 0.001097573382021,
            "BoundingBox3D Orientation Quat Y": 0.005232180454373,
            "BoundingBox3D Orientation Quat Z": 0.9486176736764272,
            "ObjectType": "TRAFFIC_SIGN",
            "Occluded": {
                "F_MIDRANGECAM_C": 0.0180640965700149
            },
            "Truncated": 0,
            "ObjectMeta": {
                "SourceID": 75,
                "SubType": "us_white_ground_rectangle_unknown",
                "Text": "",
                "OcrVersion": 10006
            }
        },
        {
            "ActorName": "TRAFFIC_SIGN 76",
            "ObjectId": 76,
            "BoundingBox3D Origin X": 34.69123171582578,
            "BoundingBox3D Origin Y": -4.917041187422001,
            "BoundingBox3D Origin Z": 3.623501120135188,
            "BoundingBox3D Extent X": 0.1,
            "BoundingBox3D Extent Y": 0.6871968100218089,
            "BoundingBox3D Extent Z": 0.273953078968039,
            "BoundingBox3D Orientation Quat W": 0.1572990739593555,
            "BoundingBox3D Orientation Quat X": -0.0014391748164979,
            "BoundingBox3D Orientation Quat Y": 0.005148033325514,
            "BoundingBox3D Orientation Quat Z": 0.9875365450758044,
            "ObjectType": "TRAFFIC_SIGN",
            "Occluded": {
                "F_MIDRANGECAM_C": 0.0018058744026347
            },
            "Truncated": 0,
            "ObjectMeta": {
                "SourceID": 76,
                "SubType": "us_white_ground_rectangle_unknown",
                "Text": "",
                "OcrVersion": 10006
            }
        },
        {
            "ActorName": "TRAFFIC_SIGN 77",
            "ObjectId": 77,
            "BoundingBox3D Origin X": 34.17742973064651,
            "BoundingBox3D Origin Y": -4.913725766833522,
            "BoundingBox3D Origin Z": 3.273694858886301,
            "BoundingBox3D Extent X": 0.0999999999999999,
            "BoundingBox3D Extent Y": 0.60407060371918,
            "BoundingBox3D Extent Z": 0.2037042366830296,
            "BoundingBox3D Orientation Quat W": 0.1965458580164623,
            "BoundingBox3D Orientation Quat X": -0.0016435781611076,
            "BoundingBox3D Orientation Quat Y": 0.0050865772280036,
            "BoundingBox3D Orientation Quat Z": 0.9804800615410312,
            "ObjectType": "TRAFFIC_SIGN",
            "Occluded": {
                "F_MIDRANGECAM_C": 0.9624775648117064
            },
            "Truncated": 0,
            "ObjectMeta": {
                "SourceID": 77,
                "SubType": "us_white_ground_rectangle_unknown",
                "Text": "",
                "OcrVersion": 10006
            }
        },
        {
            "ActorName": "TRAFFIC_SIGN 78",
            "ObjectId": 78,
            "BoundingBox3D Origin X": 100.19963123726302,
            "BoundingBox3D Origin Y": -4.278155101332231,
            "BoundingBox3D Origin Z": 2.7951487889513373,
            "BoundingBox3D Extent X": 0.1,
            "BoundingBox3D Extent Y": 0.3832816087039713,
            "BoundingBox3D Extent Z": 0.4357120768838613,
            "BoundingBox3D Orientation Quat W": 0.1045120769624749,
            "BoundingBox3D Orientation Quat X": -0.0011586306308713,
            "BoundingBox3D Orientation Quat Y": 0.0052180319070441,
            "BoundingBox3D Orientation Quat Z": 0.9945092535954946,
            "ObjectType": "TRAFFIC_SIGN",
            "Occluded": {
                "F_MIDRANGECAM_C": 0.9925084710121156
            },
            "Truncated": 0,
            "ObjectMeta": {
                "SourceID": 78,
                "SubType": "unknown",
                "Text": "",
                "OcrVersion": 10006
            }
        },
        {
            "ActorName": "TRAFFIC_SIGN 79",
            "ObjectId": 79,
            "BoundingBox3D Origin X": 109.97065755407402,
            "BoundingBox3D Origin Y": 23.24681916028203,
            "BoundingBox3D Origin Z": 6.032737429253757,
            "BoundingBox3D Extent X": 0.1,
            "BoundingBox3D Extent Y": 1.7107504098693462,
            "BoundingBox3D Extent Z": 0.6034869053535241,
            "BoundingBox3D Orientation Quat W": -0.3131044668526523,
            "BoundingBox3D Orientation Quat X": 0.0010868038767254,
            "BoundingBox3D Orientation Quat Y": 0.0052348386004146,
            "BoundingBox3D Orientation Quat Z": 0.9497036422795678,
            "ObjectType": "TRAFFIC_SIGN",
            "Occluded": {
                "F_MIDRANGECAM_C": 0.9631526470184326
            },
            "Truncated": 0,
            "ObjectMeta": {
                "SourceID": 79,
                "SubType": "unknown",
                "Text": "",
                "OcrVersion": 10006
            }
        },
        {
            "ActorName": "TRAFFIC_SIGN 80",
            "ObjectId": 80,
            "BoundingBox3D Origin X": 147.73792071936714,
            "BoundingBox3D Origin Y": 9.458964509220095,
            "BoundingBox3D Origin Z": 6.956563612446189,
            "BoundingBox3D Extent X": 0.0999999999999999,
            "BoundingBox3D Extent Y": 0.9914366721812164,
            "BoundingBox3D Extent Z": 1.020302161968541,
            "BoundingBox3D Orientation Quat W": -0.1143751996826431,
            "BoundingBox3D Orientation Quat X": 7.126717831234759e-06,
            "BoundingBox3D Orientation Quat Y": 0.0053455118923847,
            "BoundingBox3D Orientation Quat Z": 0.9934232427064376,
            "ObjectType": "TRAFFIC_SIGN",
            "Occluded": {
                "F_MIDRANGECAM_C": 0.999756634235382
            },
            "Truncated": 0,
            "ObjectMeta": {
                "SourceID": 80,
                "SubType": "us_white_ground_rectangle_unknown",
                "Text": "Lt.",
                "OcrVersion": 10006
            }
        },
        {
            "ActorName": "TRAFFIC_SIGN 81",
            "ObjectId": 81,
            "BoundingBox3D Origin X": 148.88257473213525,
            "BoundingBox3D Origin Y": -4.640748480494949,
            "BoundingBox3D Origin Z": 5.335671650245786,
            "BoundingBox3D Extent X": 0.1,
            "BoundingBox3D Extent Y": 0.7463736033616835,
            "BoundingBox3D Extent Z": 0.983651782538956,
            "BoundingBox3D Orientation Quat W": 0.0706356480490641,