{
    "CapturedObjects": [
        {
            "ActorName": "TRAFFIC_SIGN 71",
            "ObjectId": 71,
            "BoundingBox3D Origin X": 17.89607835472998,
            "BoundingBox3D Origin Y": -6.88207196725125,
            "BoundingBox3D Origin Z": 1.2582310335710645,
            "BoundingBox3D Extent X": 0.1,
            "BoundingBox3D Extent Y": 0.4031856189935762,
            "BoundingBox3D Extent Z": 0.4997455218914134,
            "BoundingBox3D Orientation Quat W": 0.1113627548728451,
            "BoundingBox3D Orientation Quat X": 0.0029110434981883,
            "BoundingBox3D Orientation Quat Y": 0.0095897233851229,
            "BoundingBox3D Orientation Quat Z": 0.9937292890210484,
            "ObjectType": "TRAFFIC_SIGN",
            "Occluded": {
                "F_MIDRANGECAM_C": 4.4217930650347625e-08
            },
            "Truncated": 0,
            "ObjectMeta": {
                "SourceID": 71,
                "SubType": "unknown",
                "Text": "",
                "OcrVersion": 10006
            }
        },
        {
            "ActorName": "TRAFFIC_SIGN 72",
            "ObjectId": 72,
            "BoundingBox3D Origin X": 19.80986323513207,
            "BoundingBox3D Origin Y": -7.419539793088916,
            "BoundingBox3D Origin Z": 1.795789944939315,
            "BoundingBox3D Extent X": 0.1,
            "BoundingBox3D Extent Y": 0.9388444663395614,
            "BoundingBox3D Extent Z": 0.3092811740232059,
            "BoundingBox3D Orientation Quat W": 0.2832734661186425,
            "BoundingBox3D Orientation Quat X": 0.0011907756253329,
            "BoundingBox3D Orientation Quat Y": 0.0099502438720837,
            "BoundingBox3D Orientation Quat Z": 0.9589868185191212,
            "ObjectType": "TRAFFIC_SIGN",
            "Occluded": {
                "F_MIDRANGECAM_C": 2.6541116312728263e-05
            },
            "Truncated": 0,
            "ObjectMeta": {
                "SourceID": 72,
                "SubType": "us_yellow_ground_rectangle_unknown",
                "Text": "Chock and Shol Chun",
                "OcrVersion": 10006
            }
        },
        {
            "ActorName": "TRAFFIC_SIGN 73",
            "ObjectId": 73,
            "BoundingBox3D Origin X": 32.39967203830747,
            "BoundingBox3D Origin Y": -5.175561830954393,
            "BoundingBox3D Origin Z": 2.685323997400701,
            "BoundingBox3D Extent X": 0.1,
            "BoundingBox3D Extent Y": 0.3362411013069622,
            "BoundingBox3D Extent Z": 0.4807453413399092,
            "BoundingBox3D Orientation Quat W": 0.1601878583378965,
            "BoundingBox3D Orientation Quat X": 0.0024361912565367,
            "BoundingBox3D Orientation Quat Y": 0.0097216292809864,
            "BoundingBox3D Orientation Quat Z": 0.9870356654839796,
            "ObjectType": "TRAFFIC_SIGN",
            "Occluded": {
                "F_MIDRANGECAM_C": 0.000769195088651
            },
            "Truncated": 0,
            "ObjectMeta": {
                "SourceID": 73,
                "SubType": "us_white_ground_rectangle_unknown",
                "Text": "",
                "OcrVersion": 10006
            }
        },
        {
            "ActorName": "TRAFFIC_SIGN 74",
            "ObjectId": 74,
            "BoundingBox3D Origin X": 75.3558905570244,
            "BoundingBox3D Origin Y": -5.341602686734404,
            "BoundingBox3D Origin Z": 3.7127398010343313,
            "BoundingBox3D Extent X": 0.1,
            "BoundingBox3D Extent Y": 1.0443760949039496,
            "BoundingBox3D Extent Z": 0.9445654290099652,
            "BoundingBox3D Orientation Quat W": 0.0690645642838881,
            "BoundingBox3D Orientation Quat X": 0.0033180654297439,
            "BoundingBox3D Orientation Quat Y": 0.0094581789225237,
            "BoundingBox3D Orientation Quat Z": 0.9975618373081192,
            "ObjectType": "TRAFFIC_SIGN",
            "Occluded": {
                "F_MIDRANGECAM_C": 0.0060092722997069
            },
            "Truncated": 0,
            "ObjectMeta": {
                "SourceID": 74,
                "SubType": "us_white_ground_rectangle_unknown",
                "Text": "Ho",
                "OcrVersion": 10006
            }
        },
        {
            "ActorName": "TRAFFIC_SIGN 75",
            "ObjectId": 75,
            "BoundingBox3D Origin X": 65.08019020337815,
            "BoundingBox3D Origin Y": 12.37412988835422,
            "BoundingBox3D Origin Z": 0.5690140435472131,
            "BoundingBox3D Extent X": 0.1,
            "BoundingBox3D Extent Y": 0.9246897276089624,
            "BoundingBox3D Extent Z": 0.4851001072257914,
            "BoundingBox3D Orientation Quat W": -0.311277866871946,
            "BoundingBox3D Orientation Quat X": 0.0066315789077888,
            "BoundingBox3D Orientation Quat Y": 0.0075163942600668,
            "BoundingBox3D Orientation Quat Z": 0.95026607619875,
            "ObjectType": "TRAFFIC_SIGN",
            "Occluded": {
                "F_MIDRANGECAM_C": 0.9942538142204284
            },
            "Truncated": 0,
            "ObjectMeta": {
                "SourceID": 75,
                "SubType": "us_white_ground_rectangle_unknown",
                "Text": "",
                "OcrVersion": 10006
            }
        },
        {
            "ActorName": "TRAFFIC_SIGN 76",
            "ObjectId": 76,
            "BoundingBox3D Origin X": 75.3033052533865,
            "BoundingBox3D Origin Y": -5.354101782664657,
            "BoundingBox3D Origin Z": 3.023362912237644,
            "BoundingBox3D Extent X": 0.1,
            "BoundingBox3D Extent Y": 0.6871968100218089,
            "BoundingBox3D Extent Z": 0.273953078968039,
            "BoundingBox3D Orientation Quat W": 0.1625803324554358,
            "BoundingBox3D Orientation Quat X": 0.0024160325295596,
            "BoundingBox3D Orientation Quat Y": 0.0097280155160516,
            "BoundingBox3D Orientation Quat Z": 0.9866443959196324,
            "ObjectType": "TRAFFIC_SIGN",
            "Occluded": {
                "F_MIDRANGECAM_C": 0.9932103753089904
            },
            "Truncated": 0,
            "ObjectMeta": {
                "SourceID": 76,
                "SubType": "us_white_ground_rectangle_unknown",
                "Text": "",
                "OcrVersion": 10006
            }
        },
        {
            "ActorName": "TRAFFIC_SIGN 77",
            "ObjectId": 77,
            "BoundingBox3D Origin X": 74.78642467157624,
            "BoundingBox3D Origin Y": -5.347957282938296,
            "BoundingBox3D Origin Z": 2.6781606785953045,
            "BoundingBox3D Extent X": 0.0999999999999999,
            "BoundingBox3D Extent Y": 0.60407060371918,
            "BoundingBox3D Extent Z": 0.2037042366830296,
            "BoundingBox3D Orientation Quat W": 0.2017870164363001,
            "BoundingBox3D Orientation Quat X": 0.0020259202912463,
            "BoundingBox3D Orientation Quat Y": 0.0098165041979216,
            "BoundingBox3D Orientation Quat Z": 0.9793781352930248,
            "ObjectType": "TRAFFIC_SIGN",
            "Occluded": {
                "F_MIDRANGECAM_C": 0.9990234375
            },
            "Truncated": 0,
            "ObjectMeta": {
                "SourceID": 77,
                "SubType": "us_white_ground_rectangle_unknown",
                "Text": "",
                "OcrVersion": 10006
            }
        },
        {
            "ActorName": "TRAFFIC_SIGN 78",
            "ObjectId": 78,
            "BoundingBox3D Origin X": 140.80508234639274,
            "BoundingBox3D Origin Y": -5.429408064446761,
            "BoundingBox3D Origin Z": 1.6031439928337932,
            "BoundingBox3D Extent X": 0.1,
            "BoundingBox3D Extent Y": 0.3832816087039713,
            "BoundingBox3D Extent Z": 0.4357120768838613,
            "BoundingBox3D Orientation Quat W": 0.1098338851461153,