{
    "CapturedObjects": [
        {
            "ActorName": "TRAFFIC_SIGN 78",
            "ObjectId": 78,
            "BoundingBox3D Origin X": 41.8602486365196,
            "BoundingBox3D Origin Y": -4.9762280825016205,
            "BoundingBox3D Origin Z": 2.617914044298232,
            "BoundingBox3D Extent X": 0.1,
            "BoundingBox3D Extent Y": 0.3832816087039713,
            "BoundingBox3D Extent Z": 0.4357120768838613,
            "BoundingBox3D Orientation Quat W": -0.1072698731797747,
            "BoundingBox3D Orientation Quat X": -0.0001893737399451,
            "BoundingBox3D Orientation Quat Y": 0.0002368931627712,
            "BoundingBox3D Orientation Quat Z": -0.994229894102572,
            "ObjectType": "TRAFFIC_SIGN",
            "Occluded": {
                "F_MIDRANGECAM_C": 0.9988182187080384
            },
            "Truncated": 0,
            "ObjectMeta": {
                "SourceID": 78,
                "SubType": "unknown",
                "Text": "",
                "OcrVersion": 10006
            }
        },
        {
            "ActorName": "TRAFFIC_SIGN 79",
            "ObjectId": 79,
            "BoundingBox3D Origin X": 51.78866729931429,
            "BoundingBox3D Origin Y": 22.456534839861888,
            "BoundingBox3D Origin Z": 6.146490841172636,
            "BoundingBox3D Extent X": 0.1,
            "BoundingBox3D Extent Y": 1.7107504098693462,
            "BoundingBox3D Extent Z": 0.6034869053535241,
            "BoundingBox3D Orientation Quat W": 0.3104758157042117,
            "BoundingBox3D Orientation Quat X": -7.606120522951999e-05,
            "BoundingBox3D Orientation Quat Y": 0.0002910228194683,
            "BoundingBox3D Orientation Quat Z": -0.9505812313438636,
            "ObjectType": "TRAFFIC_SIGN",
            "Occluded": {
                "F_MIDRANGECAM_C": 0.019295047968626
            },
            "Truncated": 0,
            "ObjectMeta": {
                "SourceID": 79,
                "SubType": "unknown",
                "Text": "",
                "OcrVersion": 10006
            }
        },
        {
            "ActorName": "TRAFFIC_SIGN 80",
            "ObjectId": 80,
            "BoundingBox3D Origin X": 89.4802767123399,
            "BoundingBox3D Origin Y": 8.450304898779905,
            "BoundingBox3D Origin Z": 6.858418540097773,
            "BoundingBox3D Extent X": 0.0999999999999999,
            "BoundingBox3D Extent Y": 0.9914366721812164,
            "BoundingBox3D Extent Z": 1.020302161968541,
            "BoundingBox3D Orientation Quat W": 0.1116226852835739,
            "BoundingBox3D Orientation Quat X": -0.000136262345862,
            "BoundingBox3D Orientation Quat Y": 0.0002712497657835,
            "BoundingBox3D Orientation Quat Z": -0.9937506145840724,
            "ObjectType": "TRAFFIC_SIGN",
            "Occluded": {
                "F_MIDRANGECAM_C": 0.9862629175186156
            },
            "Truncated": 0,
            "ObjectMeta": {
                "SourceID": 80,
                "SubType": "us_white_ground_rectangle_unknown",
                "Text": "Lt.",
                "OcrVersion": 10006
            }
        },
        {
            "ActorName": "TRAFFIC_SIGN 81",
            "ObjectId": 81,
            "BoundingBox3D Origin X": 90.54427912090864,
            "BoundingBox3D Origin Y": -5.636642083320112,
            "BoundingBox3D Origin Z": 5.078953759744763,
            "BoundingBox3D Extent X": 0.1,
            "BoundingBox3D Extent Y": 0.7463736033616835,
            "BoundingBox3D Extent Z": 0.983651782538956,
            "BoundingBox3D Orientation Quat W": -0.0734013952497922,
            "BoundingBox3D Orientation Quat X": -0.0001832371937833,
            "BoundingBox3D Orientation Quat Y": 0.0002427332009431,
            "BoundingBox3D Orientation Quat Z": -0.9973024329059408,
            "ObjectType": "TRAFFIC_SIGN",
            "Occluded": {
                "F_MIDRANGECAM_C": 0.9975209832191468
            },
            "Truncated": 0,
            "ObjectMeta": {
                "SourceID": 81,
                "SubType": "us_white_ground_rectangle_unknown",
                "Text": "A",
                "OcrVersion": 10006
            }
        },
        {
            "ActorName": "TRAFFIC_SIGN 82",
            "ObjectId": 82,
            "BoundingBox3D Origin X": 90.45679642140637,
            "BoundingBox3D Origin Y": -1.467284981953071,
            "BoundingBox3D Origin Z": 6.137699968181551,
            "BoundingBox3D Extent X": 0.1,
            "BoundingBox3D Extent Y": 2.213188412608715,
            "BoundingBox3D Extent Z": 0.5427212993728956,
            "BoundingBox3D Orientation Quat W": -0.0162534169237177,
            "BoundingBox3D Orientation Quat X": -0.0001695879931225,
            "BoundingBox3D Orientation Quat Y": 0.0002525308431576,
            "BoundingBox3D Orientation Quat Z": -0.9998678582224704,
            "ObjectType": "TRAFFIC_SIGN",
            "Occluded": {
                "F_MIDRANGECAM_C": 0.9718639850616456
            },
            "Truncated": 0,
            "ObjectMeta": {
                "SourceID": 82,
                "SubType": "unknown",
                "Text": "",
                "OcrVersion": 10006
            }
        },
        {
            "ActorName": "TRAFFIC_SIGN 83",
            "ObjectId": 83,
            "BoundingBox3D Origin X": 86.50191296428807,
            "BoundingBox3D Origin Y": -10.800140780426773,
            "BoundingBox3D Origin Z": 3.345074214972556,
            "BoundingBox3D Extent X": 0.1,
            "BoundingBox3D Extent Y": 0.5022577767826779,
            "BoundingBox3D Extent Z": 0.4764159543296132,
            "BoundingBox3D Orientation Quat W": -0.1582382945531632,
            "BoundingBox3D Orientation Quat X": -0.0002045532601125,
            "BoundingBox3D Orientation Quat Y": 0.0002268521654215,
            "BoundingBox3D Orientation Quat Z": -0.9874009058295248,
            "ObjectType": "TRAFFIC_SIGN",
            "Occluded": {
                "F_MIDRANGECAM_C": 0.9909029603004456
            },
            "Truncated": 0,
            "ObjectMeta": {
                "SourceID": 83,
                "SubType": "unknown",
                "Text": "",
                "OcrVersion": 10006
            }
        },
        {
            "ActorName": "TRAFFIC_SIGN 84",
            "ObjectId": 84,
            "BoundingBox3D Origin X": 87.19846997336913,
            "BoundingBox3D Origin Y": -10.858921472246491,
            "BoundingBox3D Origin Z": 2.586470232345164,
            "BoundingBox3D Extent X": 0.1,
            "BoundingBox3D Extent Y": 0.5902100148686099,
            "BoundingBox3D Extent Z": 0.6262998747597067,
            "BoundingBox3D Orientation Quat W": -0.4129596098763793,
            "BoundingBox3D Orientation Quat X": -0.0002566305039015,
            "BoundingBox3D Orientation Quat Y": 0.0001653172719148,
            "BoundingBox3D Orientation Quat Z": -0.9107492890042423,
            "ObjectType": "TRAFFIC_SIGN",
            "Occluded": {
                "F_MIDRANGECAM_C": 0.9811197519302368
            },
            "Truncated": 0,
            "ObjectMeta": {
                "SourceID": 84,
                "SubType": "us_white_ground_rectangle_unknown",
                "Text": "",
                "OcrVersion": 10006
            }
        },
        {
            "ActorName": "TRAFFIC_SIGN 85",
            "ObjectId": 85,
            "BoundingBox3D Origin X": 90.11146674998668,
            "BoundingBox3D Origin Y": -9.266546103879593,
            "BoundingBox3D Origin Z": 2.54975432343781,
            "BoundingBox3D Extent X": 0.1,
            "BoundingBox3D Extent Y": 0.4321764308658682,
            "BoundingBox3D Extent Z": 0.619127164289498,
            "BoundingBox3D Orientation Quat W": -0.1500723494851387,
            "BoundingBox3D Orientation Quat X": -0.0002022401697556,