{
    "CapturedObjects": [
        {
            "ActorName": "TRAFFIC_SIGN 78",
            "ObjectId": 78,
            "BoundingBox3D Origin X": 47.791306750084914,
            "BoundingBox3D Origin Y": -4.878873652218317,
            "BoundingBox3D Origin Z": 2.409826463088393,
            "BoundingBox3D Extent X": 0.1,
            "BoundingBox3D Extent Y": 0.3832816087039713,
            "BoundingBox3D Extent Z": 0.4357120768838613,
            "BoundingBox3D Orientation Quat W": 0.1068319566547805,
            "BoundingBox3D Orientation Quat X": 0.0025562941552967,
            "BoundingBox3D Orientation Quat Y": 0.0037750898895059,
            "BoundingBox3D Orientation Quat Z": 0.9942666378260052,
            "ObjectType": "TRAFFIC_SIGN",
            "Occluded": {
                "F_MIDRANGECAM_C": 0.9996563196182252
            },
            "Truncated": 0,
            "ObjectMeta": {
                "SourceID": 78,
                "SubType": "unknown",
                "Text": "",
                "OcrVersion": 10006
            }
        },
        {
            "ActorName": "TRAFFIC_SIGN 79",
            "ObjectId": 79,
            "BoundingBox3D Origin X": 57.7145780789142,
            "BoundingBox3D Origin Y": 22.58780640946497,
            "BoundingBox3D Origin Z": 5.678038566373289,
            "BoundingBox3D Extent X": 0.1,
            "BoundingBox3D Extent Y": 1.7107504098693462,
            "BoundingBox3D Extent Z": 0.6034869053535241,
            "BoundingBox3D Orientation Quat W": -0.3108871839613306,
            "BoundingBox3D Orientation Quat X": 0.003882706235184,
            "BoundingBox3D Orientation Quat Y": 0.0023933295242924,
            "BoundingBox3D Orientation Quat Z": 0.9504358765401656,
            "ObjectType": "TRAFFIC_SIGN",
            "Occluded": {
                "F_MIDRANGECAM_C": 0.0989476069808006
            },
            "Truncated": 0,
            "ObjectMeta": {
                "SourceID": 79,
                "SubType": "unknown",
                "Text": "",
                "OcrVersion": 10006
            }
        },
        {
            "ActorName": "TRAFFIC_SIGN 80",
            "ObjectId": 80,
            "BoundingBox3D Origin X": 95.42219310500514,
            "BoundingBox3D Origin Y": 8.61976263957331,
            "BoundingBox3D Origin Z": 6.284787785261869,
            "BoundingBox3D Extent X": 0.0999999999999999,
            "BoundingBox3D Extent Y": 0.9914366721812164,
            "BoundingBox3D Extent Z": 1.020302161968541,
            "BoundingBox3D Orientation Quat W": -0.1120563019788411,
            "BoundingBox3D Orientation Quat X": 0.0033197342067864,
            "BoundingBox3D Orientation Quat Y": 0.0031285392855241,
            "BoundingBox3D Orientation Quat Z": 0.9936913891111074,
            "ObjectType": "TRAFFIC_SIGN",
            "Occluded": {
                "F_MIDRANGECAM_C": 0.6671977639198303
            },
            "Truncated": 0,
            "ObjectMeta": {
                "SourceID": 80,
                "SubType": "us_white_ground_rectangle_unknown",
                "Text": "Lt.",
                "OcrVersion": 10006
            }
        },
        {
            "ActorName": "TRAFFIC_SIGN 81",
            "ObjectId": 81,
            "BoundingBox3D Origin X": 96.48893032904016,
            "BoundingBox3D Origin Y": -5.47906584944576,
            "BoundingBox3D Origin Z": 4.604724241420627,
            "BoundingBox3D Extent X": 0.1,
            "BoundingBox3D Extent Y": 0.7463736033616835,
            "BoundingBox3D Extent Z": 0.983651782538956,
            "BoundingBox3D Orientation Quat W": 0.0729627373159289,
            "BoundingBox3D Orientation Quat X": 0.0026852273790294,
            "BoundingBox3D Orientation Quat Y": 0.0036862674592841,
            "BoundingBox3D Orientation Quat Z": 0.9973242401293112,
            "ObjectType": "TRAFFIC_SIGN",
            "Occluded": {
                "F_MIDRANGECAM_C": 0.8937520384788513
            },
            "Truncated": 0,
            "ObjectMeta": {
                "SourceID": 81,
                "SubType": "us_white_ground_rectangle_unknown",
                "Text": "A",
                "OcrVersion": 10006
            }
        },
        {
            "ActorName": "TRAFFIC_SIGN 82",
            "ObjectId": 82,
            "BoundingBox3D Origin X": 96.4035979229302,
            "BoundingBox3D Origin Y": -1.3020217437442625,
            "BoundingBox3D Origin Z": 5.632757828570902,
            "BoundingBox3D Extent X": 0.1,
            "BoundingBox3D Extent Y": 2.213188412608715,
            "BoundingBox3D Extent Z": 0.5427212993728956,
            "BoundingBox3D Orientation Quat W": 0.0158146903541629,
            "BoundingBox3D Orientation Quat X": 0.0028922253849568,
            "BoundingBox3D Orientation Quat Y": 0.0035266739306619,
            "BoundingBox3D Orientation Quat Z": 0.9998645374110992,
            "ObjectType": "TRAFFIC_SIGN",
            "Occluded": {
                "F_MIDRANGECAM_C": 0.7738422155380249
            },
            "Truncated": 0,
            "ObjectMeta": {
                "SourceID": 82,
                "SubType": "unknown",
                "Text": "",
                "OcrVersion": 10006
            }
        },
        {
            "ActorName": "TRAFFIC_SIGN 83",
            "ObjectId": 83,
            "BoundingBox3D Origin X": 92.44160744843975,
            "BoundingBox3D Origin Y": -10.65880711961654,
            "BoundingBox3D Origin Z": 2.9320025108754635,
            "BoundingBox3D Extent X": 0.1,
            "BoundingBox3D Extent Y": 0.5022577767826779,
            "BoundingBox3D Extent Z": 0.4764159543296132,
            "BoundingBox3D Orientation Quat W": 0.1578025316945361,
            "BoundingBox3D Orientation Quat X": 0.0023620929426287,
            "BoundingBox3D Orientation Quat Y": 0.003901780222877,
            "BoundingBox3D Orientation Quat Z": 0.9874601549525012,
            "ObjectType": "TRAFFIC_SIGN",
            "Occluded": {
                "F_MIDRANGECAM_C": 0.9991849064826964
            },
            "Truncated": 0,
            "ObjectMeta": {
                "SourceID": 83,
                "SubType": "unknown",
                "Text": "",
                "OcrVersion": 10006
            }
        },
        {
            "ActorName": "TRAFFIC_SIGN 84",
            "ObjectId": 84,
            "BoundingBox3D Origin X": 93.1339826526455,
            "BoundingBox3D Origin Y": -10.722654957127816,
            "BoundingBox3D Origin Z": 2.16999907232821,
            "BoundingBox3D Extent X": 0.1,
            "BoundingBox3D Extent Y": 0.5902100148686099,
            "BoundingBox3D Extent Z": 0.6262998747597067,
            "BoundingBox3D Orientation Quat W": 0.4125544823187083,
            "BoundingBox3D Orientation Quat X": 0.0012498174988461,
            "BoundingBox3D Orientation Quat Y": 0.0043873602911176,
            "BoundingBox3D Orientation Quat Z": 0.9109215049303856,
            "ObjectType": "TRAFFIC_SIGN",
            "Occluded": {
                "F_MIDRANGECAM_C": 0.9991797804832458
            },
            "Truncated": 0,
            "ObjectMeta": {
                "SourceID": 84,
                "SubType": "us_white_ground_rectangle_unknown",
                "Text": "",
                "OcrVersion": 10006
            }
        },
        {
            "ActorName": "TRAFFIC_SIGN 85",
            "ObjectId": 85,
            "BoundingBox3D Origin X": 96.04530170084035,
            "BoundingBox3D Origin Y": -9.128108462573437,
            "BoundingBox3D Origin Z": 2.105177183635533,
            "BoundingBox3D Extent X": 0.1,
            "BoundingBox3D Extent Y": 0.4321764308658682,
            "BoundingBox3D Extent Z": 0.619127164289498,
            "BoundingBox3D Orientation Quat W": 0.1496361577462212,
            "BoundingBox3D Orientation Quat X": 0.0023938248469285,
            "BoundingBox3D Orientation Quat Y": 0.0038823676355496,