{
    "CapturedObjects": [
        {
            "ActorName": "TRAFFIC_SIGN 74",
            "ObjectId": 74,
            "BoundingBox3D Origin X": 11.388512241464923,
            "BoundingBox3D Origin Y": -5.099529926752439,
            "BoundingBox3D Origin Z": 4.162008120678365,
            "BoundingBox3D Extent X": 0.1,
            "BoundingBox3D Extent Y": 1.0443760949039496,
            "BoundingBox3D Extent Z": 0.9445654290099652,
            "BoundingBox3D Orientation Quat W": -0.0624645156727349,
            "BoundingBox3D Orientation Quat X": -0.0024257788504181,
            "BoundingBox3D Orientation Quat Y": 0.0007448274988778,
            "BoundingBox3D Orientation Quat Z": -0.9980439595081654,
            "ObjectType": "TRAFFIC_SIGN",
            "Occluded": {
                "F_MIDRANGECAM_C": 7.336901148846664e-07
            },
            "Truncated": 0,
            "ObjectMeta": {
                "SourceID": 74,
                "SubType": "us_white_ground_rectangle_unknown",
                "Text": "Ho",
                "OcrVersion": 10006
            }
        },
        {
            "ActorName": "TRAFFIC_SIGN 75",
            "ObjectId": 75,
            "BoundingBox3D Origin X": 0.8887838337832363,
            "BoundingBox3D Origin Y": 12.539777735788448,
            "BoundingBox3D Origin Z": 1.3448458928614857,
            "BoundingBox3D Extent X": 0.1,
            "BoundingBox3D Extent Y": 0.9246897276089624,
            "BoundingBox3D Extent Z": 0.4851001072257914,
            "BoundingBox3D Orientation Quat W": 0.3175778290887545,
            "BoundingBox3D Orientation Quat X": -0.001968372895137,
            "BoundingBox3D Orientation Quat Y": 0.0016015659363708,
            "BoundingBox3D Orientation Quat Z": -0.948228813613028,
            "ObjectType": "TRAFFIC_SIGN",
            "Occluded": {
                "F_CTCAM_L": 0.0
            },
            "Truncated": 0,
            "ObjectMeta": {
                "SourceID": 75,
                "SubType": "us_white_ground_rectangle_unknown",
                "Text": "",
                "OcrVersion": 10006
            }
        },
        {
            "ActorName": "TRAFFIC_SIGN 76",
            "ObjectId": 76,
            "BoundingBox3D Origin X": 11.338118406027206,
            "BoundingBox3D Origin Y": -5.0987192701049935,
            "BoundingBox3D Origin Z": 3.4723500767722726,
            "BoundingBox3D Extent X": 0.1,
            "BoundingBox3D Extent Y": 0.6871968100218089,
            "BoundingBox3D Extent Z": 0.273953078968039,
            "BoundingBox3D Orientation Quat W": -0.1560552689693324,
            "BoundingBox3D Orientation Quat X": -0.0024868934791687,
            "BoundingBox3D Orientation Quat Y": 0.0005134294403597,
            "BoundingBox3D Orientation Quat Z": -0.9877450606193596,
            "ObjectType": "TRAFFIC_SIGN",
            "Occluded": {
                "F_MIDRANGECAM_C": 1.3583503459813071e-06
            },
            "Truncated": 0,
            "ObjectMeta": {
                "SourceID": 76,
                "SubType": "us_white_ground_rectangle_unknown",
                "Text": "",
                "OcrVersion": 10006
            }
        },
        {
            "ActorName": "TRAFFIC_SIGN 77",
            "ObjectId": 77,
            "BoundingBox3D Origin X": 10.82221793284043,
            "BoundingBox3D Origin Y": -5.092365501501263,
            "BoundingBox3D Origin Z": 3.125687555409968,
            "BoundingBox3D Extent X": 0.0999999999999999,
            "BoundingBox3D Extent Y": 0.60407060371918,
            "BoundingBox3D Extent Z": 0.2037042366830296,
            "BoundingBox3D Orientation Quat W": -0.1953110954102325,
            "BoundingBox3D Orientation Quat X": -0.0025048869193943,
            "BoundingBox3D Orientation Quat Y": 0.0004138357711198,
            "BoundingBox3D Orientation Quat Z": -0.9807380538610352,
            "ObjectType": "TRAFFIC_SIGN",
            "Occluded": {
                "F_MIDRANGECAM_C": 0.0013040296034887
            },
            "Truncated": 0,
            "ObjectMeta": {
                "SourceID": 77,
                "SubType": "us_white_ground_rectangle_unknown",
                "Text": "",
                "OcrVersion": 10006
            }
        },
        {
            "ActorName": "TRAFFIC_SIGN 78",
            "ObjectId": 78,
            "BoundingBox3D Origin X": 76.83881545923578,
            "BoundingBox3D Origin Y": -4.283652967395028,
            "BoundingBox3D Origin Z": 2.260630314238369,
            "BoundingBox3D Extent X": 0.1,
            "BoundingBox3D Extent Y": 0.3832816087039713,
            "BoundingBox3D Extent Z": 0.4357120768838613,
            "BoundingBox3D Orientation Quat W": -0.1032592495702454,
            "BoundingBox3D Orientation Quat X": -0.0024607908664318,
            "BoundingBox3D Orientation Quat Y": 0.0006443781803542,
            "BoundingBox3D Orientation Quat Z": -0.9946512236272884,
            "ObjectType": "TRAFFIC_SIGN",
            "Occluded": {
                "F_MIDRANGECAM_C": 0.9969270825386048
            },
            "Truncated": 0,
            "ObjectMeta": {
                "SourceID": 78,
                "SubType": "unknown",
                "Text": "",
                "OcrVersion": 10006
            }
        },
        {
            "ActorName": "TRAFFIC_SIGN 79",
            "ObjectId": 79,
            "BoundingBox3D Origin X": 86.5612844867428,
            "BoundingBox3D Origin Y": 23.22365927776264,
            "BoundingBox3D Origin Z": 5.781216541305184,
            "BoundingBox3D Extent X": 0.1,
            "BoundingBox3D Extent Y": 1.7107504098693462,
            "BoundingBox3D Extent Z": 0.6034869053535241,
            "BoundingBox3D Orientation Quat W": 0.3143042555524458,
            "BoundingBox3D Orientation Quat X": -0.0019811746707103,
            "BoundingBox3D Orientation Quat Y": 0.0015958702057679,
            "BoundingBox3D Orientation Quat Z": -0.949318894306246,
            "ObjectType": "TRAFFIC_SIGN",
            "Occluded": {
                "F_MIDRANGECAM_C": 0.9058738946914672
            },
            "Truncated": 0,
            "ObjectMeta": {
                "SourceID": 79,
                "SubType": "unknown",
                "Text": "",
                "OcrVersion": 10006
            }
        },
        {
            "ActorName": "TRAFFIC_SIGN 80",
            "ObjectId": 80,
            "BoundingBox3D Origin X": 124.36739526060774,
            "BoundingBox3D Origin Y": 9.521143541092895,
            "BoundingBox3D Origin Z": 6.308163348585367,
            "BoundingBox3D Extent X": 0.0999999999999999,
            "BoundingBox3D Extent Y": 0.9914366721812164,
            "BoundingBox3D Extent Z": 1.020302161968541,
            "BoundingBox3D Orientation Quat W": 0.115627938624777,
            "BoundingBox3D Orientation Quat X": -0.0022653130785948,
            "BoundingBox3D Orientation Quat Y": 0.0011636335651421,
            "BoundingBox3D Orientation Quat Z": -0.993289330519042,
            "ObjectType": "TRAFFIC_SIGN",
            "Occluded": {
                "F_MIDRANGECAM_C": 0.956596851348877
            },
            "Truncated": 0,
            "ObjectMeta": {
                "SourceID": 80,
                "SubType": "us_white_ground_rectangle_unknown",
                "Text": "Lt.",
                "OcrVersion": 10006
            }
        },
        {
            "ActorName": "TRAFFIC_SIGN 81",
            "ObjectId": 81,
            "BoundingBox3D Origin X": 125.5370396774124,
            "BoundingBox3D Origin Y": -4.554408503030572,
            "BoundingBox3D Origin Z": 4.505559789016843,
            "BoundingBox3D Extent X": 0.1,
            "BoundingBox3D Extent Y": 0.7463736033616835,
            "BoundingBox3D Extent Z": 0.983651782538956,
            "BoundingBox3D Orientation Quat W": -0.0693789110307372,
            "BoundingBox3D Orientation Quat X": -0.0024395820571494,