{
    "CapturedObjects": [
        {
            "ActorName": "TRAFFIC_SIGN 70",
            "ObjectId": 70,
            "BoundingBox3D Origin X": 12.5877592598481,
            "BoundingBox3D Origin Y": -4.659360195102636,
            "BoundingBox3D Origin Z": 2.654041290283203,
            "BoundingBox3D Extent X": 0.1,
            "BoundingBox3D Extent Y": 0.3835351811205211,
            "BoundingBox3D Extent Z": 0.510645001842084,
            "BoundingBox3D Orientation Quat W": 0.0969329648939981,
            "BoundingBox3D Orientation Quat X": 0.0021902331015777,
            "BoundingBox3D Orientation Quat Y": 0.0122973799415526,
            "BoundingBox3D Orientation Quat Z": 0.99521252888134,
            "ObjectType": "TRAFFIC_SIGN",
            "Occluded": {
                "F_MIDRANGECAM_C": 0.0003869626380037
            },
            "Truncated": 0,
            "ObjectMeta": {
                "SourceID": 70,
                "SubType": "us_white_ground_rectangle_unknown",
                "Text": "",
                "OcrVersion": 10006
            }
        },
        {
            "ActorName": "TRAFFIC_SIGN 71",
            "ObjectId": 71,
            "BoundingBox3D Origin X": 39.37790484634752,
            "BoundingBox3D Origin Y": -6.251149458286818,
            "BoundingBox3D Origin Z": 1.1479963613674045,
            "BoundingBox3D Extent X": 0.1,
            "BoundingBox3D Extent Y": 0.4031856189935762,
            "BoundingBox3D Extent Z": 0.4997455218914134,
            "BoundingBox3D Orientation Quat W": 0.1052067862807899,
            "BoundingBox3D Orientation Quat X": 0.0020929796916286,
            "BoundingBox3D Orientation Quat Y": 0.0123149777209546,
            "BoundingBox3D Orientation Quat Z": 0.9943719087344588,
            "ObjectType": "TRAFFIC_SIGN",
            "Occluded": {
                "F_MIDRANGECAM_C": 0.0003988828975707
            },
            "Truncated": 0,
            "ObjectMeta": {
                "SourceID": 71,
                "SubType": "unknown",
                "Text": "",
                "OcrVersion": 10006
            }
        },
        {
            "ActorName": "TRAFFIC_SIGN 72",
            "ObjectId": 72,
            "BoundingBox3D Origin X": 41.29771137679927,
            "BoundingBox3D Origin Y": -6.761835132550914,
            "BoundingBox3D Origin Z": 1.690202229656279,
            "BoundingBox3D Extent X": 0.1,
            "BoundingBox3D Extent Y": 0.9388444663395614,
            "BoundingBox3D Extent Z": 0.3092811740232059,
            "BoundingBox3D Orientation Quat W": 0.2773236496758707,
            "BoundingBox3D Orientation Quat X": -9.061475152418702e-05,
            "BoundingBox3D Orientation Quat Y": 0.0124906496694999,
            "BoundingBox3D Orientation Quat Z": 0.9606953569109484,
            "ObjectType": "TRAFFIC_SIGN",
            "Occluded": {
                "F_MIDRANGECAM_C": 0.9700978994369508
            },
            "Truncated": 0,
            "ObjectMeta": {
                "SourceID": 72,
                "SubType": "us_yellow_ground_rectangle_unknown",
                "Text": "Chock and Shol Chun",
                "OcrVersion": 10006
            }
        },
        {
            "ActorName": "TRAFFIC_SIGN 73",
            "ObjectId": 73,
            "BoundingBox3D Origin X": 53.85786694841954,
            "BoundingBox3D Origin Y": -4.3568698758026585,
            "BoundingBox3D Origin Z": 2.5782336434349418,
            "BoundingBox3D Extent X": 0.1,
            "BoundingBox3D Extent Y": 0.3362411013069622,
            "BoundingBox3D Extent Z": 0.4807453413399092,
            "BoundingBox3D Orientation Quat W": 0.1540708722155573,
            "BoundingBox3D Orientation Quat X": 0.0014849160742558,
            "BoundingBox3D Orientation Quat Y": 0.0124032842203379,
            "BoundingBox3D Orientation Quat Z": 0.9879808297226922,
            "ObjectType": "TRAFFIC_SIGN",
            "Occluded": {
                "F_MIDRANGECAM_C": 0.9680221676826476
            },
            "Truncated": 0,
            "ObjectMeta": {
                "SourceID": 73,
                "SubType": "us_white_ground_rectangle_unknown",
                "Text": "",
                "OcrVersion": 10006
            }
        },
        {
            "ActorName": "TRAFFIC_SIGN 74",
            "ObjectId": 74,
            "BoundingBox3D Origin X": 96.81190271271772,
            "BoundingBox3D Origin Y": -3.984048549697036,
            "BoundingBox3D Origin Z": 3.6439809929579496,
            "BoundingBox3D Extent X": 0.1,
            "BoundingBox3D Extent Y": 1.0443760949039496,
            "BoundingBox3D Extent Z": 0.9445654290099652,
            "BoundingBox3D Orientation Quat W": 0.0628869481714932,
            "BoundingBox3D Orientation Quat X": 0.0026164038740753,
            "BoundingBox3D Orientation Quat Y": 0.0122157158401784,
            "BoundingBox3D Orientation Quat Z": 0.997942464507326,
            "ObjectType": "TRAFFIC_SIGN",
            "Occluded": {
                "F_MIDRANGECAM_C": 0.0125053944066166
            },
            "Truncated": 0,
            "ObjectMeta": {
                "SourceID": 74,
                "SubType": "us_white_ground_rectangle_unknown",
                "Text": "Ho",
                "OcrVersion": 10006
            }
        },
        {
            "ActorName": "TRAFFIC_SIGN 75",
            "ObjectId": 75,
            "BoundingBox3D Origin X": 86.32001043698983,
            "BoundingBox3D Origin Y": 13.585112879052758,
            "BoundingBox3D Origin Z": 0.3929517166689038,
            "BoundingBox3D Extent X": 0.1,
            "BoundingBox3D Extent Y": 0.9246897276089624,
            "BoundingBox3D Extent Z": 0.4851001072257914,
            "BoundingBox3D Orientation Quat W": -0.3171463687027467,
            "BoundingBox3D Orientation Quat X": 0.0070184572816673,
            "BoundingBox3D Orientation Quat Y": 0.0103350136627929,
            "BoundingBox3D Orientation Quat Z": 0.9482943159002044,
            "ObjectType": "TRAFFIC_SIGN",
            "Occluded": {
                "F_MIDRANGECAM_C": 0.998715043067932
            },
            "Truncated": 0,
            "ObjectMeta": {
                "SourceID": 75,
                "SubType": "us_white_ground_rectangle_unknown",
                "Text": "",
                "OcrVersion": 10006
            }
        },
        {
            "ActorName": "TRAFFIC_SIGN 76",
            "ObjectId": 76,
            "BoundingBox3D Origin X": 96.76012351827376,
            "BoundingBox3D Origin Y": -4.001021549483994,
            "BoundingBox3D Origin Z": 2.954633918590844,
            "BoundingBox3D Extent X": 0.1,
            "BoundingBox3D Extent Y": 0.6871968100218089,
            "BoundingBox3D Extent Z": 0.273953078968039,
            "BoundingBox3D Orientation Quat W": 0.1564656560206268,
            "BoundingBox3D Orientation Quat X": 0.001458258936711,
            "BoundingBox3D Orientation Quat Y": 0.0124073775681906,
            "BoundingBox3D Orientation Quat Z": 0.9876043888869614,
            "ObjectType": "TRAFFIC_SIGN",
            "Occluded": {
                "F_MIDRANGECAM_C": 0.6754547357559204
            },
            "Truncated": 0,
            "ObjectMeta": {
                "SourceID": 76,
                "SubType": "us_white_ground_rectangle_unknown",
                "Text": "",
                "OcrVersion": 10006
            }
        },
        {
            "ActorName": "TRAFFIC_SIGN 77",
            "ObjectId": 77,
            "BoundingBox3D Origin X": 96.24353006903402,
            "BoundingBox3D Origin Y": -4.003206896799384,
            "BoundingBox3D Origin Z": 2.6089504221454263,
            "BoundingBox3D Extent X": 0.0999999999999999,
            "BoundingBox3D Extent Y": 0.60407060371918,
            "BoundingBox3D Extent Z": 0.2037042366830296,
            "BoundingBox3D Orientation Quat W": 0.1957152969656006,