{
    "CapturedObjects": [
        {
            "ActorName": "TRAFFIC_SIGN 73",
            "ObjectId": 73,
            "BoundingBox3D Origin X": 6.870700540865073,
            "BoundingBox3D Origin Y": -5.120875938955578,
            "BoundingBox3D Origin Z": 2.902855768799782,
            "BoundingBox3D Extent X": 0.1,
            "BoundingBox3D Extent Y": 0.3362411013069622,
            "BoundingBox3D Extent Z": 0.4807453413399092,
            "BoundingBox3D Orientation Quat W": 0.1533226786463796,
            "BoundingBox3D Orientation Quat X": 0.0002774010664089,
            "BoundingBox3D Orientation Quat Y": 0.0073276620693039,
            "BoundingBox3D Orientation Quat Z": 0.9881489688452574,
            "ObjectType": "TRAFFIC_SIGN",
            "Occluded": {
                "F_MIDRANGECAM_C": 0.0275179669260978
            },
            "Truncated": 0,
            "ObjectMeta": {
                "SourceID": 73,
                "SubType": "us_white_ground_rectangle_unknown",
                "Text": "",
                "OcrVersion": 10006
            }
        },
        {
            "ActorName": "TRAFFIC_SIGN 74",
            "ObjectId": 74,
            "BoundingBox3D Origin X": 49.819410603686265,
            "BoundingBox3D Origin Y": -4.692703393229749,
            "BoundingBox3D Origin Z": 4.141486683860421,
            "BoundingBox3D Extent X": 0.1,
            "BoundingBox3D Extent Y": 1.0443760949039496,
            "BoundingBox3D Extent Z": 0.9445654290099652,
            "BoundingBox3D Orientation Quat W": 0.0621256590862681,
            "BoundingBox3D Orientation Quat X": 0.0009487308919229,
            "BoundingBox3D Orientation Quat Y": 0.0072719107235782,
            "BoundingBox3D Orientation Quat Z": 0.9980413927824936,
            "ObjectType": "TRAFFIC_SIGN",
            "Occluded": {
                "F_MIDRANGECAM_C": 2.698913704080041e-06
            },
            "Truncated": 0,
            "ObjectMeta": {
                "SourceID": 74,
                "SubType": "us_white_ground_rectangle_unknown",
                "Text": "Ho",
                "OcrVersion": 10006
            }
        },
        {
            "ActorName": "TRAFFIC_SIGN 75",
            "ObjectId": 75,
            "BoundingBox3D Origin X": 39.31295175949344,
            "BoundingBox3D Origin Y": 12.891074572253274,
            "BoundingBox3D Origin Z": 1.019015345722437,
            "BoundingBox3D Extent X": 0.1,
            "BoundingBox3D Extent Y": 0.9246897276089624,
            "BoundingBox3D Extent Z": 0.4851001072257914,
            "BoundingBox3D Orientation Quat W": -0.3178906256180296,
            "BoundingBox3D Orientation Quat X": 0.0036134773363501,
            "BoundingBox3D Orientation Quat Y": 0.0063808311563973,
            "BoundingBox3D Orientation Quat Z": 0.9480990338142272,
            "ObjectType": "TRAFFIC_SIGN",
            "Occluded": {
                "F_MIDRANGECAM_C": 0.7439699172973633
            },
            "Truncated": 0,
            "ObjectMeta": {
                "SourceID": 75,
                "SubType": "us_white_ground_rectangle_unknown",
                "Text": "",
                "OcrVersion": 10006
            }
        },
        {
            "ActorName": "TRAFFIC_SIGN 76",
            "ObjectId": 76,
            "BoundingBox3D Origin X": 49.770362464809295,
            "BoundingBox3D Origin Y": -4.703090782059007,
            "BoundingBox3D Origin Z": 3.4518060265108943,
            "BoundingBox3D Extent X": 0.1,
            "BoundingBox3D Extent Y": 0.6871968100218089,
            "BoundingBox3D Extent Z": 0.273953078968039,
            "BoundingBox3D Orientation Quat W": 0.155717878407984,
            "BoundingBox3D Orientation Quat X": 0.0002630559900685,
            "BoundingBox3D Orientation Quat Y": 0.0073288503159374,
            "BoundingBox3D Orientation Quat Z": 0.9877743472568566,
            "ObjectType": "TRAFFIC_SIGN",
            "Occluded": {
                "F_MIDRANGECAM_C": 0.911901831626892
            },
            "Truncated": 0,
            "ObjectMeta": {
                "SourceID": 76,
                "SubType": "us_white_ground_rectangle_unknown",
                "Text": "",
                "OcrVersion": 10006
            }
        },
        {
            "ActorName": "TRAFFIC_SIGN 77",
            "ObjectId": 77,
            "BoundingBox3D Origin X": 49.25513508786389,
            "BoundingBox3D Origin Y": -4.702724049944663,
            "BoundingBox3D Origin Z": 3.104082204401493,
            "BoundingBox3D Extent X": 0.0999999999999999,
            "BoundingBox3D Extent Y": 0.60407060371918,
            "BoundingBox3D Extent Z": 0.2037042366830296,
            "BoundingBox3D Orientation Quat W": 0.1949752370638272,
            "BoundingBox3D Orientation Quat X": -2.9573414722937263e-05,
            "BoundingBox3D Orientation Quat Y": 0.007333482939263,
            "BoundingBox3D Orientation Quat Z": 0.980780748223219,
            "ObjectType": "TRAFFIC_SIGN",
            "Occluded": {
                "F_MIDRANGECAM_C": 0.9895781874656676
            },
            "Truncated": 0,
            "ObjectMeta": {
                "SourceID": 77,
                "SubType": "us_white_ground_rectangle_unknown",
                "Text": "",
                "OcrVersion": 10006
            }
        },
        {
            "ActorName": "TRAFFIC_SIGN 78",
            "ObjectId": 78,
            "BoundingBox3D Origin X": 115.27275221393938,
            "BoundingBox3D Origin Y": -3.860010583404801,
            "BoundingBox3D Origin Z": 2.3544080732390285,
            "BoundingBox3D Extent X": 0.1,
            "BoundingBox3D Extent Y": 0.3832816087039713,
            "BoundingBox3D Extent Z": 0.4357120768838613,
            "BoundingBox3D Orientation Quat W": 0.1029206994517406,
            "BoundingBox3D Orientation Quat X": 0.000657161833291,
            "BoundingBox3D Orientation Quat Y": 0.0073052070619904,
            "BoundingBox3D Orientation Quat Z": 0.994662521517962,
            "ObjectType": "TRAFFIC_SIGN",
            "Occluded": {
                "F_MIDRANGECAM_C": 0.9989420771598816
            },
            "Truncated": 0,
            "ObjectMeta": {
                "SourceID": 78,
                "SubType": "unknown",
                "Text": "",
                "OcrVersion": 10006
            }
        },
        {
            "ActorName": "TRAFFIC_SIGN 79",
            "ObjectId": 79,
            "BoundingBox3D Origin X": 124.96923583363603,
            "BoundingBox3D Origin Y": 23.707796711605624,
            "BoundingBox3D Origin Z": 5.448606461286545,
            "BoundingBox3D Extent X": 0.1,
            "BoundingBox3D Extent Y": 1.7107504098693462,
            "BoundingBox3D Extent Z": 0.6034869053535241,
            "BoundingBox3D Orientation Quat W": -0.3146174481570827,
            "BoundingBox3D Orientation Quat X": 0.0035987355824604,
            "BoundingBox3D Orientation Quat Y": 0.0063921806888256,
            "BoundingBox3D Orientation Quat Z": 0.9491902077262356,
            "ObjectType": "TRAFFIC_SIGN",
            "Occluded": {
                "F_MIDRANGECAM_C": 0.9991437196731568
            },
            "Truncated": 0,
            "ObjectMeta": {
                "SourceID": 79,
                "SubType": "unknown",
                "Text": "",
                "OcrVersion": 10006
            }
        },
        {
            "ActorName": "TRAFFIC_SIGN 80",
            "ObjectId": 80,
            "BoundingBox3D Origin X": 162.7837697633804,
            "BoundingBox3D Origin Y": 10.043134065155757,
            "BoundingBox3D Origin Z": 6.2705811727792025,
            "BoundingBox3D Extent X": 0.0999999999999999,
            "BoundingBox3D Extent Y": 0.9914366721812164,
            "BoundingBox3D Extent Z": 1.020302161968541,
            "BoundingBox3D Orientation Quat W": -0.115960990256399,