{
    "CapturedObjects": [
        {
            "ActorName": "TRAFFIC_SIGN 71",
            "ObjectId": 71,
            "BoundingBox3D Origin X": 23.710991893400205,
            "BoundingBox3D Origin Y": -6.878336554160342,
            "BoundingBox3D Origin Z": 1.2016294356435535,
            "BoundingBox3D Extent X": 0.1,
            "BoundingBox3D Extent Y": 0.4031856189935762,
            "BoundingBox3D Extent Z": 0.4997455218914134,
            "BoundingBox3D Orientation Quat W": 0.1121382080805321,
            "BoundingBox3D Orientation Quat X": 0.0035902065638952,
            "BoundingBox3D Orientation Quat Y": 0.0111015181163318,
            "BoundingBox3D Orientation Quat Z": 0.9936241185683996,
            "ObjectType": "TRAFFIC_SIGN",
            "Occluded": {
                "F_MIDRANGECAM_C": 5.2624642421506e-07
            },
            "Truncated": 0,
            "ObjectMeta": {
                "SourceID": 71,
                "SubType": "unknown",
                "Text": "",
                "OcrVersion": 10006
            }
        },
        {
            "ActorName": "TRAFFIC_SIGN 72",
            "ObjectId": 72,
            "BoundingBox3D Origin X": 25.62483484342374,
            "BoundingBox3D Origin Y": -7.417273017257685,
            "BoundingBox3D Origin Z": 1.7375392876565456,
            "BoundingBox3D Extent X": 0.1,
            "BoundingBox3D Extent Y": 0.9388444663395614,
            "BoundingBox3D Extent Z": 0.3092811740232059,
            "BoundingBox3D Orientation Quat W": 0.2840183800753963,
            "BoundingBox3D Orientation Quat X": 0.0015954671920306,
            "BoundingBox3D Orientation Quat Y": 0.0115578650492321,
            "BoundingBox3D Orientation Quat Z": 0.9587478448577031,
            "ObjectType": "TRAFFIC_SIGN",
            "Occluded": {
                "F_MIDRANGECAM_C": 5.767843686044216e-05
            },
            "Truncated": 0,
            "ObjectMeta": {
                "SourceID": 72,
                "SubType": "us_yellow_ground_rectangle_unknown",
                "Text": "Chock and Shol Chun",
                "OcrVersion": 10006
            }
        },
        {
            "ActorName": "TRAFFIC_SIGN 73",
            "ObjectId": 73,
            "BoundingBox3D Origin X": 38.21959301971947,
            "BoundingBox3D Origin Y": -5.190523856726941,
            "BoundingBox3D Origin Z": 2.599665140733123,
            "BoundingBox3D Extent X": 0.1,
            "BoundingBox3D Extent Y": 0.3362411013069622,
            "BoundingBox3D Extent Z": 0.4807453413399092,
            "BoundingBox3D Orientation Quat W": 0.1609572317926042,
            "BoundingBox3D Orientation Quat X": 0.0030400608882055,
            "BoundingBox3D Orientation Quat Y": 0.0112651717395879,
            "BoundingBox3D Orientation Quat Z": 0.9868924072405946,
            "ObjectType": "TRAFFIC_SIGN",
            "Occluded": {
                "F_MIDRANGECAM_C": 0.001610048348084
            },
            "Truncated": 0,
            "ObjectMeta": {
                "SourceID": 73,
                "SubType": "us_white_ground_rectangle_unknown",
                "Text": "",
                "OcrVersion": 10006
            }
        },
        {
            "ActorName": "TRAFFIC_SIGN 74",
            "ObjectId": 74,
            "BoundingBox3D Origin X": 81.17714147066727,
            "BoundingBox3D Origin Y": -5.42108423114405,
            "BoundingBox3D Origin Z": 3.555934461764992,
            "BoundingBox3D Extent X": 0.1,
            "BoundingBox3D Extent Y": 1.0443760949039496,
            "BoundingBox3D Extent Z": 0.9445654290099652,
            "BoundingBox3D Orientation Quat W": 0.0698436804767466,
            "BoundingBox3D Orientation Quat X": 0.0040608096801865,
            "BoundingBox3D Orientation Quat Y": 0.0109396610133341,
            "BoundingBox3D Orientation Quat Z": 0.997489696156866,
            "ObjectType": "TRAFFIC_SIGN",
            "Occluded": {
                "F_MIDRANGECAM_C": 0.7509344220161438
            },
            "Truncated": 0,
            "ObjectMeta": {
                "SourceID": 74,
                "SubType": "us_white_ground_rectangle_unknown",
                "Text": "Ho",
                "OcrVersion": 10006
            }
        },
        {
            "ActorName": "TRAFFIC_SIGN 75",
            "ObjectId": 75,
            "BoundingBox3D Origin X": 70.92380738748034,
            "BoundingBox3D Origin Y": 12.3017922102008,
            "BoundingBox3D Origin Z": 0.3786228187382221,
            "BoundingBox3D Extent X": 0.1,
            "BoundingBox3D Extent Y": 0.9246897276089624,
            "BoundingBox3D Extent Z": 0.4851001072257914,
            "BoundingBox3D Orientation Quat W": -0.3105315879165434,
            "BoundingBox3D Orientation Quat X": 0.0078774656712844,
            "BoundingBox3D Orientation Quat Y": 0.0086088214735773,
            "BoundingBox3D Orientation Quat Z": 0.9504914342767452,
            "ObjectType": "TRAFFIC_SIGN",
            "Occluded": {
                "F_MIDRANGECAM_C": 0.9992699027061462
            },
            "Truncated": 0,
            "ObjectMeta": {
                "SourceID": 75,
                "SubType": "us_white_ground_rectangle_unknown",
                "Text": "",
                "OcrVersion": 10006
            }
        },
        {
            "ActorName": "TRAFFIC_SIGN 76",
            "ObjectId": 76,
            "BoundingBox3D Origin X": 81.12338060556067,
            "BoundingBox3D Origin Y": -5.4354711219493765,
            "BoundingBox3D Origin Z": 2.866675736382604,
            "BoundingBox3D Extent X": 0.1,
            "BoundingBox3D Extent Y": 0.6871968100218089,
            "BoundingBox3D Extent Z": 0.273953078968039,
            "BoundingBox3D Orientation Quat W": 0.1633493606116572,
            "BoundingBox3D Orientation Quat X": 0.0030161600739874,
            "BoundingBox3D Orientation Quat Y": 0.0112730206610536,
            "BoundingBox3D Orientation Quat Z": 0.9864992692198744,
            "ObjectType": "TRAFFIC_SIGN",
            "Occluded": {
                "F_MIDRANGECAM_C": 0.7405329942703247
            },
            "Truncated": 0,
            "ObjectMeta": {
                "SourceID": 76,
                "SubType": "us_white_ground_rectangle_unknown",
                "Text": "",
                "OcrVersion": 10006
            }
        },
        {
            "ActorName": "TRAFFIC_SIGN 77",
            "ObjectId": 77,
            "BoundingBox3D Origin X": 80.60593223208707,
            "BoundingBox3D Origin Y": -5.429501599544892,
            "BoundingBox3D Origin Z": 2.5223151687532663,
            "BoundingBox3D Extent X": 0.0999999999999999,
            "BoundingBox3D Extent Y": 0.60407060371918,
            "BoundingBox3D Extent Z": 0.2037042366830296,
            "BoundingBox3D Orientation Quat W": 0.2025496137322854,
            "BoundingBox3D Orientation Quat X": 0.0025640020149039,
            "BoundingBox3D Orientation Quat Y": 0.0113843035509214,
            "BoundingBox3D Orientation Quat Z": 0.9792024701272104,
            "ObjectType": "TRAFFIC_SIGN",
            "Occluded": {
                "F_MIDRANGECAM_C": 0.9984094500541688
            },
            "Truncated": 0,
            "ObjectMeta": {
                "SourceID": 77,
                "SubType": "us_white_ground_rectangle_unknown",
                "Text": "",
                "OcrVersion": 10006
            }
        },
        {
            "ActorName": "TRAFFIC_SIGN 78",
            "ObjectId": 78,
            "BoundingBox3D Origin X": 146.62245314775646,
            "BoundingBox3D Origin Y": -5.617697126144776,
            "BoundingBox3D Origin Z": 1.3374371631070971,
            "BoundingBox3D Extent X": 0.1,
            "BoundingBox3D Extent Y": 0.3832816087039713,
            "BoundingBox3D Extent Z": 0.4357120768838613,
            "BoundingBox3D Orientation Quat W": 0.1106095085306549,