{
    "CapturedObjects": [
        {
            "ActorName": "TRAFFIC_SIGN 78",
            "ObjectId": 78,
            "BoundingBox3D Origin X": 37.97243523308862,
            "BoundingBox3D Origin Y": -5.00975901237689,
            "BoundingBox3D Origin Z": 2.8043334521353245,
            "BoundingBox3D Extent X": 0.1,
            "BoundingBox3D Extent Y": 0.3832816087039713,
            "BoundingBox3D Extent Z": 0.4357120768838613,
            "BoundingBox3D Orientation Quat W": 0.107437114930673,
            "BoundingBox3D Orientation Quat X": -0.002147599045875,
            "BoundingBox3D Orientation Quat Y": 0.0009986391653196,
            "BoundingBox3D Orientation Quat Z": 0.9942090609492196,
            "ObjectType": "TRAFFIC_SIGN",
            "Occluded": {
                "F_MIDRANGECAM_C": 0.0142868356779217
            },
            "Truncated": 0,
            "ObjectMeta": {
                "SourceID": 78,
                "SubType": "unknown",
                "Text": "",
                "OcrVersion": 10006
            }
        },
        {
            "ActorName": "TRAFFIC_SIGN 79",
            "ObjectId": 79,
            "BoundingBox3D Origin X": 47.894981030283816,
            "BoundingBox3D Origin Y": 22.42979634579024,
            "BoundingBox3D Origin Z": 6.295080122537911,
            "BoundingBox3D Extent X": 0.1,
            "BoundingBox3D Extent Y": 1.7107504098693462,
            "BoundingBox3D Extent Z": 0.6034869053535241,
            "BoundingBox3D Orientation Quat W": -0.3103115928590337,
            "BoundingBox3D Orientation Quat X": -0.0015456796946644,
            "BoundingBox3D Orientation Quat Y": 0.0017935726726998,
            "BoundingBox3D Orientation Quat Z": 0.9506319526023932,
            "ObjectType": "TRAFFIC_SIGN",
            "Occluded": {
                "F_MIDRANGECAM_C": 0.9235115051269532
            },
            "Truncated": 0,
            "ObjectMeta": {
                "SourceID": 79,
                "SubType": "unknown",
                "Text": "",
                "OcrVersion": 10006
            }
        },
        {
            "ActorName": "TRAFFIC_SIGN 80",
            "ObjectId": 80,
            "BoundingBox3D Origin X": 85.57809471118526,
            "BoundingBox3D Origin Y": 8.413331055204253,
            "BoundingBox3D Origin Z": 7.213850626721978,
            "BoundingBox3D Extent X": 0.0999999999999999,
            "BoundingBox3D Extent Y": 0.9914366721812164,
            "BoundingBox3D Extent Z": 1.020302161968541,
            "BoundingBox3D Orientation Quat W": -0.1114535729339293,
            "BoundingBox3D Orientation Quat X": -0.0018751314250878,
            "BoundingBox3D Orientation Quat Y": 0.0014420495772292,
            "BoundingBox3D Orientation Quat Z": 0.9937668265017788,
            "ObjectType": "TRAFFIC_SIGN",
            "Occluded": {
                "F_MIDRANGECAM_C": 0.5441761016845703
            },
            "Truncated": 0,
            "ObjectMeta": {
                "SourceID": 80,
                "SubType": "us_white_ground_rectangle_unknown",
                "Text": "Lt.",
                "OcrVersion": 10006
            }
        },
        {
            "ActorName": "TRAFFIC_SIGN 81",
            "ObjectId": 81,
            "BoundingBox3D Origin X": 86.64489930965647,
            "BoundingBox3D Origin Y": -5.679054438731328,
            "BoundingBox3D Origin Z": 5.480842158198357,
            "BoundingBox3D Extent X": 0.1,
            "BoundingBox3D Extent Y": 0.7463736033616835,
            "BoundingBox3D Extent Z": 0.983651782538956,
            "BoundingBox3D Orientation Quat W": 0.0735693571554116,
            "BoundingBox3D Orientation Quat X": -0.002110284525263,
            "BoundingBox3D Orientation Quat Y": 0.0010713509982827,
            "BoundingBox3D Orientation Quat Z": 0.9972872949125547,
            "ObjectType": "TRAFFIC_SIGN",
            "Occluded": {
                "F_MIDRANGECAM_C": 0.9812441468238832
            },
            "Truncated": 0,
            "ObjectMeta": {
                "SourceID": 81,
                "SubType": "us_white_ground_rectangle_unknown",
                "Text": "A",
                "OcrVersion": 10006
            }
        },
        {
            "ActorName": "TRAFFIC_SIGN 82",
            "ObjectId": 82,
            "BoundingBox3D Origin X": 86.5542563332383,
            "BoundingBox3D Origin Y": -1.506589474813154,
            "BoundingBox3D Origin Z": 6.526827747002244,
            "BoundingBox3D Extent X": 0.1,
            "BoundingBox3D Extent Y": 2.213188412608715,
            "BoundingBox3D Extent Z": 0.5427212993728956,
            "BoundingBox3D Orientation Quat W": 0.0164222431368492,
            "BoundingBox3D Orientation Quat X": -0.0020448506374287,
            "BoundingBox3D Orientation Quat Y": 0.0011902422564543,
            "BoundingBox3D Orientation Quat Z": 0.9998623464455476,
            "ObjectType": "TRAFFIC_SIGN",
            "Occluded": {
                "F_MIDRANGECAM_C": 0.9930971264839172
            },
            "Truncated": 0,
            "ObjectMeta": {
                "SourceID": 82,
                "SubType": "unknown",
                "Text": "",
                "OcrVersion": 10006
            }
        },
        {
            "ActorName": "TRAFFIC_SIGN 83",
            "ObjectId": 83,
            "BoundingBox3D Origin X": 82.6083446756711,
            "BoundingBox3D Origin Y": -10.84627370904127,
            "BoundingBox3D Origin Z": 3.744565687142313,
            "BoundingBox3D Extent X": 0.1,
            "BoundingBox3D Extent Y": 0.5022577767826779,
            "BoundingBox3D Extent Z": 0.4764159543296132,
            "BoundingBox3D Orientation Quat W": 0.1584041774888024,
            "BoundingBox3D Orientation Quat X": -0.0021929520619102,
            "BoundingBox3D Orientation Quat Y": 0.00088721663065,
            "BoundingBox3D Orientation Quat Z": 0.987371520939307,
            "ObjectType": "TRAFFIC_SIGN",
            "Occluded": {
                "F_MIDRANGECAM_C": 0.9993926286697388
            },
            "Truncated": 0,
            "ObjectMeta": {
                "SourceID": 83,
                "SubType": "unknown",
                "Text": "",
                "OcrVersion": 10006
            }
        },
        {
            "ActorName": "TRAFFIC_SIGN 84",
            "ObjectId": 84,
            "BoundingBox3D Origin X": 83.3081924015969,
            "BoundingBox3D Origin Y": -10.90752876953411,
            "BoundingBox3D Origin Z": 2.9892033897340298,
            "BoundingBox3D Extent X": 0.1,
            "BoundingBox3D Extent Y": 0.5902100148686099,
            "BoundingBox3D Extent Z": 0.6262998747597067,
            "BoundingBox3D Orientation Quat W": 0.4131129829837521,
            "BoundingBox3D Orientation Quat X": -0.0023497159927656,
            "BoundingBox3D Orientation Quat Y": 0.0002788630769419,
            "BoundingBox3D Orientation Quat Z": 0.9106767068287208,
            "ObjectType": "TRAFFIC_SIGN",
            "Occluded": {
                "F_MIDRANGECAM_C": 0.987851619720459
            },
            "Truncated": 0,
            "ObjectMeta": {
                "SourceID": 84,
                "SubType": "us_white_ground_rectangle_unknown",
                "Text": "",
                "OcrVersion": 10006
            }
        },
        {
            "ActorName": "TRAFFIC_SIGN 85",
            "ObjectId": 85,
            "BoundingBox3D Origin X": 86.22187813118944,
            "BoundingBox3D Origin Y": -9.3162495958386,
            "BoundingBox3D Origin Z": 2.960545165464282,
            "BoundingBox3D Extent X": 0.1,
            "BoundingBox3D Extent Y": 0.4321764308658682,
            "BoundingBox3D Extent Z": 0.619127164289498,
            "BoundingBox3D Orientation Quat W": 0.1502384740734366,
            "BoundingBox3D Orientation Quat X": -0.0021859632255738,
            "BoundingBox3D Orientation Quat Y": 0.0009055468281844,