{
    "CapturedObjects": [
        {
            "ActorName": "TRAFFIC_SIGN 74",
            "ObjectId": 74,
            "BoundingBox3D Origin X": 27.3050281456035,
            "BoundingBox3D Origin Y": -4.995711044357449,
            "BoundingBox3D Origin Z": 4.241115989163518,
            "BoundingBox3D Extent X": 0.1,
            "BoundingBox3D Extent Y": 1.0443760949039496,
            "BoundingBox3D Extent Z": 0.9445654290099652,
            "BoundingBox3D Orientation Quat W": 0.0641187039214436,
            "BoundingBox3D Orientation Quat X": 0.0005409419386959,
            "BoundingBox3D Orientation Quat Y": 0.0038674975466302,
            "BoundingBox3D Orientation Quat Z": 0.9979346379658238,
            "ObjectType": "TRAFFIC_SIGN",
            "Occluded": {
                "F_MIDRANGECAM_C": 5.527084795176052e-06
            },
            "Truncated": 0,
            "ObjectMeta": {
                "SourceID": 74,
                "SubType": "us_white_ground_rectangle_unknown",
                "Text": "Ho",
                "OcrVersion": 10006
            }
        },
        {
            "ActorName": "TRAFFIC_SIGN 75",
            "ObjectId": 75,
            "BoundingBox3D Origin X": 16.872958522861154,
            "BoundingBox3D Origin Y": 12.65043602494552,
            "BoundingBox3D Origin Z": 1.2239797981455922,
            "BoundingBox3D Extent X": 0.1,
            "BoundingBox3D Extent Y": 0.9246897276089624,
            "BoundingBox3D Extent Z": 0.4851001072257914,
            "BoundingBox3D Orientation Quat W": -0.3159995443661206,
            "BoundingBox3D Orientation Quat X": 0.001956320219179,
            "BoundingBox3D Orientation Quat Y": 0.0033808541702642,
            "BoundingBox3D Orientation Quat Z": 0.948751300708823,
            "ObjectType": "TRAFFIC_SIGN",
            "Occluded": {
                "F_MIDRANGECAM_C": 5.970754500594921e-06
            },
            "Truncated": 0,
            "ObjectMeta": {
                "SourceID": 75,
                "SubType": "us_white_ground_rectangle_unknown",
                "Text": "",
                "OcrVersion": 10006
            }
        },
        {
            "ActorName": "TRAFFIC_SIGN 76",
            "ObjectId": 76,
            "BoundingBox3D Origin X": 27.256822048204413,
            "BoundingBox3D Origin Y": -5.00125584685884,
            "BoundingBox3D Origin Z": 3.551321083679796,
            "BoundingBox3D Extent X": 0.1,
            "BoundingBox3D Extent Y": 0.6871968100218089,
            "BoundingBox3D Extent Z": 0.273953078968039,
            "BoundingBox3D Orientation Quat W": 0.1576917008634662,
            "BoundingBox3D Orientation Quat X": 0.0001768176818607,
            "BoundingBox3D Orientation Quat Y": 0.0039011187306988,
            "BoundingBox3D Orientation Quat Z": 0.9874806719561368,
            "ObjectType": "TRAFFIC_SIGN",
            "Occluded": {
                "F_MIDRANGECAM_C": 0.0009267746354453
            },
            "Truncated": 0,
            "ObjectMeta": {
                "SourceID": 76,
                "SubType": "us_white_ground_rectangle_unknown",
                "Text": "",
                "OcrVersion": 10006
            }
        },
        {
            "ActorName": "TRAFFIC_SIGN 77",
            "ObjectId": 77,
            "BoundingBox3D Origin X": 26.74204495810409,
            "BoundingBox3D Origin Y": -4.996487131931644,
            "BoundingBox3D Origin Z": 3.20296433288604,
            "BoundingBox3D Extent X": 0.0999999999999999,
            "BoundingBox3D Extent Y": 0.60407060371918,
            "BoundingBox3D Extent Z": 0.2037042366830296,
            "BoundingBox3D Orientation Quat W": 0.1969357811400958,
            "BoundingBox3D Orientation Quat X": 2.072446484345357e-05,
            "BoundingBox3D Orientation Quat Y": 0.0039050610772943,
            "BoundingBox3D Orientation Quat Z": 0.9804086128626264,
            "ObjectType": "TRAFFIC_SIGN",
            "Occluded": {
                "F_MIDRANGECAM_C": 0.8074625134468079
            },
            "Truncated": 0,
            "ObjectMeta": {
                "SourceID": 77,
                "SubType": "us_white_ground_rectangle_unknown",
                "Text": "",
                "OcrVersion": 10006
            }
        },
        {
            "ActorName": "TRAFFIC_SIGN 78",
            "ObjectId": 78,
            "BoundingBox3D Origin X": 92.7635433440446,
            "BoundingBox3D Origin Y": -4.412645413976861,
            "BoundingBox3D Origin Z": 2.5414959099143744,
            "BoundingBox3D Extent X": 0.1,
            "BoundingBox3D Extent Y": 0.3832816087039713,
            "BoundingBox3D Extent Z": 0.4357120768838613,
            "BoundingBox3D Orientation Quat W": 0.1049074770994667,
            "BoundingBox3D Orientation Quat X": 0.0003888549095553,
            "BoundingBox3D Orientation Quat Y": 0.003886910312814,
            "BoundingBox3D Orientation Quat Z": 0.9944743143835864,
            "ObjectType": "TRAFFIC_SIGN",
            "Occluded": {
                "F_MIDRANGECAM_C": 0.9988011121749878
            },
            "Truncated": 0,
            "ObjectMeta": {
                "SourceID": 78,
                "SubType": "unknown",
                "Text": "",
                "OcrVersion": 10006
            }
        },
        {
            "ActorName": "TRAFFIC_SIGN 79",
            "ObjectId": 79,
            "BoundingBox3D Origin X": 102.56624429542715,
            "BoundingBox3D Origin Y": 23.09451836736844,
            "BoundingBox3D Origin Z": 5.833348795771599,
            "BoundingBox3D Extent X": 0.1,
            "BoundingBox3D Extent Y": 1.7107504098693462,
            "BoundingBox3D Extent Z": 0.6034869053535241,
            "BoundingBox3D Orientation Quat W": -0.3127241938638795,
            "BoundingBox3D Orientation Quat X": 0.0019519337960753,
            "BoundingBox3D Orientation Quat Y": 0.0033864728927145,
            "BoundingBox3D Orientation Quat Z": 0.9498359333737534,
            "ObjectType": "TRAFFIC_SIGN",
            "Occluded": {
                "F_MIDRANGECAM_C": 0.999292254447937
            },
            "Truncated": 0,
            "ObjectMeta": {
                "SourceID": 79,
                "SubType": "unknown",
                "Text": "",
                "OcrVersion": 10006
            }
        },
        {
            "ActorName": "TRAFFIC_SIGN 80",
            "ObjectId": 80,
            "BoundingBox3D Origin X": 140.32482233603696,
            "BoundingBox3D Origin Y": 9.273678715027929,
            "BoundingBox3D Origin Z": 6.610563571564853,
            "BoundingBox3D Extent X": 0.0999999999999999,
            "BoundingBox3D Extent Y": 0.9914366721812164,
            "BoundingBox3D Extent Z": 1.020302161968541,
            "BoundingBox3D Orientation Quat W": -0.1139789292842255,
            "BoundingBox3D Orientation Quat X": 0.0012284387961688,
            "BoundingBox3D Orientation Quat Y": 0.0037099412816057,
            "BoundingBox3D Orientation Quat Z": 0.993475480801128,
            "ObjectType": "TRAFFIC_SIGN",
            "Occluded": {
                "F_MIDRANGECAM_C": 0.9996492862701416
            },
            "Truncated": 0,
            "ObjectMeta": {
                "SourceID": 80,
                "SubType": "us_white_ground_rectangle_unknown",
                "Text": "Lt.",
                "OcrVersion": 10006
            }
        },
        {
            "ActorName": "TRAFFIC_SIGN 81",
            "ObjectId": 81,
            "BoundingBox3D Origin X": 141.4533662444992,
            "BoundingBox3D Origin Y": -4.821972777303017,
            "BoundingBox3D Origin Z": 4.944659780710936,
            "BoundingBox3D Extent X": 0.1,
            "BoundingBox3D Extent Y": 0.7463736033616835,
            "BoundingBox3D Extent Z": 0.983651782538956,
            "BoundingBox3D Orientation Quat W": 0.071032314659395,
            "BoundingBox3D Orientation Quat X": 0.0005228459947028,