{
    "CapturedObjects": [
        {
            "ActorName": "TRAFFIC_SIGN 71",
            "ObjectId": 71,
            "BoundingBox3D Origin X": 20.09757086265745,
            "BoundingBox3D Origin Y": -6.879511095961789,
            "BoundingBox3D Origin Z": 1.248681173659861,
            "BoundingBox3D Extent X": 0.1,
            "BoundingBox3D Extent Y": 0.4031856189935762,
            "BoundingBox3D Extent Z": 0.4997455218914134,
            "BoundingBox3D Orientation Quat W": 0.111674197523037,
            "BoundingBox3D Orientation Quat X": 0.0029063269566543,
            "BoundingBox3D Orientation Quat Y": 0.0102235588527062,
            "BoundingBox3D Orientation Quat Z": 0.9936880323902428,
            "ObjectType": "TRAFFIC_SIGN",
            "Occluded": {
                "F_MIDRANGECAM_C": 3.920828930858988e-06
            },
            "Truncated": 0,
            "ObjectMeta": {
                "SourceID": 71,
                "SubType": "unknown",
                "Text": "",
                "OcrVersion": 10006
            }
        },
        {
            "ActorName": "TRAFFIC_SIGN 72",
            "ObjectId": 72,
            "BoundingBox3D Origin X": 22.01109036761773,
            "BoundingBox3D Origin Y": -7.417495600457187,
            "BoundingBox3D Origin Z": 1.786689918488264,
            "BoundingBox3D Extent X": 0.1,
            "BoundingBox3D Extent Y": 0.9388444663395614,
            "BoundingBox3D Extent Z": 0.3092811740232059,
            "BoundingBox3D Orientation Quat W": 0.2835738852517164,
            "BoundingBox3D Orientation Quat X": 0.0010750995865001,
            "BoundingBox3D Orientation Quat Y": 0.0105743968362616,
            "BoundingBox3D Orientation Quat Z": 0.9588914838998592,
            "ObjectType": "TRAFFIC_SIGN",
            "Occluded": {
                "F_MIDRANGECAM_C": 3.446752998570446e-06
            },
            "Truncated": 0,
            "ObjectMeta": {
                "SourceID": 72,
                "SubType": "us_yellow_ground_rectangle_unknown",
                "Text": "Chock and Shol Chun",
                "OcrVersion": 10006
            }
        },
        {
            "ActorName": "TRAFFIC_SIGN 73",
            "ObjectId": 73,
            "BoundingBox3D Origin X": 34.60240052408335,
            "BoundingBox3D Origin Y": -5.180215154439793,
            "BoundingBox3D Origin Z": 2.6718324264511466,
            "BoundingBox3D Extent X": 0.1,
            "BoundingBox3D Extent Y": 0.3362411013069622,
            "BoundingBox3D Extent Z": 0.4807453413399092,
            "BoundingBox3D Orientation Quat W": 0.1604972533543729,
            "BoundingBox3D Orientation Quat X": 0.0024001371284852,
            "BoundingBox3D Orientation Quat Y": 0.0103547056434892,
            "BoundingBox3D Orientation Quat Z": 0.98697905300898,
            "ObjectType": "TRAFFIC_SIGN",
            "Occluded": {
                "F_MIDRANGECAM_C": 0.0064627518877387
            },
            "Truncated": 0,
            "ObjectMeta": {
                "SourceID": 73,
                "SubType": "us_white_ground_rectangle_unknown",
                "Text": "",
                "OcrVersion": 10006
            }
        },
        {
            "ActorName": "TRAFFIC_SIGN 74",
            "ObjectId": 74,
            "BoundingBox3D Origin X": 77.5586149621231,
            "BoundingBox3D Origin Y": -5.3716992924019,
            "BoundingBox3D Origin Z": 3.69419533200562,
            "BoundingBox3D Extent X": 0.1,
            "BoundingBox3D Extent Y": 1.0443760949039496,
            "BoundingBox3D Extent Z": 0.9445654290099652,
            "BoundingBox3D Orientation Quat W": 0.0693771282186372,
            "BoundingBox3D Orientation Quat X": 0.0033403864971211,
            "BoundingBox3D Orientation Quat Y": 0.0100914415539591,
            "BoundingBox3D Orientation Quat Z": 0.997533868450364,
            "ObjectType": "TRAFFIC_SIGN",
            "Occluded": {
                "F_MIDRANGECAM_C": 0.7414728999137878
            },
            "Truncated": 0,
            "ObjectMeta": {
                "SourceID": 74,
                "SubType": "us_white_ground_rectangle_unknown",
                "Text": "Ho",
                "OcrVersion": 10006
            }
        },
        {
            "ActorName": "TRAFFIC_SIGN 75",
            "ObjectId": 75,
            "BoundingBox3D Origin X": 67.29352663944883,
            "BoundingBox3D Origin Y": 12.346591227760657,
            "BoundingBox3D Origin Z": 0.5292140506207943,
            "BoundingBox3D Extent X": 0.1,
            "BoundingBox3D Extent Y": 0.9246897276089624,
            "BoundingBox3D Extent Z": 0.4851001072257914,
            "BoundingBox3D Orientation Quat W": -0.3109804879442057,
            "BoundingBox3D Orientation Quat X": 0.0068920895676077,
            "BoundingBox3D Orientation Quat Y": 0.0080936888368462,
            "BoundingBox3D Orientation Quat Z": 0.95035684214951,
            "ObjectType": "TRAFFIC_SIGN",
            "Occluded": {
                "F_MIDRANGECAM_C": 0.9992194175720216
            },
            "Truncated": 0,
            "ObjectMeta": {
                "SourceID": 75,
                "SubType": "us_white_ground_rectangle_unknown",
                "Text": "",
                "OcrVersion": 10006
            }
        },
        {
            "ActorName": "TRAFFIC_SIGN 76",
            "ObjectId": 76,
            "BoundingBox3D Origin X": 77.50593166762701,
            "BoundingBox3D Origin Y": -5.385035910454462,
            "BoundingBox3D Origin Z": 3.004838571883738,
            "BoundingBox3D Extent X": 0.1,
            "BoundingBox3D Extent Y": 0.6871968100218089,
            "BoundingBox3D Extent Z": 0.273953078968039,
            "BoundingBox3D Orientation Quat W": 0.162889607907611,
            "BoundingBox3D Orientation Quat X": 0.0023784394430951,
            "BoundingBox3D Orientation Quat Y": 0.0103610140147716,
            "BoundingBox3D Orientation Quat Z": 0.9865870301448856,
            "ObjectType": "TRAFFIC_SIGN",
            "Occluded": {
                "F_MIDRANGECAM_C": 0.8004361987113953
            },
            "Truncated": 0,
            "ObjectMeta": {
                "SourceID": 76,
                "SubType": "us_white_ground_rectangle_unknown",
                "Text": "",
                "OcrVersion": 10006
            }
        },
        {
            "ActorName": "TRAFFIC_SIGN 77",
            "ObjectId": 77,
            "BoundingBox3D Origin X": 76.98901013329305,
            "BoundingBox3D Origin Y": -5.3790053527773125,
            "BoundingBox3D Origin Z": 2.6596908094361424,
            "BoundingBox3D Extent X": 0.0999999999999999,
            "BoundingBox3D Extent Y": 0.60407060371918,
            "BoundingBox3D Extent Z": 0.2037042366830296,
            "BoundingBox3D Orientation Quat W": 0.2020940065297959,
            "BoundingBox3D Orientation Quat X": 0.0019630574453748,
            "BoundingBox3D Orientation Quat Y": 0.0104477085460451,
            "BoundingBox3D Orientation Quat Z": 0.979308431657942,
            "ObjectType": "TRAFFIC_SIGN",
            "Occluded": {
                "F_MIDRANGECAM_C": 0.9985768795013428
            },
            "Truncated": 0,
            "ObjectMeta": {
                "SourceID": 77,
                "SubType": "us_white_ground_rectangle_unknown",
                "Text": "",
                "OcrVersion": 10006
            }
        },
        {
            "ActorName": "TRAFFIC_SIGN 78",
            "ObjectId": 78,
            "BoundingBox3D Origin X": 143.00742205866118,
            "BoundingBox3D Origin Y": -5.502908236710937,
            "BoundingBox3D Origin Z": 1.576679247431457,
            "BoundingBox3D Extent X": 0.1,
            "BoundingBox3D Extent Y": 0.3832816087039713,
            "BoundingBox3D Extent Z": 0.4357120768838613,
            "BoundingBox3D Orientation Quat W": 0.1101453844251263,