{
    "CapturedObjects": [
        {
            "ActorName": "TRAFFIC_SIGN 74",
            "ObjectId": 74,
            "BoundingBox3D Origin X": 43.02563538700997,
            "BoundingBox3D Origin Y": -4.673262085692841,
            "BoundingBox3D Origin Z": 4.248447822406888,
            "BoundingBox3D Extent X": 0.1,
            "BoundingBox3D Extent Y": 1.0443760949039496,
            "BoundingBox3D Extent Z": 0.9445654290099652,
            "BoundingBox3D Orientation Quat W": 0.0616198545959862,
            "BoundingBox3D Orientation Quat X": -5.4296041467438414e-05,
            "BoundingBox3D Orientation Quat Y": 0.008144323631215,
            "BoundingBox3D Orientation Quat Z": 0.998066460995509,
            "ObjectType": "TRAFFIC_SIGN",
            "Occluded": {
                "F_MIDRANGECAM_C": 3.4390046494081616e-05
            },
            "Truncated": 0,
            "ObjectMeta": {
                "SourceID": 74,
                "SubType": "us_white_ground_rectangle_unknown",
                "Text": "Ho",
                "OcrVersion": 10006
            }
        },
        {
            "ActorName": "TRAFFIC_SIGN 75",
            "ObjectId": 75,
            "BoundingBox3D Origin X": 32.50704549460352,
            "BoundingBox3D Origin Y": 12.893736642668957,
            "BoundingBox3D Origin Z": 1.0733052249997854,
            "BoundingBox3D Extent X": 0.1,
            "BoundingBox3D Extent Y": 0.9246897276089624,
            "BoundingBox3D Extent Z": 0.4851001072257914,
            "BoundingBox3D Orientation Quat W": -0.3183673930981303,
            "BoundingBox3D Orientation Quat X": 0.0030133029019334,
            "BoundingBox3D Orientation Quat Y": 0.0075684399019718,
            "BoundingBox3D Orientation Quat Z": 0.9479324035684044,
            "ObjectType": "TRAFFIC_SIGN",
            "Occluded": {
                "F_MIDRANGECAM_C": 0.9512637257575988
            },
            "Truncated": 0,
            "ObjectMeta": {
                "SourceID": 75,
                "SubType": "us_white_ground_rectangle_unknown",
                "Text": "",
                "OcrVersion": 10006
            }
        },
        {
            "ActorName": "TRAFFIC_SIGN 76",
            "ObjectId": 76,
            "BoundingBox3D Origin X": 42.977902748651104,
            "BoundingBox3D Origin Y": -4.684985647196299,
            "BoundingBox3D Origin Z": 3.558701747097075,
            "BoundingBox3D Extent X": 0.1,
            "BoundingBox3D Extent Y": 0.6871968100218089,
            "BoundingBox3D Extent Z": 0.273953078968039,
            "BoundingBox3D Orientation Quat W": 0.1552162230432691,
            "BoundingBox3D Orientation Quat X": -0.0008180509681972,
            "BoundingBox3D Orientation Quat Y": 0.0081027196269269,
            "BoundingBox3D Orientation Quat Z": 0.9878469521294496,
            "ObjectType": "TRAFFIC_SIGN",
            "Occluded": {
                "F_MIDRANGECAM_C": 0.0518517829477787
            },
            "Truncated": 0,
            "ObjectMeta": {
                "SourceID": 76,
                "SubType": "us_white_ground_rectangle_unknown",
                "Text": "",
                "OcrVersion": 10006
            }
        },
        {
            "ActorName": "TRAFFIC_SIGN 77",
            "ObjectId": 77,
            "BoundingBox3D Origin X": 42.46333417623919,
            "BoundingBox3D Origin Y": -4.685797858241131,
            "BoundingBox3D Origin Z": 3.2100123167037964,
            "BoundingBox3D Extent X": 0.0999999999999999,
            "BoundingBox3D Extent Y": 0.60407060371918,
            "BoundingBox3D Extent Z": 0.2037042366830296,
            "BoundingBox3D Orientation Quat W": 0.1944767049129802,
            "BoundingBox3D Orientation Quat X": -0.0011409033942718,
            "BoundingBox3D Orientation Quat Y": 0.0080635392842699,
            "BoundingBox3D Orientation Quat Z": 0.9808733297015708,
            "ObjectType": "TRAFFIC_SIGN",
            "Occluded": {
                "F_MIDRANGECAM_C": 0.9765617847442628
            },
            "Truncated": 0,
            "ObjectMeta": {
                "SourceID": 77,
                "SubType": "us_white_ground_rectangle_unknown",
                "Text": "",
                "OcrVersion": 10006
            }
        },
        {
            "ActorName": "TRAFFIC_SIGN 78",
            "ObjectId": 78,
            "BoundingBox3D Origin X": 108.4813271241701,
            "BoundingBox3D Origin Y": -3.776488501898712,
            "BoundingBox3D Origin Z": 2.582878366112709,
            "BoundingBox3D Extent X": 0.1,
            "BoundingBox3D Extent Y": 0.3832816087039713,
            "BoundingBox3D Extent Z": 0.4357120768838613,
            "BoundingBox3D Orientation Quat W": 0.1024161475098267,
            "BoundingBox3D Orientation Quat X": -0.000380929238046,
            "BoundingBox3D Orientation Quat Y": 0.0081356813778462,
            "BoundingBox3D Orientation Quat Z": 0.994708298100845,
            "ObjectType": "TRAFFIC_SIGN",
            "Occluded": {
                "F_MIDRANGECAM_C": 0.9995751976966858
            },
            "Truncated": 0,
            "ObjectMeta": {
                "SourceID": 78,
                "SubType": "unknown",
                "Text": "",
                "OcrVersion": 10006
            }
        },
        {
            "ActorName": "TRAFFIC_SIGN 79",
            "ObjectId": 79,
            "BoundingBox3D Origin X": 118.14360747942465,
            "BoundingBox3D Origin Y": 23.8068611760682,
            "BoundingBox3D Origin Z": 5.643610117025673,
            "BoundingBox3D Extent X": 0.1,
            "BoundingBox3D Extent Y": 1.7107504098693462,
            "BoundingBox3D Extent Z": 0.6034869053535241,
            "BoundingBox3D Orientation Quat W": -0.3150947840264676,
            "BoundingBox3D Orientation Quat X": 0.0029944739800083,
            "BoundingBox3D Orientation Quat Y": 0.0075776945617849,
            "BoundingBox3D Orientation Quat Z": 0.9490252308289938,
            "ObjectType": "TRAFFIC_SIGN",
            "Occluded": {
                "F_MIDRANGECAM_C": 0.9981009364128112
            },
            "Truncated": 0,
            "ObjectMeta": {
                "SourceID": 79,
                "SubType": "unknown",
                "Text": "",
                "OcrVersion": 10006
            }
        },
        {
            "ActorName": "TRAFFIC_SIGN 80",
            "ObjectId": 80,
            "BoundingBox3D Origin X": 155.97052477018588,
            "BoundingBox3D Origin Y": 10.182786797056906,
            "BoundingBox3D Origin Z": 6.562274485826492,
            "BoundingBox3D Extent X": 0.0999999999999999,
            "BoundingBox3D Extent Y": 0.9914366721812164,
            "BoundingBox3D Extent Z": 1.020302161968541,
            "BoundingBox3D Orientation Quat W": -0.1164623544712499,
            "BoundingBox3D Orientation Quat X": 0.0014014685612222,
            "BoundingBox3D Orientation Quat Y": 0.0080250767663669,
            "BoundingBox3D Orientation Quat Z": 0.9931616958077764,
            "ObjectType": "TRAFFIC_SIGN",
            "Occluded": {
                "F_MIDRANGECAM_C": 0.998664379119873
            },
            "Truncated": 0,
            "ObjectMeta": {
                "SourceID": 80,
                "SubType": "us_white_ground_rectangle_unknown",
                "Text": "Lt.",
                "OcrVersion": 10006
            }
        },
        {
            "ActorName": "TRAFFIC_SIGN 81",
            "ObjectId": 81,
            "BoundingBox3D Origin X": 157.17091851848636,
            "BoundingBox3D Origin Y": -3.920864898187574,
            "BoundingBox3D Origin Z": 5.018469440750778,
            "BoundingBox3D Extent X": 0.1,
            "BoundingBox3D Extent Y": 0.7463736033616835,
            "BoundingBox3D Extent Z": 0.983651782538956,
            "BoundingBox3D Orientation Quat W": 0.0685344824700468,