{
    "CapturedObjects": [
        {
            "ActorName": "TRAFFIC_SIGN 71",
            "ObjectId": 71,
            "BoundingBox3D Origin X": 2.9191730282218487,
            "BoundingBox3D Origin Y": -6.932010702963453,
            "BoundingBox3D Origin Z": 1.3659951519221067,
            "BoundingBox3D Extent X": 0.1,
            "BoundingBox3D Extent Y": 0.4031856189935762,
            "BoundingBox3D Extent Z": 0.4997455218914134,
            "BoundingBox3D Orientation Quat W": 0.1090658916604107,
            "BoundingBox3D Orientation Quat X": 0.0011998491357065,
            "BoundingBox3D Orientation Quat Y": 0.0077874650075331,
            "BoundingBox3D Orientation Quat Z": 0.994003293267747,
            "ObjectType": "TRAFFIC_SIGN",
            "Occluded": {
                "F_CTCAM_L": 0.0
            },
            "Truncated": 0,
            "ObjectMeta": {
                "SourceID": 71,
                "SubType": "unknown",
                "Text": "",
                "OcrVersion": 10006
            }
        },
        {
            "ActorName": "TRAFFIC_SIGN 72",
            "ObjectId": 72,
            "BoundingBox3D Origin X": 4.833399155690131,
            "BoundingBox3D Origin Y": -7.462319585625664,
            "BoundingBox3D Origin Z": 1.9090365041047328,
            "BoundingBox3D Extent X": 0.1,
            "BoundingBox3D Extent Y": 0.9388444663395614,
            "BoundingBox3D Extent Z": 0.3092811740232059,
            "BoundingBox3D Orientation Quat W": 0.2810607071641702,
            "BoundingBox3D Orientation Quat X": -0.0001791525272915,
            "BoundingBox3D Orientation Quat Y": 0.0078768557033048,
            "BoundingBox3D Orientation Quat Z": 0.9596576482980674,
            "ObjectType": "TRAFFIC_SIGN",
            "Occluded": {
                "F_CTCAM_L": 0.0
            },
            "Truncated": 0,
            "ObjectMeta": {
                "SourceID": 72,
                "SubType": "us_yellow_ground_rectangle_unknown",
                "Text": "Chock and Shol Chun",
                "OcrVersion": 10006
            }
        },
        {
            "ActorName": "TRAFFIC_SIGN 73",
            "ObjectId": 73,
            "BoundingBox3D Origin X": 17.409081738147506,
            "BoundingBox3D Origin Y": -5.162752559044748,
            "BoundingBox3D Origin Z": 2.8532110434025526,
            "BoundingBox3D Extent X": 0.1,
            "BoundingBox3D Extent Y": 0.3362411013069622,
            "BoundingBox3D Extent Z": 0.4807453413399092,
            "BoundingBox3D Orientation Quat W": 0.1579077300910611,
            "BoundingBox3D Orientation Quat X": 0.000815880233899,
            "BoundingBox3D Orientation Quat Y": 0.0078372917255473,
            "BoundingBox3D Orientation Quat Z": 0.9874224323841042,
            "ObjectType": "TRAFFIC_SIGN",
            "Occluded": {
                "F_MIDRANGECAM_C": 0.0023220067378133
            },
            "Truncated": 0,
            "ObjectMeta": {
                "SourceID": 73,
                "SubType": "us_white_ground_rectangle_unknown",
                "Text": "",
                "OcrVersion": 10006
            }
        },
        {
            "ActorName": "TRAFFIC_SIGN 74",
            "ObjectId": 74,
            "BoundingBox3D Origin X": 60.36111898186209,
            "BoundingBox3D Origin Y": -5.132574235351058,
            "BoundingBox3D Origin Z": 4.04195589479059,
            "BoundingBox3D Extent X": 0.1,
            "BoundingBox3D Extent Y": 1.0443760949039496,
            "BoundingBox3D Extent Z": 0.9445654290099652,
            "BoundingBox3D Orientation Quat W": 0.0667576455256882,
            "BoundingBox3D Orientation Quat X": 0.0015318774219567,
            "BoundingBox3D Orientation Quat Y": 0.0077301813814035,
            "BoundingBox3D Orientation Quat Z": 0.9977380991077978,
            "ObjectType": "TRAFFIC_SIGN",
            "Occluded": {
                "F_MIDRANGECAM_C": 1.156744360741868e-06
            },
            "Truncated": 0,
            "ObjectMeta": {
                "SourceID": 74,
                "SubType": "us_white_ground_rectangle_unknown",
                "Text": "Ho",
                "OcrVersion": 10006
            }
        },
        {
            "ActorName": "TRAFFIC_SIGN 75",
            "ObjectId": 75,
            "BoundingBox3D Origin X": 50.014844869434455,
            "BoundingBox3D Origin Y": 12.54542047654104,
            "BoundingBox3D Origin Z": 0.916410507634282,
            "BoundingBox3D Extent X": 0.1,
            "BoundingBox3D Extent Y": 0.9246897276089624,
            "BoundingBox3D Extent Z": 0.4851001072257914,
            "BoundingBox3D Orientation Quat W": -0.3134871092867662,
            "BoundingBox3D Orientation Quat X": 0.0043266501069939,
            "BoundingBox3D Orientation Quat Y": 0.0065869628042692,
            "BoundingBox3D Orientation Quat Z": 0.9495597529017822,
            "ObjectType": "TRAFFIC_SIGN",
            "Occluded": {
                "F_MIDRANGECAM_C": 0.04865537956357
            },
            "Truncated": 0,
            "ObjectMeta": {
                "SourceID": 75,
                "SubType": "us_white_ground_rectangle_unknown",
                "Text": "",
                "OcrVersion": 10006
            }
        },
        {
            "ActorName": "TRAFFIC_SIGN 76",
            "ObjectId": 76,
            "BoundingBox3D Origin X": 60.31117939574324,
            "BoundingBox3D Origin Y": -5.143091916106641,
            "BoundingBox3D Origin Z": 3.3523451313376427,
            "BoundingBox3D Extent X": 0.1,
            "BoundingBox3D Extent Y": 0.6871968100218089,
            "BoundingBox3D Extent Z": 0.273953078968039,
            "BoundingBox3D Orientation Quat W": 0.1603011625606241,
            "BoundingBox3D Orientation Quat X": 0.0008002941060767,
            "BoundingBox3D Orientation Quat Y": 0.0078397650426517,
            "BoundingBox3D Orientation Quat Z": 0.9870366937936668,
            "ObjectType": "TRAFFIC_SIGN",
            "Occluded": {
                "F_MIDRANGECAM_C": 0.9752181172370912
            },
            "Truncated": 0,
            "ObjectMeta": {
                "SourceID": 76,
                "SubType": "us_white_ground_rectangle_unknown",
                "Text": "",
                "OcrVersion": 10006
            }
        },
        {
            "ActorName": "TRAFFIC_SIGN 77",
            "ObjectId": 77,
            "BoundingBox3D Origin X": 59.79557837203538,
            "BoundingBox3D Origin Y": -5.138233973033493,
            "BoundingBox3D Origin Z": 3.005217112600804,
            "BoundingBox3D Extent X": 0.0999999999999999,
            "BoundingBox3D Extent Y": 0.60407060371918,
            "BoundingBox3D Extent Z": 0.2037042366830296,
            "BoundingBox3D Orientation Quat W": 0.1995255515524152,
            "BoundingBox3D Orientation Quat X": 0.0004867611258718,
            "BoundingBox3D Orientation Quat Y": 0.0078653665415198,
            "BoundingBox3D Orientation Quat Z": 0.9798609357202066,
            "ObjectType": "TRAFFIC_SIGN",
            "Occluded": {
                "F_MIDRANGECAM_C": 0.9952850937843324
            },
            "Truncated": 0,
            "ObjectMeta": {
                "SourceID": 77,
                "SubType": "us_white_ground_rectangle_unknown",
                "Text": "",
                "OcrVersion": 10006
            }
        },
        {
            "ActorName": "TRAFFIC_SIGN 78",
            "ObjectId": 78,
            "BoundingBox3D Origin X": 125.81695569888323,
            "BoundingBox3D Origin Y": -4.909552250363049,
            "BoundingBox3D Origin Z": 2.1787190111354,
            "BoundingBox3D Extent X": 0.1,
            "BoundingBox3D Extent Y": 0.3832816087039713,
            "BoundingBox3D Extent Z": 0.4357120768838613,
            "BoundingBox3D Orientation Quat W": 0.107536574652956,
            "BoundingBox3D Orientation Quat X": 0.0012209732139755,