{
    "CapturedObjects": [
        {
            "ActorName": "TRAFFIC_SIGN 71",
            "ObjectId": 71,
            "BoundingBox3D Origin X": 24.42410348198609,
            "BoundingBox3D Origin Y": -6.878587772516767,
            "BoundingBox3D Origin Z": 1.2000788152217865,
            "BoundingBox3D Extent X": 0.1,
            "BoundingBox3D Extent Y": 0.4031856189935762,
            "BoundingBox3D Extent Z": 0.4997455218914134,
            "BoundingBox3D Orientation Quat W": 0.1122268420689017,
            "BoundingBox3D Orientation Quat X": 0.0035037828807682,
            "BoundingBox3D Orientation Quat Y": 0.0110697125465296,
            "BoundingBox3D Orientation Quat Z": 0.9936147748946283,
            "ObjectType": "TRAFFIC_SIGN",
            "Occluded": {
                "F_MIDRANGECAM_C": 8.111554983258884e-09
            },
            "Truncated": 0,
            "ObjectMeta": {
                "SourceID": 71,
                "SubType": "unknown",
                "Text": "",
                "OcrVersion": 10006
            }
        },
        {
            "ActorName": "TRAFFIC_SIGN 72",
            "ObjectId": 72,
            "BoundingBox3D Origin X": 26.3377498508562,
            "BoundingBox3D Origin Y": -7.417883634363534,
            "BoundingBox3D Origin Z": 1.736305732280016,
            "BoundingBox3D Extent X": 0.1,
            "BoundingBox3D Extent Y": 0.9388444663395614,
            "BoundingBox3D Extent Z": 0.3092811740232059,
            "BoundingBox3D Orientation Quat W": 0.2841034061934767,
            "BoundingBox3D Orientation Quat X": 0.0015155460113104,
            "BoundingBox3D Orientation Quat Y": 0.0115113317325336,
            "BoundingBox3D Orientation Quat Z": 0.9587233422376318,
            "ObjectType": "TRAFFIC_SIGN",
            "Occluded": {
                "F_MIDRANGECAM_C": 0.0001570075110066
            },
            "Truncated": 0,
            "ObjectMeta": {
                "SourceID": 72,
                "SubType": "us_yellow_ground_rectangle_unknown",
                "Text": "Chock and Shol Chun",
                "OcrVersion": 10006
            }
        },
        {
            "ActorName": "TRAFFIC_SIGN 73",
            "ObjectId": 73,
            "BoundingBox3D Origin X": 38.93270311165543,
            "BoundingBox3D Origin Y": -5.193413512402913,
            "BoundingBox3D Origin Z": 2.600763098336756,
            "BoundingBox3D Extent X": 0.1,
            "BoundingBox3D Extent Y": 0.3362411013069622,
            "BoundingBox3D Extent Z": 0.4807453413399092,
            "BoundingBox3D Orientation Quat W": 0.1610451332794404,
            "BoundingBox3D Orientation Quat X": 0.002955204271484,
            "BoundingBox3D Orientation Quat Y": 0.0112290991122522,
            "BoundingBox3D Orientation Quat Z": 0.9868787357866456,
            "ObjectType": "TRAFFIC_SIGN",
            "Occluded": {
                "F_MIDRANGECAM_C": 0.0875142887234687
            },
            "Truncated": 0,
            "ObjectMeta": {
                "SourceID": 73,
                "SubType": "us_white_ground_rectangle_unknown",
                "Text": "",
                "OcrVersion": 10006
            }
        },
        {
            "ActorName": "TRAFFIC_SIGN 74",
            "ObjectId": 74,
            "BoundingBox3D Origin X": 81.88991763567174,
            "BoundingBox3D Origin Y": -5.431624849588843,
            "BoundingBox3D Origin Z": 3.564689421094954,
            "BoundingBox3D Extent X": 0.1,
            "BoundingBox3D Extent Y": 1.0443760949039496,
            "BoundingBox3D Extent Z": 0.9445654290099652,
            "BoundingBox3D Orientation Quat W": 0.0699327589478605,
            "BoundingBox3D Orientation Quat X": 0.0039732000171104,
            "BoundingBox3D Orientation Quat Y": 0.010911603165455,
            "BoundingBox3D Orientation Quat Z": 0.9974841150734804,
            "ObjectType": "TRAFFIC_SIGN",
            "Occluded": {
                "F_MIDRANGECAM_C": 0.2596488893032074
            },
            "Truncated": 0,
            "ObjectMeta": {
                "SourceID": 74,
                "SubType": "us_white_ground_rectangle_unknown",
                "Text": "Ho",
                "OcrVersion": 10006
            }
        },
        {
            "ActorName": "TRAFFIC_SIGN 75",
            "ObjectId": 75,
            "BoundingBox3D Origin X": 71.64027168722532,
            "BoundingBox3D Origin Y": 12.293118997273268,
            "BoundingBox3D Origin Z": 0.3862655255943537,
            "BoundingBox3D Extent X": 0.1,
            "BoundingBox3D Extent Y": 0.9246897276089624,
            "BoundingBox3D Extent Z": 0.4851001072257914,
            "BoundingBox3D Orientation Quat W": -0.3104468748308567,
            "BoundingBox3D Orientation Quat X": 0.0077861981821058,
            "BoundingBox3D Orientation Quat Y": 0.0086164685181626,
            "BoundingBox3D Orientation Quat Z": 0.9505197891132506,
            "ObjectType": "TRAFFIC_SIGN",
            "Occluded": {
                "F_MIDRANGECAM_C": 0.9991849064826964
            },
            "Truncated": 0,
            "ObjectMeta": {
                "SourceID": 75,
                "SubType": "us_white_ground_rectangle_unknown",
                "Text": "",
                "OcrVersion": 10006
            }
        },
        {
            "ActorName": "TRAFFIC_SIGN 76",
            "ObjectId": 76,
            "BoundingBox3D Origin X": 81.83627988104126,
            "BoundingBox3D Origin Y": -5.445972709945636,
            "BoundingBox3D Origin Z": 2.87542506121099,
            "BoundingBox3D Extent X": 0.1,
            "BoundingBox3D Extent Y": 0.6871968100218089,
            "BoundingBox3D Extent Z": 0.273953078968039,
            "BoundingBox3D Orientation Quat W": 0.1634372201809413,
            "BoundingBox3D Orientation Quat X": 0.0029313858328096,
            "BoundingBox3D Orientation Quat Y": 0.0112367403149427,
            "BoundingBox3D Orientation Quat Z": 0.9864853864623236,
            "ObjectType": "TRAFFIC_SIGN",
            "Occluded": {
                "F_MIDRANGECAM_C": 0.9775451421737672
            },
            "Truncated": 0,
            "ObjectMeta": {
                "SourceID": 76,
                "SubType": "us_white_ground_rectangle_unknown",
                "Text": "",
                "OcrVersion": 10006
            }
        },
        {
            "ActorName": "TRAFFIC_SIGN 77",
            "ObjectId": 77,
            "BoundingBox3D Origin X": 81.31889666960342,
            "BoundingBox3D Origin Y": -5.4398968273890205,
            "BoundingBox3D Origin Z": 2.530974575318396,
            "BoundingBox3D Extent X": 0.0999999999999999,
            "BoundingBox3D Extent Y": 0.60407060371918,
            "BoundingBox3D Extent Z": 0.2037042366830296,
            "BoundingBox3D Orientation Quat W": 0.2026367075816739,
            "BoundingBox3D Orientation Quat X": 0.0024806521683991,
            "BoundingBox3D Orientation Quat Y": 0.0113446467789264,
            "BoundingBox3D Orientation Quat Z": 0.9791851255481469,
            "ObjectType": "TRAFFIC_SIGN",
            "Occluded": {
                "F_MIDRANGECAM_C": 0.9991231560707092
            },
            "Truncated": 0,
            "ObjectMeta": {
                "SourceID": 77,
                "SubType": "us_white_ground_rectangle_unknown",
                "Text": "",
                "OcrVersion": 10006
            }
        },
        {
            "ActorName": "TRAFFIC_SIGN 78",
            "ObjectId": 78,
            "BoundingBox3D Origin X": 147.33541646755475,
            "BoundingBox3D Origin Y": -5.639737670193426,
            "BoundingBox3D Origin Z": 1.3578877411782742,
            "BoundingBox3D Extent X": 0.1,
            "BoundingBox3D Extent Y": 0.3832816087039713,
            "BoundingBox3D Extent Z": 0.4357120768838613,
            "BoundingBox3D Orientation Quat W": 0.1106981615794289,