{
    "CapturedObjects": [
        {
            "ActorName": "TRAFFIC_SIGN 73",
            "ObjectId": 73,
            "BoundingBox3D Origin X": 5.365204067020386,
            "BoundingBox3D Origin Y": -5.124954370141495,
            "BoundingBox3D Origin Z": 2.903942758217454,
            "BoundingBox3D Extent X": 0.1,
            "BoundingBox3D Extent Y": 0.3362411013069622,
            "BoundingBox3D Extent Z": 0.4807453413399092,
            "BoundingBox3D Orientation Quat W": 0.1527711886313943,
            "BoundingBox3D Orientation Quat X": 0.0004010052953602,
            "BoundingBox3D Orientation Quat Y": 0.0070622529178271,
            "BoundingBox3D Orientation Quat Z": 0.9882362711935992,
            "ObjectType": "TRAFFIC_SIGN",
            "Occluded": {
                "F_MIDRANGECAM_C": 0.0097144152969121
            },
            "Truncated": 0,
            "ObjectMeta": {
                "SourceID": 73,
                "SubType": "us_white_ground_rectangle_unknown",
                "Text": "",
                "OcrVersion": 10006
            }
        },
        {
            "ActorName": "TRAFFIC_SIGN 74",
            "ObjectId": 74,
            "BoundingBox3D Origin X": 48.313826144953055,
            "BoundingBox3D Origin Y": -4.649686775752343,
            "BoundingBox3D Origin Z": 4.135264095850289,
            "BoundingBox3D Extent X": 0.1,
            "BoundingBox3D Extent Y": 1.0443760949039496,
            "BoundingBox3D Extent Z": 0.9445654290099652,
            "BoundingBox3D Orientation Quat W": 0.0615690328258792,
            "BoundingBox3D Orientation Quat X": 0.0010481394027651,
            "BoundingBox3D Orientation Quat Y": 0.0069963086167038,
            "BoundingBox3D Orientation Quat Z": 0.9980777561224464,
            "ObjectType": "TRAFFIC_SIGN",
            "Occluded": {
                "F_MIDRANGECAM_C": 7.370554612862179e-06
            },
            "Truncated": 0,
            "ObjectMeta": {
                "SourceID": 74,
                "SubType": "us_white_ground_rectangle_unknown",
                "Text": "Ho",
                "OcrVersion": 10006
            }
        },
        {
            "ActorName": "TRAFFIC_SIGN 75",
            "ObjectId": 75,
            "BoundingBox3D Origin X": 37.78722154078787,
            "BoundingBox3D Origin Y": 12.924112965571112,
            "BoundingBox3D Origin Z": 1.0243395119905472,
            "BoundingBox3D Extent X": 0.1,
            "BoundingBox3D Extent Y": 0.9246897276089624,
            "BoundingBox3D Extent Z": 0.4851001072257914,
            "BoundingBox3D Orientation Quat W": -0.3184181937508097,
            "BoundingBox3D Orientation Quat X": 0.0036039512983668,
            "BoundingBox3D Orientation Quat Y": 0.0060894734528924,
            "BoundingBox3D Orientation Quat Z": 0.947923933518179,
            "ObjectType": "TRAFFIC_SIGN",
            "Occluded": {
                "F_MIDRANGECAM_C": 0.9978542923927308
            },
            "Truncated": 0,
            "ObjectMeta": {
                "SourceID": 75,
                "SubType": "us_white_ground_rectangle_unknown",
                "Text": "",
                "OcrVersion": 10006
            }
        },
        {
            "ActorName": "TRAFFIC_SIGN 76",
            "ObjectId": 76,
            "BoundingBox3D Origin X": 48.26467170518299,
            "BoundingBox3D Origin Y": -4.659739884315059,
            "BoundingBox3D Origin Z": 3.4455906273797154,
            "BoundingBox3D Extent X": 0.1,
            "BoundingBox3D Extent Y": 0.6871968100218089,
            "BoundingBox3D Extent Z": 0.273953078968039,
            "BoundingBox3D Orientation Quat W": 0.15516658778156,
            "BoundingBox3D Orientation Quat X": 0.0003872858707467,
            "BoundingBox3D Orientation Quat Y": 0.0070637447169955,
            "BoundingBox3D Orientation Quat Z": 0.9878629882511312,
            "ObjectType": "TRAFFIC_SIGN",
            "Occluded": {
                "F_MIDRANGECAM_C": 0.7454858422279358
            },
            "Truncated": 0,
            "ObjectMeta": {
                "SourceID": 76,
                "SubType": "us_white_ground_rectangle_unknown",
                "Text": "",
                "OcrVersion": 10006
            }
        },
        {
            "ActorName": "TRAFFIC_SIGN 77",
            "ObjectId": 77,
            "BoundingBox3D Origin X": 47.749382473040896,
            "BoundingBox3D Origin Y": -4.659750469669234,
            "BoundingBox3D Origin Z": 3.097959600389004,
            "BoundingBox3D Extent X": 0.0999999999999999,
            "BoundingBox3D Extent Y": 0.60407060371918,
            "BoundingBox3D Extent Z": 0.2037042366830296,
            "BoundingBox3D Orientation Quat W": 0.1944277215729953,
            "BoundingBox3D Orientation Quat X": 0.0001048465394537,
            "BoundingBox3D Orientation Quat Y": 0.0070735732057907,
            "BoundingBox3D Orientation Quat Z": 0.980891336822402,
            "ObjectType": "TRAFFIC_SIGN",
            "Occluded": {
                "F_MIDRANGECAM_C": 0.988390326499939
            },
            "Truncated": 0,
            "ObjectMeta": {
                "SourceID": 77,
                "SubType": "us_white_ground_rectangle_unknown",
                "Text": "",
                "OcrVersion": 10006
            }
        },
        {
            "ActorName": "TRAFFIC_SIGN 78",
            "ObjectId": 78,
            "BoundingBox3D Origin X": 113.7662062512136,
            "BoundingBox3D Origin Y": -3.743150352980592,
            "BoundingBox3D Origin Z": 2.337167906574905,
            "BoundingBox3D Extent X": 0.1,
            "BoundingBox3D Extent Y": 0.3832816087039713,
            "BoundingBox3D Extent Z": 0.4357120768838613,
            "BoundingBox3D Orientation Quat W": 0.1023657734721102,
            "BoundingBox3D Orientation Quat X": 0.0007674808523915,
            "BoundingBox3D Orientation Quat Y": 0.0070338595288534,
            "BoundingBox3D Orientation Quat Z": 0.994721661679651,
            "ObjectType": "TRAFFIC_SIGN",
            "Occluded": {
                "F_MIDRANGECAM_C": 0.9992803931236268
            },
            "Truncated": 0,
            "ObjectMeta": {
                "SourceID": 78,
                "SubType": "unknown",
                "Text": "",
                "OcrVersion": 10006
            }
        },
        {
            "ActorName": "TRAFFIC_SIGN 79",
            "ObjectId": 79,
            "BoundingBox3D Origin X": 123.4325763994384,
            "BoundingBox3D Origin Y": 23.8336296693451,
            "BoundingBox3D Origin Z": 5.444826782681048,
            "BoundingBox3D Extent X": 0.1,
            "BoundingBox3D Extent Y": 1.7107504098693462,
            "BoundingBox3D Extent Z": 0.6034869053535241,
            "BoundingBox3D Orientation Quat W": -0.3151456248403632,
            "BoundingBox3D Orientation Quat X": 0.0035902104331894,
            "BoundingBox3D Orientation Quat Y": 0.0061007718172634,
            "BoundingBox3D Orientation Quat Z": 0.949016926148452,
            "ObjectType": "TRAFFIC_SIGN",
            "Occluded": {
                "F_MIDRANGECAM_C": 0.9676851630210876
            },
            "Truncated": 0,
            "ObjectMeta": {
                "SourceID": 79,
                "SubType": "unknown",
                "Text": "",
                "OcrVersion": 10006
            }
        },
        {
            "ActorName": "TRAFFIC_SIGN 80",
            "ObjectId": 80,
            "BoundingBox3D Origin X": 161.26261457489818,
            "BoundingBox3D Origin Y": 10.210621002086556,
            "BoundingBox3D Origin Z": 6.252634677104652,
            "BoundingBox3D Extent X": 0.0999999999999999,
            "BoundingBox3D Extent Y": 0.9914366721812164,
            "BoundingBox3D Extent Z": 1.020302161968541,
            "BoundingBox3D Orientation Quat W": -0.1165141162272741,
            "BoundingBox3D Orientation Quat X": 0.0022831602000893,