{
    "CapturedObjects": [
        {
            "ActorName": "TRAFFIC_SIGN 78",
            "ObjectId": 78,
            "BoundingBox3D Origin X": 44.48030940570607,
            "BoundingBox3D Origin Y": -4.937708874898817,
            "BoundingBox3D Origin Z": 2.5268700821325183,
            "BoundingBox3D Extent X": 0.1,
            "BoundingBox3D Extent Y": 0.3832816087039713,
            "BoundingBox3D Extent Z": 0.4357120768838613,
            "BoundingBox3D Orientation Quat W": 0.1071110544469873,
            "BoundingBox3D Orientation Quat X": 0.0012631755365397,
            "BoundingBox3D Orientation Quat Y": 0.0013045253133376,
            "BoundingBox3D Orientation Quat Z": 0.9942454046242936,
            "ObjectType": "TRAFFIC_SIGN",
            "Occluded": {
                "F_MIDRANGECAM_C": 0.9960696697235109
            },
            "Truncated": 0,
            "ObjectMeta": {
                "SourceID": 78,
                "SubType": "unknown",
                "Text": "",
                "OcrVersion": 10006
            }
        },
        {
            "ActorName": "TRAFFIC_SIGN 79",
            "ObjectId": 79,
            "BoundingBox3D Origin X": 54.40899691344748,
            "BoundingBox3D Origin Y": 22.507928661532787,
            "BoundingBox3D Origin Z": 5.953239876776934,
            "BoundingBox3D Extent X": 0.1,
            "BoundingBox3D Extent Y": 1.7107504098693462,
            "BoundingBox3D Extent Z": 0.6034869053535241,
            "BoundingBox3D Orientation Quat W": -0.3106228866581548,
            "BoundingBox3D Orientation Quat X": 0.0016880070038211,
            "BoundingBox3D Orientation Quat Y": 0.000672643845038,
            "BoundingBox3D Orientation Quat Z": 0.950531493674338,
            "ObjectType": "TRAFFIC_SIGN",
            "Occluded": {
                "F_MIDRANGECAM_C": 0.0098921032622456
            },
            "Truncated": 0,
            "ObjectMeta": {
                "SourceID": 79,
                "SubType": "unknown",
                "Text": "",
                "OcrVersion": 10006
            }
        },
        {
            "ActorName": "TRAFFIC_SIGN 80",
            "ObjectId": 80,
            "BoundingBox3D Origin X": 92.1065047493139,
            "BoundingBox3D Origin Y": 8.515783249506057,
            "BoundingBox3D Origin Z": 6.61196877155453,
            "BoundingBox3D Extent X": 0.0999999999999999,
            "BoundingBox3D Extent Y": 0.9914366721812164,
            "BoundingBox3D Extent Z": 1.020302161968541,
            "BoundingBox3D Orientation Quat W": -0.1117799896897936,
            "BoundingBox3D Orientation Quat X": 0.0015195528538186,
            "BoundingBox3D Orientation Quat Y": 0.0009991584413814,
            "BoundingBox3D Orientation Quat Z": 0.9937313150678524,
            "ObjectType": "TRAFFIC_SIGN",
            "Occluded": {
                "F_MIDRANGECAM_C": 0.6584586501121521
            },
            "Truncated": 0,
            "ObjectMeta": {
                "SourceID": 80,
                "SubType": "us_white_ground_rectangle_unknown",
                "Text": "Lt.",
                "OcrVersion": 10006
            }
        },
        {
            "ActorName": "TRAFFIC_SIGN 81",
            "ObjectId": 81,
            "BoundingBox3D Origin X": 93.17042534674692,
            "BoundingBox3D Origin Y": -5.575732571442131,
            "BoundingBox3D Origin Z": 4.869804570451379,
            "BoundingBox3D Extent X": 0.1,
            "BoundingBox3D Extent Y": 0.7463736033616835,
            "BoundingBox3D Extent Z": 0.983651782538956,
            "BoundingBox3D Orientation Quat W": 0.0732420932266107,
            "BoundingBox3D Orientation Quat X": 0.0013087913612229,
            "BoundingBox3D Orientation Quat Y": 0.001261216352017,
            "BoundingBox3D Orientation Quat Z": 0.9973125348546816,
            "ObjectType": "TRAFFIC_SIGN",
            "Occluded": {
                "F_MIDRANGECAM_C": 0.989768385887146
            },
            "Truncated": 0,
            "ObjectMeta": {
                "SourceID": 81,
                "SubType": "us_white_ground_rectangle_unknown",
                "Text": "A",
                "OcrVersion": 10006
            }
        },
        {
            "ActorName": "TRAFFIC_SIGN 82",
            "ObjectId": 82,
            "BoundingBox3D Origin X": 93.08427878011209,
            "BoundingBox3D Origin Y": -1.403443038903788,
            "BoundingBox3D Origin Z": 5.91694515850395,
            "BoundingBox3D Extent X": 0.1,
            "BoundingBox3D Extent Y": 2.213188412608715,
            "BoundingBox3D Extent Z": 0.5427212993728956,
            "BoundingBox3D Orientation Quat W": 0.0160939013106329,
            "BoundingBox3D Orientation Quat X": 0.0013792481608394,
            "BoundingBox3D Orientation Quat Y": 0.0011844787784145,
            "BoundingBox3D Orientation Quat Z": 0.9998688319100348,
            "ObjectType": "TRAFFIC_SIGN",
            "Occluded": {
                "F_MIDRANGECAM_C": 0.9809290766716005
            },
            "Truncated": 0,
            "ObjectMeta": {
                "SourceID": 82,
                "SubType": "unknown",
                "Text": "",
                "OcrVersion": 10006
            }
        },
        {
            "ActorName": "TRAFFIC_SIGN 83",
            "ObjectId": 83,
            "BoundingBox3D Origin X": 89.1253776701451,
            "BoundingBox3D Origin Y": -10.745374685746356,
            "BoundingBox3D Origin Z": 3.160528930835426,
            "BoundingBox3D Extent X": 0.1,
            "BoundingBox3D Extent Y": 0.5022577767826779,
            "BoundingBox3D Extent Z": 0.4764159543296132,
            "BoundingBox3D Orientation Quat W": 0.1580807162346104,
            "BoundingBox3D Orientation Quat X": 0.0011977626081364,
            "BoundingBox3D Orientation Quat Y": 0.0013678237560291,
            "BoundingBox3D Orientation Quat Z": 0.9874245194330852,
            "ObjectType": "TRAFFIC_SIGN",
            "Occluded": {
                "F_MIDRANGECAM_C": 0.9790450930595398
            },
            "Truncated": 0,
            "ObjectMeta": {
                "SourceID": 83,
                "SubType": "unknown",
                "Text": "",
                "OcrVersion": 10006
            }
        },
        {
            "ActorName": "TRAFFIC_SIGN 84",
            "ObjectId": 84,
            "BoundingBox3D Origin X": 89.82007824152242,
            "BoundingBox3D Origin Y": -10.80608466796366,
            "BoundingBox3D Origin Z": 2.4003827599808574,
            "BoundingBox3D Extent X": 0.1,
            "BoundingBox3D Extent Y": 0.5902100148686099,
            "BoundingBox3D Extent Z": 0.6262998747597067,
            "BoundingBox3D Orientation Quat W": 0.4128170716270011,
            "BoundingBox3D Orientation Quat X": 0.0007947510646048,
            "BoundingBox3D Orientation Quat Y": 0.0016351076560587,
            "BoundingBox3D Orientation Quat Z": 0.910812143181571,
            "ObjectType": "TRAFFIC_SIGN",
            "Occluded": {
                "F_MIDRANGECAM_C": 0.9973695278167723
            },
            "Truncated": 0,
            "ObjectMeta": {
                "SourceID": 84,
                "SubType": "us_white_ground_rectangle_unknown",
                "Text": "",
                "OcrVersion": 10006
            }
        },
        {
            "ActorName": "TRAFFIC_SIGN 85",
            "ObjectId": 85,
            "BoundingBox3D Origin X": 92.7324856002997,
            "BoundingBox3D Origin Y": -9.212907100676604,
            "BoundingBox3D Origin Z": 2.3519791793078184,
            "BoundingBox3D Extent X": 0.1,
            "BoundingBox3D Extent Y": 0.4321764308658682,
            "BoundingBox3D Extent Z": 0.619127164289498,
            "BoundingBox3D Orientation Quat W": 0.1499145314535571,
            "BoundingBox3D Orientation Quat X": 0.0012085828929234,
            "BoundingBox3D Orientation Quat Y": 0.001358151017767,