{
    "CapturedObjects": [
        {
            "ActorName": "TRAFFIC_SIGN 71",
            "ObjectId": 71,
            "BoundingBox3D Origin X": 0.6673919504755759,
            "BoundingBox3D Origin Y": -6.945640176811139,
            "BoundingBox3D Origin Z": 1.3646929478272796,
            "BoundingBox3D Extent X": 0.1,
            "BoundingBox3D Extent Y": 0.4031856189935762,
            "BoundingBox3D Extent Z": 0.4997455218914134,
            "BoundingBox3D Orientation Quat W": 0.108137527394885,
            "BoundingBox3D Orientation Quat X": 0.0014622937694469,
            "BoundingBox3D Orientation Quat Y": 0.0071955600812306,
            "BoundingBox3D Orientation Quat Z": 0.99410882743338,
            "ObjectType": "TRAFFIC_SIGN",
            "Occluded": {
                "F_CTCAM_L": 0.0
            },
            "Truncated": 0,
            "ObjectMeta": {
                "SourceID": 71,
                "SubType": "unknown",
                "Text": "",
                "OcrVersion": 10006
            }
        },
        {
            "ActorName": "TRAFFIC_SIGN 72",
            "ObjectId": 72,
            "BoundingBox3D Origin X": 2.582825693389168,
            "BoundingBox3D Origin Y": -7.473053053210606,
            "BoundingBox3D Origin Z": 1.9062997605651617,
            "BoundingBox3D Extent X": 0.1,
            "BoundingBox3D Extent Y": 0.9388444663395614,
            "BoundingBox3D Extent Z": 0.3092811740232059,
            "BoundingBox3D Orientation Quat W": 0.28016471663101,
            "BoundingBox3D Orientation Quat X": 0.0001830825876207,
            "BoundingBox3D Orientation Quat Y": 0.007339594536729,
            "BoundingBox3D Orientation Quat Z": 0.9599238659330585,
            "ObjectType": "TRAFFIC_SIGN",
            "Occluded": {
                "F_CTCAM_L": 0.0
            },
            "Truncated": 0,
            "ObjectMeta": {
                "SourceID": 72,
                "SubType": "us_yellow_ground_rectangle_unknown",
                "Text": "Chock and Shol Chun",
                "OcrVersion": 10006
            }
        },
        {
            "ActorName": "TRAFFIC_SIGN 73",
            "ObjectId": 73,
            "BoundingBox3D Origin X": 15.154602158378111,
            "BoundingBox3D Origin Y": -5.1512372275901726,
            "BoundingBox3D Origin Z": 2.848237497732044,
            "BoundingBox3D Extent X": 0.1,
            "BoundingBox3D Extent Y": 0.3362411013069622,
            "BoundingBox3D Extent Z": 0.4807453413399092,
            "BoundingBox3D Orientation Quat W": 0.1569855734324774,
            "BoundingBox3D Orientation Quat X": 0.0011072965855907,
            "BoundingBox3D Orientation Quat Y": 0.0072589624025982,
            "BoundingBox3D Orientation Quat Z": 0.9875735978109106,
            "ObjectType": "TRAFFIC_SIGN",
            "Occluded": {
                "F_MIDRANGECAM_C": 0.0001015016096062
            },
            "Truncated": 0,
            "ObjectMeta": {
                "SourceID": 73,
                "SubType": "us_white_ground_rectangle_unknown",
                "Text": "",
                "OcrVersion": 10006
            }
        },
        {
            "ActorName": "TRAFFIC_SIGN 74",
            "ObjectId": 74,
            "BoundingBox3D Origin X": 58.10704227729002,
            "BoundingBox3D Origin Y": -5.04251945548458,
            "BoundingBox3D Origin Z": 4.0196046978235245,
            "BoundingBox3D Extent X": 0.1,
            "BoundingBox3D Extent Y": 1.0443760949039496,
            "BoundingBox3D Extent Z": 0.9445654290099652,
            "BoundingBox3D Orientation Quat W": 0.0658257457793423,
            "BoundingBox3D Orientation Quat X": 0.0017688342203898,
            "BoundingBox3D Orientation Quat Y": 0.0071277224439331,
            "BoundingBox3D Orientation Quat Z": 0.9978041080246446,
            "ObjectType": "TRAFFIC_SIGN",
            "Occluded": {
                "F_MIDRANGECAM_C": 1.2646206641875324e-06
            },
            "Truncated": 0,
            "ObjectMeta": {
                "SourceID": 74,
                "SubType": "us_white_ground_rectangle_unknown",
                "Text": "Ho",
                "OcrVersion": 10006
            }
        },
        {
            "ActorName": "TRAFFIC_SIGN 75",
            "ObjectId": 75,
            "BoundingBox3D Origin X": 47.72657571642048,
            "BoundingBox3D Origin Y": 12.62000107082713,
            "BoundingBox3D Origin Z": 0.920237417332828,
            "BoundingBox3D Extent X": 0.1,
            "BoundingBox3D Extent Y": 0.9246897276089624,
            "BoundingBox3D Extent Z": 0.4851001072257914,
            "BoundingBox3D Orientation Quat W": -0.3143746652501463,
            "BoundingBox3D Orientation Quat X": 0.0043185131576616,
            "BoundingBox3D Orientation Quat Y": 0.0059395904519571,
            "BoundingBox3D Orientation Quat Z": 0.9492705839528732,
            "ObjectType": "TRAFFIC_SIGN",
            "Occluded": {
                "F_MIDRANGECAM_C": 0.931610107421875
            },
            "Truncated": 0,
            "ObjectMeta": {
                "SourceID": 75,
                "SubType": "us_white_ground_rectangle_unknown",
                "Text": "",
                "OcrVersion": 10006
            }
        },
        {
            "ActorName": "TRAFFIC_SIGN 76",
            "ObjectId": 76,
            "BoundingBox3D Origin X": 58.056841692006856,
            "BoundingBox3D Origin Y": -5.052276975446148,
            "BoundingBox3D Origin Z": 3.3299993108958006,
            "BoundingBox3D Extent X": 0.1,
            "BoundingBox3D Extent Y": 0.6871968100218089,
            "BoundingBox3D Extent Z": 0.273953078968039,
            "BoundingBox3D Orientation Quat W": 0.1593793673335206,
            "BoundingBox3D Orientation Quat X": 0.0010931170912534,
            "BoundingBox3D Orientation Quat Y": 0.0072621428061548,
            "BoundingBox3D Orientation Quat Z": 0.9871900949894372,
            "ObjectType": "TRAFFIC_SIGN",
            "Occluded": {
                "F_MIDRANGECAM_C": 0.8511567711830139
            },
            "Truncated": 0,
            "ObjectMeta": {
                "SourceID": 76,
                "SubType": "us_white_ground_rectangle_unknown",
                "Text": "",
                "OcrVersion": 10006
            }
        },
        {
            "ActorName": "TRAFFIC_SIGN 77",
            "ObjectId": 77,
            "BoundingBox3D Origin X": 57.54109066132151,
            "BoundingBox3D Origin Y": -5.047950056090485,
            "BoundingBox3D Origin Z": 2.9830855242908,
            "BoundingBox3D Extent X": 0.0999999999999999,
            "BoundingBox3D Extent Y": 0.60407060371918,
            "BoundingBox3D Extent Z": 0.2037042366830296,
            "BoundingBox3D Orientation Quat W": 0.1986105196259053,
            "BoundingBox3D Orientation Quat X": 0.0008024737410353,
            "BoundingBox3D Orientation Quat Y": 0.0072998028243547,
            "BoundingBox3D Orientation Quat Z": 0.9800509835761344,
            "ObjectType": "TRAFFIC_SIGN",
            "Occluded": {
                "F_MIDRANGECAM_C": 0.9971718192100524
            },
            "Truncated": 0,
            "ObjectMeta": {
                "SourceID": 77,
                "SubType": "us_white_ground_rectangle_unknown",
                "Text": "",
                "OcrVersion": 10006
            }
        },
        {
            "ActorName": "TRAFFIC_SIGN 78",
            "ObjectId": 78,
            "BoundingBox3D Origin X": 123.56166785463574,
            "BoundingBox3D Origin Y": -4.695263394445647,
            "BoundingBox3D Origin Z": 2.13009618408978,
            "BoundingBox3D Extent X": 0.1,
            "BoundingBox3D Extent Y": 0.3832816087039713,
            "BoundingBox3D Extent Z": 0.4357120768838613,
            "BoundingBox3D Orientation Quat W": 0.1066080471243404,
            "BoundingBox3D Orientation Quat X": 0.0014825016684041,