{
    "CapturedObjects": [
        {
            "ActorName": "TRAFFIC_SIGN 71",
            "ObjectId": 71,
            "BoundingBox3D Origin X": 15.676626498054247,
            "BoundingBox3D Origin Y": -6.88589879659412,
            "BoundingBox3D Origin Z": 1.2738103680312634,
            "BoundingBox3D Extent X": 0.1,
            "BoundingBox3D Extent Y": 0.4031856189935762,
            "BoundingBox3D Extent Z": 0.4997455218914134,
            "BoundingBox3D Orientation Quat W": 0.1109889519728531,
            "BoundingBox3D Orientation Quat X": 0.0025066401925255,
            "BoundingBox3D Orientation Quat Y": 0.0083534504719015,
            "BoundingBox3D Orientation Quat Z": 0.9937833713441404,
            "ObjectType": "TRAFFIC_SIGN",
            "Occluded": {
                "F_MIDRANGECAM_C": 2.134856686097919e-06
            },
            "Truncated": 0,
            "ObjectMeta": {
                "SourceID": 71,
                "SubType": "unknown",
                "Text": "",
                "OcrVersion": 10006
            }
        },
        {
            "ActorName": "TRAFFIC_SIGN 72",
            "ObjectId": 72,
            "BoundingBox3D Origin X": 17.5902450173744,
            "BoundingBox3D Origin Y": -7.423196765608736,
            "BoundingBox3D Origin Z": 1.8121589021757245,
            "BoundingBox3D Extent X": 0.1,
            "BoundingBox3D Extent Y": 0.9388444663395614,
            "BoundingBox3D Extent Z": 0.3092811740232059,
            "BoundingBox3D Orientation Quat W": 0.2829148113801768,
            "BoundingBox3D Orientation Quat X": 0.0010081017047774,
            "BoundingBox3D Orientation Quat Y": 0.0086630840883993,
            "BoundingBox3D Orientation Quat Z": 0.9591053874349516,
            "ObjectType": "TRAFFIC_SIGN",
            "Occluded": {
                "F_MIDRANGECAM_C": 3.612994260038249e-05
            },
            "Truncated": 0,
            "ObjectMeta": {
                "SourceID": 72,
                "SubType": "us_yellow_ground_rectangle_unknown",
                "Text": "Chock and Shol Chun",
                "OcrVersion": 10006
            }
        },
        {
            "ActorName": "TRAFFIC_SIGN 73",
            "ObjectId": 73,
            "BoundingBox3D Origin X": 30.17740815660364,
            "BoundingBox3D Origin Y": -5.171835669738357,
            "BoundingBox3D Origin Z": 2.7205256121233106,
            "BoundingBox3D Extent X": 0.1,
            "BoundingBox3D Extent Y": 0.3362411013069622,
            "BoundingBox3D Extent Z": 0.4807453413399092,
            "BoundingBox3D Orientation Quat W": 0.1598171661814394,
            "BoundingBox3D Orientation Quat X": 0.0020930224858748,
            "BoundingBox3D Orientation Quat Y": 0.0084671298296123,
            "BoundingBox3D Orientation Quat Z": 0.9871080996340044,
            "ObjectType": "TRAFFIC_SIGN",
            "Occluded": {
                "F_MIDRANGECAM_C": 0.000328507827362
            },
            "Truncated": 0,
            "ObjectMeta": {
                "SourceID": 73,
                "SubType": "us_white_ground_rectangle_unknown",
                "Text": "",
                "OcrVersion": 10006
            }
        },
        {
            "ActorName": "TRAFFIC_SIGN 74",
            "ObjectId": 74,
            "BoundingBox3D Origin X": 73.13266911263781,
            "BoundingBox3D Origin Y": -5.307910573596018,
            "BoundingBox3D Origin Z": 3.79371899086982,
            "BoundingBox3D Extent X": 0.1,
            "BoundingBox3D Extent Y": 1.0443760949039496,
            "BoundingBox3D Extent Z": 0.9445654290099652,
            "BoundingBox3D Orientation Quat W": 0.0686887997401028,
            "BoundingBox3D Orientation Quat X": 0.002861688305325,
            "BoundingBox3D Orientation Quat Y": 0.0082400393212401,
            "BoundingBox3D Orientation Quat Z": 0.9976000006426888,
            "ObjectType": "TRAFFIC_SIGN",
            "Occluded": {
                "F_MIDRANGECAM_C": 0.0008345556561835
            },
            "Truncated": 0,
            "ObjectMeta": {
                "SourceID": 74,
                "SubType": "us_white_ground_rectangle_unknown",
                "Text": "Ho",
                "OcrVersion": 10006
            }
        },
        {
            "ActorName": "TRAFFIC_SIGN 75",
            "ObjectId": 75,
            "BoundingBox3D Origin X": 62.84690369326563,
            "BoundingBox3D Origin Y": 12.407493511316716,
            "BoundingBox3D Origin Z": 0.6807713424786925,
            "BoundingBox3D Extent X": 0.1,
            "BoundingBox3D Extent Y": 0.9246897276089624,
            "BoundingBox3D Extent Z": 0.4851001072257914,
            "BoundingBox3D Orientation Quat W": -0.3116405541675577,
            "BoundingBox3D Orientation Quat X": 0.0057522200717881,
            "BoundingBox3D Orientation Quat Y": 0.0065588699718637,
            "BoundingBox3D Orientation Quat Z": 0.9501600171482038,
            "ObjectType": "TRAFFIC_SIGN",
            "Occluded": {
                "F_MIDRANGECAM_C": 0.9963003396987916
            },
            "Truncated": 0,
            "ObjectMeta": {
                "SourceID": 75,
                "SubType": "us_white_ground_rectangle_unknown",
                "Text": "",
                "OcrVersion": 10006
            }
        },
        {
            "ActorName": "TRAFFIC_SIGN 76",
            "ObjectId": 76,
            "BoundingBox3D Origin X": 73.08082949357049,
            "BoundingBox3D Origin Y": -5.318814628451946,
            "BoundingBox3D Origin Z": 3.104253507219255,
            "BoundingBox3D Extent X": 0.1,
            "BoundingBox3D Extent Y": 0.6871968100218089,
            "BoundingBox3D Extent Z": 0.273953078968039,
            "BoundingBox3D Orientation Quat W": 0.1622098127400358,
            "BoundingBox3D Orientation Quat X": 0.0020758987539126,
            "BoundingBox3D Orientation Quat Y": 0.008472699530754,
            "BoundingBox3D Orientation Quat Z": 0.9867177309939594,
            "ObjectType": "TRAFFIC_SIGN",
            "Occluded": {
                "F_MIDRANGECAM_C": 0.9324042797088624
            },
            "Truncated": 0,
            "ObjectMeta": {
                "SourceID": 76,
                "SubType": "us_white_ground_rectangle_unknown",
                "Text": "",
                "OcrVersion": 10006
            }
        },
        {
            "ActorName": "TRAFFIC_SIGN 77",
            "ObjectId": 77,
            "BoundingBox3D Origin X": 72.564312755625,
            "BoundingBox3D Origin Y": -5.312241462786915,
            "BoundingBox3D Origin Z": 2.758508997038007,
            "BoundingBox3D Extent X": 0.0999999999999999,
            "BoundingBox3D Extent Y": 0.60407060371918,
            "BoundingBox3D Extent Z": 0.2037042366830296,
            "BoundingBox3D Orientation Quat W": 0.2014197052283329,
            "BoundingBox3D Orientation Quat X": 0.0017359939054765,
            "BoundingBox3D Orientation Quat Y": 0.0085488023548473,
            "BoundingBox3D Orientation Quat Z": 0.9794661845358362,
            "ObjectType": "TRAFFIC_SIGN",
            "Occluded": {
                "F_MIDRANGECAM_C": 0.99757581949234
            },
            "Truncated": 0,
            "ObjectMeta": {
                "SourceID": 77,
                "SubType": "us_white_ground_rectangle_unknown",
                "Text": "",
                "OcrVersion": 10006
            }
        },
        {
            "ActorName": "TRAFFIC_SIGN 78",
            "ObjectId": 78,
            "BoundingBox3D Origin X": 138.58420159968955,
            "BoundingBox3D Origin Y": -5.34134503963287,
            "BoundingBox3D Origin Z": 1.7542474353685975,
            "BoundingBox3D Extent X": 0.1,
            "BoundingBox3D Extent Y": 0.3832816087039713,
            "BoundingBox3D Extent Z": 0.4357120768838613,
            "BoundingBox3D Orientation Quat W": 0.1094599894218197,