{
    "CapturedObjects": [
        {
            "ActorName": "TRAFFIC_SIGN 74",
            "ObjectId": 74,
            "BoundingBox3D Origin X": 40.01181171222197,
            "BoundingBox3D Origin Y": -4.766408951487392,
            "BoundingBox3D Origin Z": 4.198424792848527,
            "BoundingBox3D Extent X": 0.1,
            "BoundingBox3D Extent Y": 1.0443760949039496,
            "BoundingBox3D Extent Z": 0.9445654290099652,
            "BoundingBox3D Orientation Quat W": 0.0624374461552354,
            "BoundingBox3D Orientation Quat X": 0.0006349404246968,
            "BoundingBox3D Orientation Quat Y": 0.0072149712983771,
            "BoundingBox3D Orientation Quat Z": 0.9980225981196184,
            "ObjectType": "TRAFFIC_SIGN",
            "Occluded": {
                "F_MIDRANGECAM_C": 5.5450102081522346e-05
            },
            "Truncated": 0,
            "ObjectMeta": {
                "SourceID": 74,
                "SubType": "us_white_ground_rectangle_unknown",
                "Text": "Ho",
                "OcrVersion": 10006
            }
        },
        {
            "ActorName": "TRAFFIC_SIGN 75",
            "ObjectId": 75,
            "BoundingBox3D Origin X": 29.518298754463103,
            "BoundingBox3D Origin Y": 12.823972608806798,
            "BoundingBox3D Origin Z": 1.0705380402505398,
            "BoundingBox3D Extent X": 0.1,
            "BoundingBox3D Extent Y": 0.9246897276089624,
            "BoundingBox3D Extent Z": 0.4851001072257914,
            "BoundingBox3D Orientation Quat W": -0.3175916398009395,
            "BoundingBox3D Orientation Quat X": 0.0033017266864847,
            "BoundingBox3D Orientation Quat Y": 0.006447387728343,
            "BoundingBox3D Orientation Quat Z": 0.9481999156933724,
            "ObjectType": "TRAFFIC_SIGN",
            "Occluded": {
                "F_MIDRANGECAM_C": 0.3561657965183258
            },
            "Truncated": 0,
            "ObjectMeta": {
                "SourceID": 75,
                "SubType": "us_white_ground_rectangle_unknown",
                "Text": "",
                "OcrVersion": 10006
            }
        },
        {
            "ActorName": "TRAFFIC_SIGN 76",
            "ObjectId": 76,
            "BoundingBox3D Origin X": 39.96319915987442,
            "BoundingBox3D Origin Y": -4.776715284286183,
            "BoundingBox3D Origin Z": 3.508717093616724,
            "BoundingBox3D Extent X": 0.1,
            "BoundingBox3D Extent Y": 0.6871968100218089,
            "BoundingBox3D Extent Z": 0.273953078968039,
            "BoundingBox3D Orientation Quat W": 0.15602576204406,
            "BoundingBox3D Orientation Quat X": -4.424131611547685e-05,
            "BoundingBox3D Orientation Quat Y": 0.007242403633019,
            "BoundingBox3D Orientation Quat Z": 0.9877264333867412,
            "ObjectType": "TRAFFIC_SIGN",
            "Occluded": {
                "F_MIDRANGECAM_C": 0.3369316756725311
            },
            "Truncated": 0,
            "ObjectMeta": {
                "SourceID": 76,
                "SubType": "us_white_ground_rectangle_unknown",
                "Text": "",
                "OcrVersion": 10006
            }
        },
        {
            "ActorName": "TRAFFIC_SIGN 77",
            "ObjectId": 77,
            "BoundingBox3D Origin X": 39.44819452124284,
            "BoundingBox3D Origin Y": -4.776002901475295,
            "BoundingBox3D Origin Z": 3.1606688983738422,
            "BoundingBox3D Extent X": 0.0999999999999999,
            "BoundingBox3D Extent Y": 0.60407060371918,
            "BoundingBox3D Extent Z": 0.2037042366830296,
            "BoundingBox3D Orientation Quat W": 0.1952807153710755,
            "BoundingBox3D Orientation Quat X": -0.0003333089073881,
            "BoundingBox3D Orientation Quat Y": 0.0072347764269808,
            "BoundingBox3D Orientation Quat Z": 0.9807206478500312,
            "ObjectType": "TRAFFIC_SIGN",
            "Occluded": {
                "F_MIDRANGECAM_C": 0.9901368618011476
            },
            "Truncated": 0,
            "ObjectMeta": {
                "SourceID": 77,
                "SubType": "us_white_ground_rectangle_unknown",
                "Text": "",
                "OcrVersion": 10006
            }
        },
        {
            "ActorName": "TRAFFIC_SIGN 78",
            "ObjectId": 78,
            "BoundingBox3D Origin X": 105.46686639893596,
            "BoundingBox3D Origin Y": -3.97427032791893,
            "BoundingBox3D Origin Z": 2.452934911474585,
            "BoundingBox3D Extent X": 0.1,
            "BoundingBox3D Extent Y": 0.3832816087039713,
            "BoundingBox3D Extent Z": 0.4357120768838613,
            "BoundingBox3D Orientation Quat W": 0.1032311027358404,
            "BoundingBox3D Orientation Quat X": 0.0003458603741415,
            "BoundingBox3D Orientation Quat Y": 0.0072353570709446,
            "BoundingBox3D Orientation Quat Z": 0.9946310217445464,
            "ObjectType": "TRAFFIC_SIGN",
            "Occluded": {
                "F_MIDRANGECAM_C": 0.9977795481681824
            },
            "Truncated": 0,
            "ObjectMeta": {
                "SourceID": 78,
                "SubType": "unknown",
                "Text": "",
                "OcrVersion": 10006
            }
        },
        {
            "ActorName": "TRAFFIC_SIGN 79",
            "ObjectId": 79,
            "BoundingBox3D Origin X": 115.17854467506731,
            "BoundingBox3D Origin Y": 23.587042167258915,
            "BoundingBox3D Origin Z": 5.555186589248478,
            "BoundingBox3D Extent X": 0.1,
            "BoundingBox3D Extent Y": 1.7107504098693462,
            "BoundingBox3D Extent Z": 0.6034869053535241,
            "BoundingBox3D Orientation Quat W": -0.3143181303080822,
            "BoundingBox3D Orientation Quat X": 0.0032867625010871,
            "BoundingBox3D Orientation Quat Y": 0.0064576469649951,
            "BoundingBox3D Orientation Quat Z": 0.9492900552242018,
            "ObjectType": "TRAFFIC_SIGN",
            "Occluded": {
                "F_MIDRANGECAM_C": 0.9982122182846068
            },
            "Truncated": 0,
            "ObjectMeta": {
                "SourceID": 79,
                "SubType": "unknown",
                "Text": "",
                "OcrVersion": 10006
            }
        },
        {
            "ActorName": "TRAFFIC_SIGN 80",
            "ObjectId": 80,
            "BoundingBox3D Origin X": 152.98406881224037,
            "BoundingBox3D Origin Y": 9.898938572892805,
            "BoundingBox3D Origin Z": 6.400188238359988,
            "BoundingBox3D Extent X": 0.0999999999999999,
            "BoundingBox3D Extent Y": 0.9914366721812164,
            "BoundingBox3D Extent Z": 1.020302161968541,
            "BoundingBox3D Orientation Quat W": -0.1156491144688924,
            "BoundingBox3D Orientation Quat X": 0.0019145033593806,
            "BoundingBox3D Orientation Quat Y": 0.0069878827857347,
            "BoundingBox3D Orientation Quat Z": 0.9932637044076568,
            "ObjectType": "TRAFFIC_SIGN",
            "Occluded": {
                "F_MIDRANGECAM_C": 0.9839578866958618
            },
            "Truncated": 0,
            "ObjectMeta": {
                "SourceID": 80,
                "SubType": "us_white_ground_rectangle_unknown",
                "Text": "Lt.",
                "OcrVersion": 10006
            }
        },
        {
            "ActorName": "TRAFFIC_SIGN 81",
            "ObjectId": 81,
            "BoundingBox3D Origin X": 154.1592274688337,
            "BoundingBox3D Origin Y": -4.203605549904751,
            "BoundingBox3D Origin Z": 4.827491937205195,
            "BoundingBox3D Extent X": 0.1,
            "BoundingBox3D Extent Y": 0.7463736033616835,
            "BoundingBox3D Extent Z": 0.983651782538956,
            "BoundingBox3D Orientation Quat W": 0.0693517144956925,