{
    "CapturedObjects": [
        {
            "ActorName": "TRAFFIC_SIGN 78",
            "ObjectId": 78,
            "BoundingBox3D Origin X": 41.20776909830238,
            "BoundingBox3D Origin Y": -4.990830378332248,
            "BoundingBox3D Origin Z": 2.6497627599164844,
            "BoundingBox3D Extent X": 0.1,
            "BoundingBox3D Extent Y": 0.3832816087039713,
            "BoundingBox3D Extent Z": 0.4357120768838613,
            "BoundingBox3D Orientation Quat W": -0.1074006910705541,
            "BoundingBox3D Orientation Quat X": 0.0001936281391252,
            "BoundingBox3D Orientation Quat Y": 0.0001351004648604,
            "BoundingBox3D Orientation Quat Z": -0.9942157893604264,
            "ObjectType": "TRAFFIC_SIGN",
            "Occluded": {
                "F_MIDRANGECAM_C": 0.8884128928184509
            },
            "Truncated": 0,
            "ObjectMeta": {
                "SourceID": 78,
                "SubType": "unknown",
                "Text": "",
                "OcrVersion": 10006
            }
        },
        {
            "ActorName": "TRAFFIC_SIGN 79",
            "ObjectId": 79,
            "BoundingBox3D Origin X": 51.140971081884345,
            "BoundingBox3D Origin Y": 22.44010350165536,
            "BoundingBox3D Origin Z": 6.177836120128632,
            "BoundingBox3D Extent X": 0.1,
            "BoundingBox3D Extent Y": 1.7107504098693462,
            "BoundingBox3D Extent Z": 0.6034869053535241,
            "BoundingBox3D Orientation Quat W": 0.3103468824626216,
            "BoundingBox3D Orientation Quat X": 0.0002311735444802,
            "BoundingBox3D Orientation Quat Y": 4.065050875667886e-05,
            "BoundingBox3D Orientation Quat Z": -0.9506233520443624,
            "ObjectType": "TRAFFIC_SIGN",
            "Occluded": {
                "F_MIDRANGECAM_C": 0.0220155958086252
            },
            "Truncated": 0,
            "ObjectMeta": {
                "SourceID": 79,
                "SubType": "unknown",
                "Text": "",
                "OcrVersion": 10006
            }
        },
        {
            "ActorName": "TRAFFIC_SIGN 80",
            "ObjectId": 80,
            "BoundingBox3D Origin X": 88.82840471733107,
            "BoundingBox3D Origin Y": 8.42418136654942,
            "BoundingBox3D Origin Z": 6.92161559406668,
            "BoundingBox3D Extent X": 0.0999999999999999,
            "BoundingBox3D Extent Y": 0.9914366721812164,
            "BoundingBox3D Extent Z": 1.020302161968541,
            "BoundingBox3D Orientation Quat W": 0.1114897071950138,
            "BoundingBox3D Orientation Quat X": 0.0002152830897464,
            "BoundingBox3D Orientation Quat Y": 8.842977372880423e-05,
            "BoundingBox3D Orientation Quat Z": -0.9937655613991344,
            "ObjectType": "TRAFFIC_SIGN",
            "Occluded": {
                "F_MIDRANGECAM_C": 0.9895213842391968
            },
            "Truncated": 0,
            "ObjectMeta": {
                "SourceID": 80,
                "SubType": "us_white_ground_rectangle_unknown",
                "Text": "Lt.",
                "OcrVersion": 10006
            }
        },
        {
            "ActorName": "TRAFFIC_SIGN 81",
            "ObjectId": 81,
            "BoundingBox3D Origin X": 89.88994508862697,
            "BoundingBox3D Origin Y": -5.663451646650628,
            "BoundingBox3D Origin Z": 5.146962531842291,
            "BoundingBox3D Extent X": 0.1,
            "BoundingBox3D Extent Y": 0.7463736033616835,
            "BoundingBox3D Extent Z": 0.983651782538956,
            "BoundingBox3D Orientation Quat W": -0.0735329142474768,
            "BoundingBox3D Orientation Quat X": 0.0001960570780919,
            "BoundingBox3D Orientation Quat Y": 0.0001279594515379,
            "BoundingBox3D Orientation Quat Z": -0.9972927632898352,
            "ObjectType": "TRAFFIC_SIGN",
            "Occluded": {
                "F_MIDRANGECAM_C": 0.9567445516586304
            },
            "Truncated": 0,
            "ObjectMeta": {
                "SourceID": 81,
                "SubType": "us_white_ground_rectangle_unknown",
                "Text": "A",
                "OcrVersion": 10006
            }
        },
        {
            "ActorName": "TRAFFIC_SIGN 82",
            "ObjectId": 82,
            "BoundingBox3D Origin X": 89.80279792912961,
            "BoundingBox3D Origin Y": -1.4938002700112063,
            "BoundingBox3D Origin Z": 6.20445260964334,
            "BoundingBox3D Extent X": 0.1,
            "BoundingBox3D Extent Y": 2.213188412608715,
            "BoundingBox3D Extent Z": 0.5427212993728956,
            "BoundingBox3D Orientation Quat W": -0.0163858333142522,
            "BoundingBox3D Orientation Quat X": 0.0002024848075626,
            "BoundingBox3D Orientation Quat Y": 0.0001162224041945,
            "BoundingBox3D Orientation Quat Z": -0.9998657159633252,
            "ObjectType": "TRAFFIC_SIGN",
            "Occluded": {
                "F_MIDRANGECAM_C": 0.9891782999038696
            },
            "Truncated": 0,
            "ObjectMeta": {
                "SourceID": 82,
                "SubType": "unknown",
                "Text": "",
                "OcrVersion": 10006
            }
        },
        {
            "ActorName": "TRAFFIC_SIGN 83",
            "ObjectId": 83,
            "BoundingBox3D Origin X": 85.84746393562364,
            "BoundingBox3D Origin Y": -10.82633423637435,
            "BoundingBox3D Origin Z": 3.4115717941895127,
            "BoundingBox3D Extent X": 0.1,
            "BoundingBox3D Extent Y": 0.5022577767826779,
            "BoundingBox3D Extent Z": 0.4764159543296132,
            "BoundingBox3D Orientation Quat W": -0.1583678341978556,
            "BoundingBox3D Orientation Quat X": 0.0001832146641748,
            "BoundingBox3D Orientation Quat Y": 0.0001449059899027,
            "BoundingBox3D Orientation Quat Z": -0.9873801570449556,
            "ObjectType": "TRAFFIC_SIGN",
            "Occluded": {
                "F_MIDRANGECAM_C": 0.9978615641593932
            },
            "Truncated": 0,
            "ObjectMeta": {
                "SourceID": 83,
                "SubType": "unknown",
                "Text": "",
                "OcrVersion": 10006
            }
        },
        {
            "ActorName": "TRAFFIC_SIGN 84",
            "ObjectId": 84,
            "BoundingBox3D Origin X": 86.5445687347883,
            "BoundingBox3D Origin Y": -10.885515332835666,
            "BoundingBox3D Origin Z": 2.65349933039397,
            "BoundingBox3D Extent X": 0.1,
            "BoundingBox3D Extent Y": 0.5902100148686099,
            "BoundingBox3D Extent Z": 0.6262998747597067,
            "BoundingBox3D Orientation Quat W": -0.4130787937820069,
            "BoundingBox3D Orientation Quat X": 0.0001392462320524,
            "BoundingBox3D Orientation Quat Y": 0.0001885356121364,
            "BoundingBox3D Orientation Quat Z": -0.91069525923462,
            "ObjectType": "TRAFFIC_SIGN",
            "Occluded": {
                "F_MIDRANGECAM_C": 0.9778892993927002
            },
            "Truncated": 0,
            "ObjectMeta": {
                "SourceID": 84,
                "SubType": "us_white_ground_rectangle_unknown",
                "Text": "",
                "OcrVersion": 10006
            }
        },
        {
            "ActorName": "TRAFFIC_SIGN 85",
            "ObjectId": 85,
            "BoundingBox3D Origin X": 89.45802888155231,
            "BoundingBox3D Origin Y": -9.293934721776624,
            "BoundingBox3D Origin Z": 2.618480739183724,
            "BoundingBox3D Extent X": 0.1,
            "BoundingBox3D Extent Y": 0.4321764308658682,
            "BoundingBox3D Extent Z": 0.619127164289498,
            "BoundingBox3D Orientation Quat W": -0.1502021117485641,
            "BoundingBox3D Orientation Quat X": 0.0001848305229574,