{
    "CapturedObjects": [
        {
            "ActorName": "TRAFFIC_SIGN 71",
            "ObjectId": 71,
            "BoundingBox3D Origin X": 7.431557558978966,
            "BoundingBox3D Origin Y": -6.913094928153441,
            "BoundingBox3D Origin Z": 1.3577314736321568,
            "BoundingBox3D Extent X": 0.1,
            "BoundingBox3D Extent Y": 0.4031856189935762,
            "BoundingBox3D Extent Z": 0.4997455218914134,
            "BoundingBox3D Orientation Quat W": 0.1098768162021378,
            "BoundingBox3D Orientation Quat X": -4.199898808612361e-05,
            "BoundingBox3D Orientation Quat Y": 0.0075084843337109,
            "BoundingBox3D Orientation Quat Z": 0.9939168507276538,
            "ObjectType": "TRAFFIC_SIGN",
            "Occluded": {
                "F_MIDRANGECAM_C": 7.973804713401478e-06
            },
            "Truncated": 0,
            "ObjectMeta": {
                "SourceID": 71,
                "SubType": "unknown",
                "Text": "",
                "OcrVersion": 10006
            }
        },
        {
            "ActorName": "TRAFFIC_SIGN 72",
            "ObjectId": 72,
            "BoundingBox3D Origin X": 9.343542722881466,
            "BoundingBox3D Origin Y": -7.446641634043772,
            "BoundingBox3D Origin Z": 1.905493527650833,
            "BoundingBox3D Extent X": 0.1,
            "BoundingBox3D Extent Y": 0.9388444663395614,
            "BoundingBox3D Extent Z": 0.3092811740232059,
            "BoundingBox3D Orientation Quat W": 0.2818437891394103,
            "BoundingBox3D Orientation Quat X": -0.001353329493261,
            "BoundingBox3D Orientation Quat Y": 0.0073856932123069,
            "BoundingBox3D Orientation Quat Z": 0.959430924328894,
            "ObjectType": "TRAFFIC_SIGN",
            "Occluded": {
                "F_MIDRANGECAM_C": 1.722795786918141e-05
            },
            "Truncated": 0,
            "ObjectMeta": {
                "SourceID": 72,
                "SubType": "us_yellow_ground_rectangle_unknown",
                "Text": "Chock and Shol Chun",
                "OcrVersion": 10006
            }
        },
        {
            "ActorName": "TRAFFIC_SIGN 73",
            "ObjectId": 73,
            "BoundingBox3D Origin X": 21.92050779147576,
            "BoundingBox3D Origin Y": -5.167638630053261,
            "BoundingBox3D Origin Z": 2.882294325158,
            "BoundingBox3D Extent X": 0.1,
            "BoundingBox3D Extent Y": 0.3362411013069622,
            "BoundingBox3D Extent Z": 0.4807453413399092,
            "BoundingBox3D Orientation Quat W": 0.1587132748241986,
            "BoundingBox3D Orientation Quat X": -0.0004107812586504,
            "BoundingBox3D Orientation Quat Y": 0.0074975997017616,
            "BoundingBox3D Orientation Quat Z": 0.9872961630899048,
            "ObjectType": "TRAFFIC_SIGN",
            "Occluded": {
                "F_MIDRANGECAM_C": 7.113537867553532e-05
            },
            "Truncated": 0,
            "ObjectMeta": {
                "SourceID": 73,
                "SubType": "us_white_ground_rectangle_unknown",
                "Text": "",
                "OcrVersion": 10006
            }
        },
        {
            "ActorName": "TRAFFIC_SIGN 74",
            "ObjectId": 74,
            "BoundingBox3D Origin X": 64.86945939518228,
            "BoundingBox3D Origin Y": -5.207095620135078,
            "BoundingBox3D Origin Z": 4.180296728387475,
            "BoundingBox3D Extent X": 0.1,
            "BoundingBox3D Extent Y": 1.0443760949039496,
            "BoundingBox3D Extent Z": 0.9445654290099652,
            "BoundingBox3D Orientation Quat W": 0.0675716604819345,
            "BoundingBox3D Orientation Quat X": 0.0002793713307022,
            "BoundingBox3D Orientation Quat Y": 0.0075040733012513,
            "BoundingBox3D Orientation Quat Z": 0.9976861638487644,
            "ObjectType": "TRAFFIC_SIGN",
            "Occluded": {
                "F_MIDRANGECAM_C": 6.020838100084802e-06
            },
            "Truncated": 0,
            "ObjectMeta": {
                "SourceID": 74,
                "SubType": "us_white_ground_rectangle_unknown",
                "Text": "Ho",
                "OcrVersion": 10006
            }
        },
        {
            "ActorName": "TRAFFIC_SIGN 75",
            "ObjectId": 75,
            "BoundingBox3D Origin X": 54.55970533206346,
            "BoundingBox3D Origin Y": 12.48838995868573,
            "BoundingBox3D Origin Z": 1.033361306414008,
            "BoundingBox3D Extent X": 0.1,
            "BoundingBox3D Extent Y": 0.9246897276089624,
            "BoundingBox3D Extent Z": 0.4851001072257914,
            "BoundingBox3D Orientation Quat W": -0.3127116188918298,
            "BoundingBox3D Orientation Quat X": 0.0030820016278809,
            "BoundingBox3D Orientation Quat Y": 0.0068480933498262,
            "BoundingBox3D Orientation Quat Z": 0.9498184291186864,
            "ObjectType": "TRAFFIC_SIGN",
            "Occluded": {
                "F_MIDRANGECAM_C": 0.9717850685119628
            },
            "Truncated": 0,
            "ObjectMeta": {
                "SourceID": 75,
                "SubType": "us_white_ground_rectangle_unknown",
                "Text": "",
                "OcrVersion": 10006
            }
        },
        {
            "ActorName": "TRAFFIC_SIGN 76",
            "ObjectId": 76,
            "BoundingBox3D Origin X": 64.82125449785599,
            "BoundingBox3D Origin Y": -5.217340376169886,
            "BoundingBox3D Origin Z": 3.49055668246001,
            "BoundingBox3D Extent X": 0.1,
            "BoundingBox3D Extent Y": 0.6871968100218089,
            "BoundingBox3D Extent Z": 0.273953078968039,
            "BoundingBox3D Orientation Quat W": 0.1611063934100985,
            "BoundingBox3D Orientation Quat X": -0.0004255424280049,
            "BoundingBox3D Orientation Quat Y": 0.0074971043737075,
            "BoundingBox3D Orientation Quat Z": 0.9869084771862292,
            "ObjectType": "TRAFFIC_SIGN",
            "Occluded": {
                "F_MIDRANGECAM_C": 0.9245137572288512
            },
            "Truncated": 0,
            "ObjectMeta": {
                "SourceID": 76,
                "SubType": "us_white_ground_rectangle_unknown",
                "Text": "",
                "OcrVersion": 10006
            }
        },
        {
            "ActorName": "TRAFFIC_SIGN 77",
            "ObjectId": 77,
            "BoundingBox3D Origin X": 64.30654437324665,
            "BoundingBox3D Origin Y": -5.211553725603153,
            "BoundingBox3D Origin Z": 3.142118901014328,
            "BoundingBox3D Extent X": 0.0999999999999999,
            "BoundingBox3D Extent Y": 0.60407060371918,
            "BoundingBox3D Extent Z": 0.2037042366830296,
            "BoundingBox3D Orientation Quat W": 0.2003249552582683,
            "BoundingBox3D Orientation Quat X": -0.0007244773361818,
            "BoundingBox3D Orientation Quat Y": 0.0074742233160514,
            "BoundingBox3D Orientation Quat Z": 0.9797007315599922,
            "ObjectType": "TRAFFIC_SIGN",
            "Occluded": {
                "F_MIDRANGECAM_C": 0.9960052371025084
            },
            "Truncated": 0,
            "ObjectMeta": {
                "SourceID": 77,
                "SubType": "us_white_ground_rectangle_unknown",
                "Text": "",
                "OcrVersion": 10006
            }
        },
        {
            "ActorName": "TRAFFIC_SIGN 78",
            "ObjectId": 78,
            "BoundingBox3D Origin X": 130.33021339178413,
            "BoundingBox3D Origin Y": -5.0891688862175215,
            "BoundingBox3D Origin Z": 2.483613422140479,
            "BoundingBox3D Extent X": 0.1,
            "BoundingBox3D Extent Y": 0.3832816087039713,
            "BoundingBox3D Extent Z": 0.4357120768838613,
            "BoundingBox3D Orientation Quat W": 0.1083476364514644,