{
    "CapturedObjects": [
        {
            "ActorName": "TRAFFIC_SIGN 78",
            "ObjectId": 78,
            "BoundingBox3D Origin X": 50.45896565416842,
            "BoundingBox3D Origin Y": -4.826460951284389,
            "BoundingBox3D Origin Z": 2.5620558792725205,
            "BoundingBox3D Extent X": 0.1,
            "BoundingBox3D Extent Y": 0.3832816087039713,
            "BoundingBox3D Extent Z": 0.4357120768838613,
            "BoundingBox3D Orientation Quat W": 0.1066115540723378,
            "BoundingBox3D Orientation Quat X": 0.0009262904556416,
            "BoundingBox3D Orientation Quat Y": 0.0063220026148572,
            "BoundingBox3D Orientation Quat Z": 0.9942802174473804,
            "ObjectType": "TRAFFIC_SIGN",
            "Occluded": {
                "F_MIDRANGECAM_C": 0.9996101260185242
            },
            "Truncated": 0,
            "ObjectMeta": {
                "SourceID": 78,
                "SubType": "unknown",
                "Text": "",
                "OcrVersion": 10006
            }
        },
        {
            "ActorName": "TRAFFIC_SIGN 79",
            "ObjectId": 79,
            "BoundingBox3D Origin X": 60.36096136602282,
            "BoundingBox3D Origin Y": 22.6621716208756,
            "BoundingBox3D Origin Z": 5.70829389616847,
            "BoundingBox3D Extent X": 0.1,
            "BoundingBox3D Extent Y": 1.7107504098693462,
            "BoundingBox3D Extent Z": 0.6034869053535241,
            "BoundingBox3D Orientation Quat W": -0.3110920220547365,
            "BoundingBox3D Orientation Quat X": 0.003441501390665,
            "BoundingBox3D Orientation Quat Y": 0.005387088531539,
            "BoundingBox3D Orientation Quat Z": 0.950358295149375,
            "ObjectType": "TRAFFIC_SIGN",
            "Occluded": {
                "F_MIDRANGECAM_C": 0.2014731019735336
            },
            "Truncated": 0,
            "ObjectMeta": {
                "SourceID": 79,
                "SubType": "unknown",
                "Text": "",
                "OcrVersion": 10006
            }
        },
        {
            "ActorName": "TRAFFIC_SIGN 80",
            "ObjectId": 80,
            "BoundingBox3D Origin X": 98.07313833468652,
            "BoundingBox3D Origin Y": 8.715493466166663,
            "BoundingBox3D Origin Z": 6.491977954283357,
            "BoundingBox3D Extent X": 0.0999999999999999,
            "BoundingBox3D Extent Y": 0.9914366721812164,
            "BoundingBox3D Extent Z": 1.020302161968541,
            "BoundingBox3D Orientation Quat W": -0.1122739294606849,
            "BoundingBox3D Orientation Quat X": 0.0022826930388513,
            "BoundingBox3D Orientation Quat Y": 0.005970372386405,
            "BoundingBox3D Orientation Quat Z": 0.9936567358648132,
            "ObjectType": "TRAFFIC_SIGN",
            "Occluded": {
                "F_MIDRANGECAM_C": 0.943152129650116
            },
            "Truncated": 0,
            "ObjectMeta": {
                "SourceID": 80,
                "SubType": "us_white_ground_rectangle_unknown",
                "Text": "Lt.",
                "OcrVersion": 10006
            }
        },
        {
            "ActorName": "TRAFFIC_SIGN 81",
            "ObjectId": 81,
            "BoundingBox3D Origin X": 99.15078505739802,
            "BoundingBox3D Origin Y": -5.391698933046428,
            "BoundingBox3D Origin Z": 4.891086575575173,
            "BoundingBox3D Extent X": 0.1,
            "BoundingBox3D Extent Y": 0.7463736033616835,
            "BoundingBox3D Extent Z": 0.983651782538956,
            "BoundingBox3D Orientation Quat W": 0.0727419841481446,
            "BoundingBox3D Orientation Quat X": 0.0011427687443039,
            "BoundingBox3D Orientation Quat Y": 0.0062873406868876,
            "BoundingBox3D Orientation Quat Z": 0.9973303199887568,
            "ObjectType": "TRAFFIC_SIGN",
            "Occluded": {
                "F_MIDRANGECAM_C": 0.9926309585571288
            },
            "Truncated": 0,
            "ObjectMeta": {
                "SourceID": 81,
                "SubType": "us_white_ground_rectangle_unknown",
                "Text": "A",
                "OcrVersion": 10006
            }
        },
        {
            "ActorName": "TRAFFIC_SIGN 82",
            "ObjectId": 82,
            "BoundingBox3D Origin X": 99.06078656411046,
            "BoundingBox3D Origin Y": -1.209197514152038,
            "BoundingBox3D Origin Z": 5.896275540813804,
            "BoundingBox3D Extent X": 0.1,
            "BoundingBox3D Extent Y": 2.213188412608715,
            "BoundingBox3D Extent Z": 0.5427212993728956,
            "BoundingBox3D Orientation Quat W": 0.0155939926490879,
            "BoundingBox3D Orientation Quat X": 0.0015009823898122,
            "BoundingBox3D Orientation Quat Y": 0.0062120400974449,
            "BoundingBox3D Orientation Quat Z": 0.99985798241698,
            "ObjectType": "TRAFFIC_SIGN",
            "Occluded": {
                "F_MIDRANGECAM_C": 0.9964524507522584
            },
            "Truncated": 0,
            "ObjectMeta": {
                "SourceID": 82,
                "SubType": "unknown",
                "Text": "",
                "OcrVersion": 10006
            }
        },
        {
            "ActorName": "TRAFFIC_SIGN 83",
            "ObjectId": 83,
            "BoundingBox3D Origin X": 95.11033603095711,
            "BoundingBox3D Origin Y": -10.582328256146866,
            "BoundingBox3D Origin Z": 3.2355342423543334,
            "BoundingBox3D Extent X": 0.1,
            "BoundingBox3D Extent Y": 0.5022577767826779,
            "BoundingBox3D Extent Z": 0.4764159543296132,
            "BoundingBox3D Orientation Quat W": 0.1575832247419017,
            "BoundingBox3D Orientation Quat X": 0.0006032868021224,
            "BoundingBox3D Orientation Quat Y": 0.0063612192408922,
            "BoundingBox3D Orientation Quat Z": 0.9874850369573944,
            "ObjectType": "TRAFFIC_SIGN",
            "Occluded": {
                "F_MIDRANGECAM_C": 0.9992913007736206
            },
            "Truncated": 0,
            "ObjectMeta": {
                "SourceID": 83,
                "SubType": "unknown",
                "Text": "",
                "OcrVersion": 10006
            }
        },
        {
            "ActorName": "TRAFFIC_SIGN 84",
            "ObjectId": 84,
            "BoundingBox3D Origin X": 95.8047976218113,
            "BoundingBox3D Origin Y": -10.649971367500257,
            "BoundingBox3D Origin Z": 2.475750043988228,
            "BoundingBox3D Extent X": 0.1,
            "BoundingBox3D Extent Y": 0.5902100148686099,
            "BoundingBox3D Extent Z": 0.6262998747597067,
            "BoundingBox3D Orientation Quat W": 0.4123508471143531,
            "BoundingBox3D Orientation Quat X": -0.001095877580322,
            "BoundingBox3D Orientation Quat Y": 0.0062946925862179,
            "BoundingBox3D Orientation Quat Z": 0.9110027194150682,
            "ObjectType": "TRAFFIC_SIGN",
            "Occluded": {
                "F_MIDRANGECAM_C": 0.999338448047638
            },
            "Truncated": 0,
            "ObjectMeta": {
                "SourceID": 84,
                "SubType": "us_white_ground_rectangle_unknown",
                "Text": "",
                "OcrVersion": 10006
            }
        },
        {
            "ActorName": "TRAFFIC_SIGN 85",
            "ObjectId": 85,
            "BoundingBox3D Origin X": 98.71556269874054,
            "BoundingBox3D Origin Y": -9.05442211983609,
            "BoundingBox3D Origin Z": 2.4101294092834,
            "BoundingBox3D Extent X": 0.1,
            "BoundingBox3D Extent Y": 0.4321764308658682,
            "BoundingBox3D Extent Z": 0.619127164289498,
            "BoundingBox3D Orientation Quat W": 0.149416631139194,
            "BoundingBox3D Orientation Quat X": 0.0006554145920763,
            "BoundingBox3D Orientation Quat Y": 0.0063563083077913,