{
    "CapturedObjects": [
        {
            "ActorName": "TRAFFIC_SIGN 71",
            "ObjectId": 71,
            "BoundingBox3D Origin X": 3.672091507618461,
            "BoundingBox3D Origin Y": -6.92822173757304,
            "BoundingBox3D Origin Z": 1.3638473730534315,
            "BoundingBox3D Extent X": 0.1,
            "BoundingBox3D Extent Y": 0.4031856189935762,
            "BoundingBox3D Extent Z": 0.4997455218914134,
            "BoundingBox3D Orientation Quat W": 0.109181602207478,
            "BoundingBox3D Orientation Quat X": 0.0011295981533125,
            "BoundingBox3D Orientation Quat Y": 0.0077950731033633,
            "BoundingBox3D Orientation Quat Z": 0.9939906129248576,
            "ObjectType": "TRAFFIC_SIGN",
            "Occluded": {
                "F_CTCAM_L": 0.0
            },
            "Truncated": 0,
            "ObjectMeta": {
                "SourceID": 71,
                "SubType": "unknown",
                "Text": "",
                "OcrVersion": 10006
            }
        },
        {
            "ActorName": "TRAFFIC_SIGN 72",
            "ObjectId": 72,
            "BoundingBox3D Origin X": 5.586126625414181,
            "BoundingBox3D Origin Y": -7.458958869887283,
            "BoundingBox3D Origin Z": 1.907173458486796,
            "BoundingBox3D Extent X": 0.1,
            "BoundingBox3D Extent Y": 0.9388444663395614,
            "BoundingBox3D Extent Z": 0.3092811740232059,
            "BoundingBox3D Orientation Quat W": 0.2811719697751627,
            "BoundingBox3D Orientation Quat X": -0.0002501893891254,
            "BoundingBox3D Orientation Quat Y": 0.0078723129658181,
            "BoundingBox3D Orientation Quat Z": 0.9596250765307216,
            "ObjectType": "TRAFFIC_SIGN",
            "Occluded": {
                "F_CTCAM_L": 0.0
            },
            "Truncated": 0,
            "ObjectMeta": {
                "SourceID": 72,
                "SubType": "us_yellow_ground_rectangle_unknown",
                "Text": "Chock and Shol Chun",
                "OcrVersion": 10006
            }
        },
        {
            "ActorName": "TRAFFIC_SIGN 73",
            "ObjectId": 73,
            "BoundingBox3D Origin X": 18.16229577644117,
            "BoundingBox3D Origin Y": -5.162303049452021,
            "BoundingBox3D Origin Z": 2.853004675358534,
            "BoundingBox3D Extent X": 0.1,
            "BoundingBox3D Extent Y": 0.3362411013069622,
            "BoundingBox3D Extent Z": 0.4807453413399092,
            "BoundingBox3D Orientation Quat W": 0.1580224339068542,
            "BoundingBox3D Orientation Quat X": 0.0007451795236935,
            "BoundingBox3D Orientation Quat Y": 0.0078414777298282,
            "BoundingBox3D Orientation Quat Z": 0.9874041048712752,
            "ObjectType": "TRAFFIC_SIGN",
            "Occluded": {
                "F_MIDRANGECAM_C": 0.0001217504468513
            },
            "Truncated": 0,
            "ObjectMeta": {
                "SourceID": 73,
                "SubType": "us_white_ground_rectangle_unknown",
                "Text": "",
                "OcrVersion": 10006
            }
        },
        {
            "ActorName": "TRAFFIC_SIGN 74",
            "ObjectId": 74,
            "BoundingBox3D Origin X": 61.11441787549484,
            "BoundingBox3D Origin Y": -5.142108010302763,
            "BoundingBox3D Origin Z": 4.047705669887364,
            "BoundingBox3D Extent X": 0.1,
            "BoundingBox3D Extent Y": 1.0443760949039496,
            "BoundingBox3D Extent Z": 0.9445654290099652,
            "BoundingBox3D Orientation Quat W": 0.0668740611143913,
            "BoundingBox3D Orientation Quat X": 0.001462153923566,
            "BoundingBox3D Orientation Quat Y": 0.0077407368874532,
            "BoundingBox3D Orientation Quat Z": 0.99773032581375,
            "ObjectType": "TRAFFIC_SIGN",
            "Occluded": {
                "F_MIDRANGECAM_C": 4.088159403181635e-05
            },
            "Truncated": 0,
            "ObjectMeta": {
                "SourceID": 74,
                "SubType": "us_white_ground_rectangle_unknown",
                "Text": "Ho",
                "OcrVersion": 10006
            }
        },
        {
            "ActorName": "TRAFFIC_SIGN 75",
            "ObjectId": 75,
            "BoundingBox3D Origin X": 50.7727256824146,
            "BoundingBox3D Origin Y": 12.538152433960931,
            "BoundingBox3D Origin Z": 0.9200636586174368,
            "BoundingBox3D Extent X": 0.1,
            "BoundingBox3D Extent Y": 0.9246897276089624,
            "BoundingBox3D Extent Z": 0.4851001072257914,
            "BoundingBox3D Orientation Quat W": -0.313373119020349,
            "BoundingBox3D Orientation Quat X": 0.0042671525612783,
            "BoundingBox3D Orientation Quat Y": 0.0066233071842821,
            "BoundingBox3D Orientation Quat Z": 0.949597394418508,
            "ObjectType": "TRAFFIC_SIGN",
            "Occluded": {
                "F_MIDRANGECAM_C": 0.5012212991714478
            },
            "Truncated": 0,
            "ObjectMeta": {
                "SourceID": 75,
                "SubType": "us_white_ground_rectangle_unknown",
                "Text": "",
                "OcrVersion": 10006
            }
        },
        {
            "ActorName": "TRAFFIC_SIGN 76",
            "ObjectId": 76,
            "BoundingBox3D Origin X": 61.06457166748078,
            "BoundingBox3D Origin Y": -5.152635296486551,
            "BoundingBox3D Origin Z": 3.358089412562549,
            "BoundingBox3D Extent X": 0.1,
            "BoundingBox3D Extent Y": 0.6871968100218089,
            "BoundingBox3D Extent Z": 0.273953078968039,
            "BoundingBox3D Orientation Quat W": 0.160415811915369,
            "BoundingBox3D Orientation Quat X": 0.0007295758924861,
            "BoundingBox3D Orientation Quat Y": 0.0078437824198845,
            "BoundingBox3D Orientation Quat Z": 0.9870180900489612,
            "ObjectType": "TRAFFIC_SIGN",
            "Occluded": {
                "F_MIDRANGECAM_C": 0.9961780309677124
            },
            "Truncated": 0,
            "ObjectMeta": {
                "SourceID": 76,
                "SubType": "us_white_ground_rectangle_unknown",
                "Text": "",
                "OcrVersion": 10006
            }
        },
        {
            "ActorName": "TRAFFIC_SIGN 77",
            "ObjectId": 77,
            "BoundingBox3D Origin X": 60.54901728219557,
            "BoundingBox3D Origin Y": -5.147667802142678,
            "BoundingBox3D Origin Z": 3.010890199802816,
            "BoundingBox3D Extent X": 0.0999999999999999,
            "BoundingBox3D Extent Y": 0.60407060371918,
            "BoundingBox3D Extent Z": 0.2037042366830296,
            "BoundingBox3D Orientation Quat W": 0.1996392379373266,
            "BoundingBox3D Orientation Quat X": 0.0004158158729196,
            "BoundingBox3D Orientation Quat Y": 0.0078666193454488,
            "BoundingBox3D Orientation Quat Z": 0.9798378019208268,
            "ObjectType": "TRAFFIC_SIGN",
            "Occluded": {
                "F_MIDRANGECAM_C": 0.9959392547607422
            },
            "Truncated": 0,
            "ObjectMeta": {
                "SourceID": 77,
                "SubType": "us_white_ground_rectangle_unknown",
                "Text": "",
                "OcrVersion": 10006
            }
        },
        {
            "ActorName": "TRAFFIC_SIGN 78",
            "ObjectId": 78,
            "BoundingBox3D Origin X": 126.57093844739576,
            "BoundingBox3D Origin Y": -4.934413781025796,
            "BoundingBox3D Origin Z": 2.193544389680028,
            "BoundingBox3D Extent X": 0.1,
            "BoundingBox3D Extent Y": 0.3832816087039713,
            "BoundingBox3D Extent Z": 0.4357120768838613,
            "BoundingBox3D Orientation Quat W": 0.1076523136458188,
            "BoundingBox3D Orientation Quat X": 0.0011507392461801,