{
    "CapturedObjects": [
        {
            "ActorName": "TRAFFIC_SIGN 73",
            "ObjectId": 73,
            "BoundingBox3D Origin X": 1.5945906944507442,
            "BoundingBox3D Origin Y": -5.140429448234499,
            "BoundingBox3D Origin Z": 2.922378762625158,
            "BoundingBox3D Extent X": 0.1,
            "BoundingBox3D Extent Y": 0.3362411013069622,
            "BoundingBox3D Extent Z": 0.4807453413399092,
            "BoundingBox3D Orientation Quat W": 0.1525160495016616,
            "BoundingBox3D Orientation Quat X": 0.0001924580854571,
            "BoundingBox3D Orientation Quat Y": 0.0078496613375834,
            "BoundingBox3D Orientation Quat Z": 0.9882698014313588,
            "ObjectType": "TRAFFIC_SIGN",
            "Occluded": {
                "F_CTCAM_L": 0.0
            },
            "Truncated": 0,
            "ObjectMeta": {
                "SourceID": 73,
                "SubType": "us_white_ground_rectangle_unknown",
                "Text": "",
                "OcrVersion": 10006
            }
        },
        {
            "ActorName": "TRAFFIC_SIGN 74",
            "ObjectId": 74,
            "BoundingBox3D Origin X": 44.54249046510813,
            "BoundingBox3D Origin Y": -4.640869713155553,
            "BoundingBox3D Origin Z": 4.16005081590265,
            "BoundingBox3D Extent X": 0.1,
            "BoundingBox3D Extent Y": 1.0443760949039496,
            "BoundingBox3D Extent Z": 0.9445654290099652,
            "BoundingBox3D Orientation Quat W": 0.0613116505350053,
            "BoundingBox3D Orientation Quat X": 0.0009125034118355,
            "BoundingBox3D Orientation Quat Y": 0.0077997809456106,
            "BoundingBox3D Orientation Quat Z": 0.9980877778348944,
            "ObjectType": "TRAFFIC_SIGN",
            "Occluded": {
                "F_MIDRANGECAM_C": 6.708437285851687e-05
            },
            "Truncated": 0,
            "ObjectMeta": {
                "SourceID": 74,
                "SubType": "us_white_ground_rectangle_unknown",
                "Text": "Ho",
                "OcrVersion": 10006
            }
        },
        {
            "ActorName": "TRAFFIC_SIGN 75",
            "ObjectId": 75,
            "BoundingBox3D Origin X": 34.00730285800091,
            "BoundingBox3D Origin Y": 12.922374498026327,
            "BoundingBox3D Origin Z": 1.0189981870353222,
            "BoundingBox3D Extent X": 0.1,
            "BoundingBox3D Extent Y": 0.9246897276089624,
            "BoundingBox3D Extent Z": 0.4851001072257914,
            "BoundingBox3D Orientation Quat W": -0.3186622927159839,
            "BoundingBox3D Orientation Quat X": 0.0037796012681681,
            "BoundingBox3D Orientation Quat Y": 0.0068855435862018,
            "BoundingBox3D Orientation Quat Z": 0.9478357701125067,
            "ObjectType": "TRAFFIC_SIGN",
            "Occluded": {
                "F_MIDRANGECAM_C": 0.9842581748962402
            },
            "Truncated": 0,
            "ObjectMeta": {
                "SourceID": 75,
                "SubType": "us_white_ground_rectangle_unknown",
                "Text": "",
                "OcrVersion": 10006
            }
        },
        {
            "ActorName": "TRAFFIC_SIGN 76",
            "ObjectId": 76,
            "BoundingBox3D Origin X": 44.4934595581326,
            "BoundingBox3D Origin Y": -4.652065675676568,
            "BoundingBox3D Origin Z": 3.4703875575214624,
            "BoundingBox3D Extent X": 0.1,
            "BoundingBox3D Extent Y": 0.6871968100218089,
            "BoundingBox3D Extent Z": 0.273953078968039,
            "BoundingBox3D Orientation Quat W": 0.1549115376074049,
            "BoundingBox3D Orientation Quat X": 0.0001768327464179,
            "BoundingBox3D Orientation Quat Y": 0.0078506387576169,
            "BoundingBox3D Orientation Quat Z": 0.9878971362026444,
            "ObjectType": "TRAFFIC_SIGN",
            "Occluded": {
                "F_MIDRANGECAM_C": 0.0171136800199747
            },
            "Truncated": 0,
            "ObjectMeta": {
                "SourceID": 76,
                "SubType": "us_white_ground_rectangle_unknown",
                "Text": "",
                "OcrVersion": 10006
            }
        },
        {
            "ActorName": "TRAFFIC_SIGN 77",
            "ObjectId": 77,
            "BoundingBox3D Origin X": 43.97823295910712,
            "BoundingBox3D Origin Y": -4.652907003168366,
            "BoundingBox3D Origin Z": 3.122672164812684,
            "BoundingBox3D Extent X": 0.0999999999999999,
            "BoundingBox3D Extent Y": 0.60407060371918,
            "BoundingBox3D Extent Z": 0.2037042366830296,
            "BoundingBox3D Orientation Quat W": 0.1941742843797071,
            "BoundingBox3D Orientation Quat X": -0.000136774298929,
            "BoundingBox3D Orientation Quat Y": 0.00785132852457,
            "BoundingBox3D Orientation Quat Z": 0.9809356172648735,
            "ObjectType": "TRAFFIC_SIGN",
            "Occluded": {
                "F_MIDRANGECAM_C": 0.9733002185821532
            },
            "Truncated": 0,
            "ObjectMeta": {
                "SourceID": 77,
                "SubType": "us_white_ground_rectangle_unknown",
                "Text": "",
                "OcrVersion": 10006
            }
        },
        {
            "ActorName": "TRAFFIC_SIGN 78",
            "ObjectId": 78,
            "BoundingBox3D Origin X": 109.99430319837484,
            "BoundingBox3D Origin Y": -3.7032666571758455,
            "BoundingBox3D Origin Z": 2.371349791996181,
            "BoundingBox3D Extent X": 0.1,
            "BoundingBox3D Extent Y": 0.3832816087039713,
            "BoundingBox3D Extent Z": 0.4357120768838613,
            "BoundingBox3D Orientation Quat W": 0.1021091519370035,
            "BoundingBox3D Orientation Quat X": 0.0005991456164006,
            "BoundingBox3D Orientation Quat Y": 0.0078309991365782,
            "BoundingBox3D Orientation Quat Z": 0.9947421965352428,
            "ObjectType": "TRAFFIC_SIGN",
            "Occluded": {
                "F_MIDRANGECAM_C": 0.999284565448761
            },
            "Truncated": 0,
            "ObjectMeta": {
                "SourceID": 78,
                "SubType": "unknown",
                "Text": "",
                "OcrVersion": 10006
            }
        },
        {
            "ActorName": "TRAFFIC_SIGN 79",
            "ObjectId": 79,
            "BoundingBox3D Origin X": 119.64567761701984,
            "BoundingBox3D Origin Y": 23.883488282270264,
            "BoundingBox3D Origin Z": 5.436049524694681,
            "BoundingBox3D Extent X": 0.1,
            "BoundingBox3D Extent Y": 1.7107504098693462,
            "BoundingBox3D Extent Z": 0.6034869053535241,
            "BoundingBox3D Orientation Quat W": -0.3153900059247167,
            "BoundingBox3D Orientation Quat X": 0.0037631236829529,
            "BoundingBox3D Orientation Quat Y": 0.0068974474454369,
            "BoundingBox3D Orientation Quat Z": 0.948929611868916,
            "ObjectType": "TRAFFIC_SIGN",
            "Occluded": {
                "F_MIDRANGECAM_C": 0.9988092184066772
            },
            "Truncated": 0,
            "ObjectMeta": {
                "SourceID": 79,
                "SubType": "unknown",
                "Text": "",
                "OcrVersion": 10006
            }
        },
        {
            "ActorName": "TRAFFIC_SIGN 80",
            "ObjectId": 80,
            "BoundingBox3D Origin X": 157.48246161203133,
            "BoundingBox3D Origin Y": 10.281468263579882,
            "BoundingBox3D Origin Z": 6.272137547843158,
            "BoundingBox3D Extent X": 0.0999999999999999,
            "BoundingBox3D Extent Y": 0.9914366721812164,
            "BoundingBox3D Extent Z": 1.020302161968541,
            "BoundingBox3D Orientation Quat W": -0.1167700276744373,
            "BoundingBox3D Orientation Quat X": 0.002291854661718,