{
    "CapturedObjects": [
        {
            "ActorName": "TRAFFIC_SIGN 74",
            "ObjectId": 74,
            "BoundingBox3D Origin X": 33.2397513695978,
            "BoundingBox3D Origin Y": -4.931508317691623,
            "BoundingBox3D Origin Z": 4.33517915289849,
            "BoundingBox3D Extent X": 0.1,
            "BoundingBox3D Extent Y": 1.0443760949039496,
            "BoundingBox3D Extent Z": 0.9445654290099652,
            "BoundingBox3D Orientation Quat W": 0.063943758823605,
            "BoundingBox3D Orientation Quat X": -0.0011932862428971,
            "BoundingBox3D Orientation Quat Y": 0.0055583979875771,
            "BoundingBox3D Orientation Quat Z": 0.9979373106499536,
            "ObjectType": "TRAFFIC_SIGN",
            "Occluded": {
                "F_MIDRANGECAM_C": 0.0001518723438493
            },
            "Truncated": 0,
            "ObjectMeta": {
                "SourceID": 74,
                "SubType": "us_white_ground_rectangle_unknown",
                "Text": "Ho",
                "OcrVersion": 10006
            }
        },
        {
            "ActorName": "TRAFFIC_SIGN 75",
            "ObjectId": 75,
            "BoundingBox3D Origin X": 22.81100405455072,
            "BoundingBox3D Origin Y": 12.699899939398165,
            "BoundingBox3D Origin Z": 1.2207635575905442,
            "BoundingBox3D Extent X": 0.1,
            "BoundingBox3D Extent Y": 0.9246897276089624,
            "BoundingBox3D Extent Z": 0.4851001072257914,
            "BoundingBox3D Orientation Quat W": -0.3161655509206526,
            "BoundingBox3D Orientation Quat X": 0.0009856286073939,
            "BoundingBox3D Orientation Quat Y": 0.0055990170321574,
            "BoundingBox3D Orientation Quat Z": 0.9486869999929176,
            "ObjectType": "TRAFFIC_SIGN",
            "Occluded": {
                "F_MIDRANGECAM_C": 0.00159264029935
            },
            "Truncated": 0,
            "ObjectMeta": {
                "SourceID": 75,
                "SubType": "us_white_ground_rectangle_unknown",
                "Text": "",
                "OcrVersion": 10006
            }
        },
        {
            "ActorName": "TRAFFIC_SIGN 76",
            "ObjectId": 76,
            "BoundingBox3D Origin X": 33.19378327621416,
            "BoundingBox3D Origin Y": -4.939551515577477,
            "BoundingBox3D Origin Z": 3.6452567456290126,
            "BoundingBox3D Extent X": 0.1,
            "BoundingBox3D Extent Y": 0.6871968100218089,
            "BoundingBox3D Extent Z": 0.273953078968039,
            "BoundingBox3D Orientation Quat W": 0.1575178217444618,
            "BoundingBox3D Orientation Quat X": -0.0017086503075421,
            "BoundingBox3D Orientation Quat Y": 0.0054216415930538,
            "BoundingBox3D Orientation Quat Z": 0.9874997833667828,
            "ObjectType": "TRAFFIC_SIGN",
            "Occluded": {
                "F_MIDRANGECAM_C": 0.0007855260046198
            },
            "Truncated": 0,
            "ObjectMeta": {
                "SourceID": 76,
                "SubType": "us_white_ground_rectangle_unknown",
                "Text": "",
                "OcrVersion": 10006
            }
        },
        {
            "ActorName": "TRAFFIC_SIGN 77",
            "ObjectId": 77,
            "BoundingBox3D Origin X": 32.68013591001545,
            "BoundingBox3D Origin Y": -4.936226525198435,
            "BoundingBox3D Origin Z": 3.295216862112284,
            "BoundingBox3D Extent X": 0.0999999999999999,
            "BoundingBox3D Extent Y": 0.60407060371918,
            "BoundingBox3D Extent Z": 0.2037042366830296,
            "BoundingBox3D Orientation Quat W": 0.1967627077270556,
            "BoundingBox3D Orientation Quat X": -0.0019238000329353,
            "BoundingBox3D Orientation Quat Y": 0.0053492869323132,
            "BoundingBox3D Orientation Quat Z": 0.9804346592051232,
            "ObjectType": "TRAFFIC_SIGN",
            "Occluded": {
                "F_MIDRANGECAM_C": 0.8437121510505676
            },
            "Truncated": 0,
            "ObjectMeta": {
                "SourceID": 77,
                "SubType": "us_white_ground_rectangle_unknown",
                "Text": "",
                "OcrVersion": 10006
            }
        },
        {
            "ActorName": "TRAFFIC_SIGN 78",
            "ObjectId": 78,
            "BoundingBox3D Origin X": 98.7032548574116,
            "BoundingBox3D Origin Y": -4.33026486657036,
            "BoundingBox3D Origin Z": 2.845906130038202,
            "BoundingBox3D Extent X": 0.1,
            "BoundingBox3D Extent Y": 0.3832816087039713,
            "BoundingBox3D Extent Z": 0.4357120768838613,
            "BoundingBox3D Orientation Quat W": 0.1047328616222542,
            "BoundingBox3D Orientation Quat X": -0.0014130837120927,
            "BoundingBox3D Orientation Quat Y": 0.0055055184617085,
            "BoundingBox3D Orientation Quat Z": 0.9944841477657173,
            "ObjectType": "TRAFFIC_SIGN",
            "Occluded": {
                "F_MIDRANGECAM_C": 0.9901264905929564
            },
            "Truncated": 0,
            "ObjectMeta": {
                "SourceID": 78,
                "SubType": "unknown",
                "Text": "",
                "OcrVersion": 10006
            }
        },
        {
            "ActorName": "TRAFFIC_SIGN 79",
            "ObjectId": 79,
            "BoundingBox3D Origin X": 108.48509990217462,
            "BoundingBox3D Origin Y": 23.19234595076705,
            "BoundingBox3D Origin Z": 6.070596379227936,
            "BoundingBox3D Extent X": 0.1,
            "BoundingBox3D Extent Y": 1.7107504098693462,
            "BoundingBox3D Extent Z": 0.6034869053535241,
            "BoundingBox3D Orientation Quat W": -0.3128903762917068,
            "BoundingBox3D Orientation Quat X": 0.0009735880605942,
            "BoundingBox3D Orientation Quat Y": 0.0056012810016286,
            "BoundingBox3D Orientation Quat Z": 0.949772230696109,
            "ObjectType": "TRAFFIC_SIGN",
            "Occluded": {
                "F_MIDRANGECAM_C": 0.9967807531356812
            },
            "Truncated": 0,
            "ObjectMeta": {
                "SourceID": 79,
                "SubType": "unknown",
                "Text": "",
                "OcrVersion": 10006
            }
        },
        {
            "ActorName": "TRAFFIC_SIGN 80",
            "ObjectId": 80,
            "BoundingBox3D Origin X": 146.24607781147824,
            "BoundingBox3D Origin Y": 9.38832670316333,
            "BoundingBox3D Origin Z": 7.020040147937834,
            "BoundingBox3D Extent X": 0.0999999999999999,
            "BoundingBox3D Extent Y": 0.9914366721812164,
            "BoundingBox3D Extent Z": 1.020302161968541,
            "BoundingBox3D Orientation Quat W": -0.1141525540329558,
            "BoundingBox3D Orientation Quat X": -0.0001782934335986,
            "BoundingBox3D Orientation Quat Y": 0.0056812877313332,
            "BoundingBox3D Orientation Quat Z": 0.9934469717045388,
            "ObjectType": "TRAFFIC_SIGN",
            "Occluded": {
                "F_MIDRANGECAM_C": 0.9992873072624208
            },
            "Truncated": 0,
            "ObjectMeta": {
                "SourceID": 80,
                "SubType": "us_white_ground_rectangle_unknown",
                "Text": "Lt.",
                "OcrVersion": 10006
            }
        },
        {
            "ActorName": "TRAFFIC_SIGN 81",
            "ObjectId": 81,
            "BoundingBox3D Origin X": 147.3852123877441,
            "BoundingBox3D Origin Y": -4.712882230320247,
            "BoundingBox3D Origin Z": 5.408516046591103,
            "BoundingBox3D Extent X": 0.1,
            "BoundingBox3D Extent Y": 0.7463736033616835,
            "BoundingBox3D Extent Z": 0.983651782538956,
            "BoundingBox3D Orientation Quat W": 0.0708574242564599,
            "BoundingBox3D Orientation Quat X": -0.0012230515271677,