{
    "CapturedObjects": [
        {
            "ActorName": "TRAFFIC_SIGN 70",
            "ObjectId": 70,
            "BoundingBox3D Origin X": 20.637443284256733,
            "BoundingBox3D Origin Y": -4.102156807173742,
            "BoundingBox3D Origin Z": 2.5012377183884382,
            "BoundingBox3D Extent X": 0.1,
            "BoundingBox3D Extent Y": 0.3835351811205211,
            "BoundingBox3D Extent Z": 0.510645001842084,
            "BoundingBox3D Orientation Quat W": 0.0812763168074147,
            "BoundingBox3D Orientation Quat X": 0.0042889845572231,
            "BoundingBox3D Orientation Quat Y": 0.0118414688389795,
            "BoundingBox3D Orientation Quat Z": 0.9966120331169116,
            "ObjectType": "TRAFFIC_SIGN",
            "Occluded": {
                "F_MIDRANGECAM_C": 0.0003945411881431
            },
            "Truncated": 0,
            "ObjectMeta": {
                "SourceID": 70,
                "SubType": "us_white_ground_rectangle_unknown",
                "Text": "",
                "OcrVersion": 10006
            }
        },
        {
            "ActorName": "TRAFFIC_SIGN 71",
            "ObjectId": 71,
            "BoundingBox3D Origin X": 47.45719186966016,
            "BoundingBox3D Origin Y": -4.850434288440738,
            "BoundingBox3D Origin Z": 0.873738257214427,
            "BoundingBox3D Extent X": 0.1,
            "BoundingBox3D Extent Y": 0.4031856189935762,
            "BoundingBox3D Extent Z": 0.4997455218914134,
            "BoundingBox3D Orientation Quat W": 0.0895623479807941,
            "BoundingBox3D Orientation Quat X": 0.0041954305996468,
            "BoundingBox3D Orientation Quat Y": 0.0118766205253987,
            "BoundingBox3D Orientation Quat Z": 0.9959015664568194,
            "ObjectType": "TRAFFIC_SIGN",
            "Occluded": {
                "F_MIDRANGECAM_C": 0.9962854385375975
            },
            "Truncated": 0,
            "ObjectMeta": {
                "SourceID": 71,
                "SubType": "unknown",
                "Text": "",
                "OcrVersion": 10006
            }
        },
        {
            "ActorName": "TRAFFIC_SIGN 72",
            "ObjectId": 72,
            "BoundingBox3D Origin X": 49.39448052551597,
            "BoundingBox3D Origin Y": -5.301352433627471,
            "BoundingBox3D Origin Z": 1.4066462069749832,
            "BoundingBox3D Extent X": 0.1,
            "BoundingBox3D Extent Y": 0.9388444663395614,
            "BoundingBox3D Extent Z": 0.3092811740232059,
            "BoundingBox3D Orientation Quat W": 0.2621878938369013,
            "BoundingBox3D Orientation Quat X": 0.0020556537078296,
            "BoundingBox3D Orientation Quat Y": 0.0124265178813166,
            "BoundingBox3D Orientation Quat Z": 0.9649346424844268,
            "ObjectType": "TRAFFIC_SIGN",
            "Occluded": {
                "F_MIDRANGECAM_C": 0.9816949367523192
            },
            "Truncated": 0,
            "ObjectMeta": {
                "SourceID": 72,
                "SubType": "us_yellow_ground_rectangle_unknown",
                "Text": "Chock and Shol Chun",
                "OcrVersion": 10006
            }
        },
        {
            "ActorName": "TRAFFIC_SIGN 73",
            "ObjectId": 73,
            "BoundingBox3D Origin X": 61.8768171693082,
            "BoundingBox3D Origin Y": -2.50462737865746,
            "BoundingBox3D Origin Z": 2.242389881052077,
            "BoundingBox3D Extent X": 0.1,
            "BoundingBox3D Extent Y": 0.3362411013069622,
            "BoundingBox3D Extent Z": 0.4807453413399092,
            "BoundingBox3D Orientation Quat W": 0.1385210005624317,
            "BoundingBox3D Orientation Quat X": 0.0036062787054206,
            "BoundingBox3D Orientation Quat Y": 0.0120690895428516,
            "BoundingBox3D Orientation Quat Z": 0.9902793869583918,
            "ObjectType": "TRAFFIC_SIGN",
            "Occluded": {
                "F_MIDRANGECAM_C": 0.9799994230270386
            },
            "Truncated": 0,
            "ObjectMeta": {
                "SourceID": 73,
                "SubType": "us_white_ground_rectangle_unknown",
                "Text": "",
                "OcrVersion": 10006
            }
        },
        {
            "ActorName": "TRAFFIC_SIGN 74",
            "ObjectId": 74,
            "BoundingBox3D Origin X": 104.80218509133556,
            "BoundingBox3D Origin Y": -0.7854965387668926,
            "BoundingBox3D Origin Z": 3.117702931165695,
            "BoundingBox3D Extent X": 0.1,
            "BoundingBox3D Extent Y": 1.0443760949039496,
            "BoundingBox3D Extent Z": 0.9445654290099652,
            "BoundingBox3D Orientation Quat W": 0.0471915106313537,
            "BoundingBox3D Orientation Quat X": 0.0046984455041633,
            "BoundingBox3D Orientation Quat Y": 0.0116885013757549,
            "BoundingBox3D Orientation Quat Z": 0.9988064201184153,
            "ObjectType": "TRAFFIC_SIGN",
            "Occluded": {
                "F_MIDRANGECAM_C": 0.9855669736862184
            },
            "Truncated": 0,
            "ObjectMeta": {
                "SourceID": 74,
                "SubType": "us_white_ground_rectangle_unknown",
                "Text": "Ho",
                "OcrVersion": 10006
            }
        },
        {
            "ActorName": "TRAFFIC_SIGN 75",
            "ObjectId": 75,
            "BoundingBox3D Origin X": 93.7498658222612,
            "BoundingBox3D Origin Y": 16.450099354813574,
            "BoundingBox3D Origin Z": -0.0606068763881921,
            "BoundingBox3D Extent X": 0.1,
            "BoundingBox3D Extent Y": 0.9246897276089624,
            "BoundingBox3D Extent Z": 0.4851001072257914,
            "BoundingBox3D Orientation Quat W": -0.33201378211473,
            "BoundingBox3D Orientation Quat X": 0.0087500684396077,
            "BoundingBox3D Orientation Quat Y": 0.0090636068357299,
            "BoundingBox3D Orientation Quat Z": 0.9431904027391832,
            "ObjectType": "TRAFFIC_SIGN",
            "Occluded": {
                "F_MIDRANGECAM_C": 0.995715081691742
            },
            "Truncated": 0,
            "ObjectMeta": {
                "SourceID": 75,
                "SubType": "us_white_ground_rectangle_unknown",
                "Text": "",
                "OcrVersion": 10006
            }
        },
        {
            "ActorName": "TRAFFIC_SIGN 76",
            "ObjectId": 76,
            "BoundingBox3D Origin X": 104.74786963086808,
            "BoundingBox3D Origin Y": -0.8031574462656863,
            "BoundingBox3D Origin Z": 2.428567861206829,
            "BoundingBox3D Extent X": 0.1,
            "BoundingBox3D Extent Y": 0.6871968100218089,
            "BoundingBox3D Extent Z": 0.273953078968039,
            "BoundingBox3D Orientation Quat W": 0.1409214098592014,
            "BoundingBox3D Orientation Quat X": 0.0035804105191355,
            "BoundingBox3D Orientation Quat Y": 0.0120783822718868,
            "BoundingBox3D Orientation Quat Z": 0.9899406293235482,
            "ObjectType": "TRAFFIC_SIGN",
            "Occluded": {
                "F_MIDRANGECAM_C": 0.9505964517593384
            },
            "Truncated": 0,
            "ObjectMeta": {
                "SourceID": 76,
                "SubType": "us_white_ground_rectangle_unknown",
                "Text": "",
                "OcrVersion": 10006
            }
        },
        {
            "ActorName": "TRAFFIC_SIGN 77",
            "ObjectId": 77,
            "BoundingBox3D Origin X": 104.2300544003665,
            "BoundingBox3D Origin Y": -0.8210871607006993,
            "BoundingBox3D Origin Z": 2.0851814141497016,
            "BoundingBox3D Extent X": 0.0999999999999999,
            "BoundingBox3D Extent Y": 0.60407060371918,
            "BoundingBox3D Extent Z": 0.2037042366830296,
            "BoundingBox3D Orientation Quat W": 0.1802767324935451,