{
    "CapturedObjects": [
        {
            "ActorName": "TRAFFIC_SIGN 71",
            "ObjectId": 71,
            "BoundingBox3D Origin X": 16.418787222406536,
            "BoundingBox3D Origin Y": -6.8841674804425566,
            "BoundingBox3D Origin Z": 1.2608645986765623,
            "BoundingBox3D Extent X": 0.1,
            "BoundingBox3D Extent Y": 0.4031856189935762,
            "BoundingBox3D Extent Z": 0.4997455218914134,
            "BoundingBox3D Orientation Quat W": 0.1110939561208256,
            "BoundingBox3D Orientation Quat X": 0.0028258425282504,
            "BoundingBox3D Orientation Quat Y": 0.0085522852542843,
            "BoundingBox3D Orientation Quat Z": 0.9937690908578104,
            "ObjectType": "TRAFFIC_SIGN",
            "Occluded": {
                "F_MIDRANGECAM_C": 3.049143924727105e-05
            },
            "Truncated": 0,
            "ObjectMeta": {
                "SourceID": 71,
                "SubType": "unknown",
                "Text": "",
                "OcrVersion": 10006
            }
        },
        {
            "ActorName": "TRAFFIC_SIGN 72",
            "ObjectId": 72,
            "BoundingBox3D Origin X": 18.33265356445918,
            "BoundingBox3D Origin Y": -7.421704309104825,
            "BoundingBox3D Origin Z": 1.798088573850691,
            "BoundingBox3D Extent X": 0.1,
            "BoundingBox3D Extent Y": 0.9388444663395614,
            "BoundingBox3D Extent Z": 0.3092811740232059,
            "BoundingBox3D Orientation Quat W": 0.2830151480547183,
            "BoundingBox3D Orientation Quat X": 0.0012881421714872,
            "BoundingBox3D Orientation Quat Y": 0.0089143374560002,
            "BoundingBox3D Orientation Quat Z": 0.9590731469752616,
            "ObjectType": "TRAFFIC_SIGN",
            "Occluded": {
                "F_MIDRANGECAM_C": 5.646230647471384e-07
            },
            "Truncated": 0,
            "ObjectMeta": {
                "SourceID": 72,
                "SubType": "us_yellow_ground_rectangle_unknown",
                "Text": "Chock and Shol Chun",
                "OcrVersion": 10006
            }
        },
        {
            "ActorName": "TRAFFIC_SIGN 73",
            "ObjectId": 73,
            "BoundingBox3D Origin X": 30.92087688508036,
            "BoundingBox3D Origin Y": -5.172768189324415,
            "BoundingBox3D Origin Z": 2.6972222104668617,
            "BoundingBox3D Extent X": 0.1,
            "BoundingBox3D Extent Y": 0.3362411013069622,
            "BoundingBox3D Extent Z": 0.4807453413399092,
            "BoundingBox3D Orientation Quat W": 0.1599212564892882,
            "BoundingBox3D Orientation Quat X": 0.0024021891121463,
            "BoundingBox3D Orientation Quat Y": 0.008681383937233,
            "BoundingBox3D Orientation Quat Z": 0.987088676251172,
            "ObjectType": "TRAFFIC_SIGN",
            "Occluded": {
                "F_MIDRANGECAM_C": 0.0005448109004646
            },
            "Truncated": 0,
            "ObjectMeta": {
                "SourceID": 73,
                "SubType": "us_white_ground_rectangle_unknown",
                "Text": "",
                "OcrVersion": 10006
            }
        },
        {
            "ActorName": "TRAFFIC_SIGN 74",
            "ObjectId": 74,
            "BoundingBox3D Origin X": 73.87674958066054,
            "BoundingBox3D Origin Y": -5.317780662080622,
            "BoundingBox3D Origin Z": 3.741405743174255,
            "BoundingBox3D Extent X": 0.1,
            "BoundingBox3D Extent Y": 1.0443760949039496,
            "BoundingBox3D Extent Z": 0.9445654290099652,
            "BoundingBox3D Orientation Quat W": 0.0687943333194889,
            "BoundingBox3D Orientation Quat X": 0.0031889140065758,
            "BoundingBox3D Orientation Quat Y": 0.0084251847092423,
            "BoundingBox3D Orientation Quat Z": 0.9975901898040104,
            "ObjectType": "TRAFFIC_SIGN",
            "Occluded": {
                "F_MIDRANGECAM_C": 0.0066919378004968
            },
            "Truncated": 0,
            "ObjectMeta": {
                "SourceID": 74,
                "SubType": "us_white_ground_rectangle_unknown",
                "Text": "Ho",
                "OcrVersion": 10006
            }
        },
        {
            "ActorName": "TRAFFIC_SIGN 75",
            "ObjectId": 75,
            "BoundingBox3D Origin X": 63.5926057304896,
            "BoundingBox3D Origin Y": 12.398841715519666,
            "BoundingBox3D Origin Z": 0.6297763446345925,
            "BoundingBox3D Extent X": 0.1,
            "BoundingBox3D Extent Y": 0.9246897276089624,
            "BoundingBox3D Extent Z": 0.4851001072257914,
            "BoundingBox3D Orientation Quat W": -0.3115407743644563,
            "BoundingBox3D Orientation Quat X": 0.0061239370734268,
            "BoundingBox3D Orientation Quat Y": 0.0066071428964614,
            "BoundingBox3D Orientation Quat Z": 0.9501900804396252,
            "ObjectType": "TRAFFIC_SIGN",
            "Occluded": {
                "F_MIDRANGECAM_C": 0.9963514804840088
            },
            "Truncated": 0,
            "ObjectMeta": {
                "SourceID": 75,
                "SubType": "us_white_ground_rectangle_unknown",
                "Text": "",
                "OcrVersion": 10006
            }
        },
        {
            "ActorName": "TRAFFIC_SIGN 76",
            "ObjectId": 76,
            "BoundingBox3D Origin X": 73.82444156135898,
            "BoundingBox3D Origin Y": -5.328897704152041,
            "BoundingBox3D Origin Z": 3.05198097974062,
            "BoundingBox3D Extent X": 0.1,
            "BoundingBox3D Extent Y": 0.6871968100218089,
            "BoundingBox3D Extent Z": 0.273953078968039,
            "BoundingBox3D Orientation Quat W": 0.1623138502657879,
            "BoundingBox3D Orientation Quat X": 0.0023845520491888,
            "BoundingBox3D Orientation Quat Y": 0.0086876982040884,
            "BoundingBox3D Orientation Quat Z": 0.9866980550418322,
            "ObjectType": "TRAFFIC_SIGN",
            "Occluded": {
                "F_MIDRANGECAM_C": 0.9952813982963562
            },
            "Truncated": 0,
            "ObjectMeta": {
                "SourceID": 76,
                "SubType": "us_white_ground_rectangle_unknown",
                "Text": "",
                "OcrVersion": 10006
            }
        },
        {
            "ActorName": "TRAFFIC_SIGN 77",
            "ObjectId": 77,
            "BoundingBox3D Origin X": 73.30769343152497,
            "BoundingBox3D Origin Y": -5.322325294706388,
            "BoundingBox3D Origin Z": 2.706584779545665,
            "BoundingBox3D Extent X": 0.0999999999999999,
            "BoundingBox3D Extent Y": 0.60407060371918,
            "BoundingBox3D Extent Z": 0.2037042366830296,
            "BoundingBox3D Orientation Quat W": 0.2015227597623977,
            "BoundingBox3D Orientation Quat X": 0.0020359417188881,
            "BoundingBox3D Orientation Quat Y": 0.0087758653886673,
            "BoundingBox3D Orientation Quat Z": 0.979442400769818,
            "ObjectType": "TRAFFIC_SIGN",
            "Occluded": {
                "F_MIDRANGECAM_C": 0.9981635212898254
            },
            "Truncated": 0,
            "ObjectMeta": {
                "SourceID": 77,
                "SubType": "us_white_ground_rectangle_unknown",
                "Text": "",
                "OcrVersion": 10006
            }
        },
        {
            "ActorName": "TRAFFIC_SIGN 78",
            "ObjectId": 78,
            "BoundingBox3D Origin X": 139.3267656953176,
            "BoundingBox3D Origin Y": -5.366028248608927,
            "BoundingBox3D Origin Z": 1.6576876835897565,
            "BoundingBox3D Extent X": 0.1,
            "BoundingBox3D Extent Y": 0.3832816087039713,
            "BoundingBox3D Extent Z": 0.4357120768838613,
            "BoundingBox3D Orientation Quat W": 0.1095650180032459,