{
    "CapturedObjects": [
        {
            "ActorName": "TRAFFIC_SIGN 71",
            "ObjectId": 71,
            "BoundingBox3D Origin X": 19.3654526886894,
            "BoundingBox3D Origin Y": -6.881513090193039,
            "BoundingBox3D Origin Z": 1.2570427525788546,
            "BoundingBox3D Extent X": 0.1,
            "BoundingBox3D Extent Y": 0.4031856189935762,
            "BoundingBox3D Extent Z": 0.4997455218914134,
            "BoundingBox3D Orientation Quat W": 0.1116089998026872,
            "BoundingBox3D Orientation Quat X": 0.0027346296872444,
            "BoundingBox3D Orientation Quat Y": 0.0098899069006562,
            "BoundingBox3D Orientation Quat Z": 0.993699221447322,
            "ObjectType": "TRAFFIC_SIGN",
            "Occluded": {
                "F_MIDRANGECAM_C": 3.608384986364399e-07
            },
            "Truncated": 0,
            "ObjectMeta": {
                "SourceID": 71,
                "SubType": "unknown",
                "Text": "",
                "OcrVersion": 10006
            }
        },
        {
            "ActorName": "TRAFFIC_SIGN 72",
            "ObjectId": 72,
            "BoundingBox3D Origin X": 21.27881081111991,
            "BoundingBox3D Origin Y": -7.419575906067621,
            "BoundingBox3D Origin Z": 1.795502906665206,
            "BoundingBox3D Extent X": 0.1,
            "BoundingBox3D Extent Y": 0.9388444663395614,
            "BoundingBox3D Extent Z": 0.3092811740232059,
            "BoundingBox3D Orientation Quat W": 0.283511873589085,
            "BoundingBox3D Orientation Quat X": 0.0009649561083586,
            "BoundingBox3D Orientation Quat Y": 0.0102151868038603,
            "BoundingBox3D Orientation Quat Z": 0.9589138315574962,
            "ObjectType": "TRAFFIC_SIGN",
            "Occluded": {
                "F_MIDRANGECAM_C": 3.426348848734051e-05
            },
            "Truncated": 0,
            "ObjectMeta": {
                "SourceID": 72,
                "SubType": "us_yellow_ground_rectangle_unknown",
                "Text": "Chock and Shol Chun",
                "OcrVersion": 10006
            }
        },
        {
            "ActorName": "TRAFFIC_SIGN 73",
            "ObjectId": 73,
            "BoundingBox3D Origin X": 33.869394742156146,
            "BoundingBox3D Origin Y": -5.181170112715336,
            "BoundingBox3D Origin Z": 2.6872788332402706,
            "BoundingBox3D Extent X": 0.1,
            "BoundingBox3D Extent Y": 0.3362411013069622,
            "BoundingBox3D Extent Z": 0.4807453413399092,
            "BoundingBox3D Orientation Quat W": 0.1604327592353909,
            "BoundingBox3D Orientation Quat X": 0.0022452872411243,
            "BoundingBox3D Orientation Quat Y": 0.0100128257693701,
            "BoundingBox3D Orientation Quat Z": 0.986993430459107,
            "ObjectType": "TRAFFIC_SIGN",
            "Occluded": {
                "F_MIDRANGECAM_C": 0.00214460096322
            },
            "Truncated": 0,
            "ObjectMeta": {
                "SourceID": 73,
                "SubType": "us_white_ground_rectangle_unknown",
                "Text": "",
                "OcrVersion": 10006
            }
        },
        {
            "ActorName": "TRAFFIC_SIGN 74",
            "ObjectId": 74,
            "BoundingBox3D Origin X": 76.82501011607383,
            "BoundingBox3D Origin Y": -5.367543257496436,
            "BoundingBox3D Origin Z": 3.7272995160892606,
            "BoundingBox3D Extent X": 0.1,
            "BoundingBox3D Extent Y": 1.0443760949039496,
            "BoundingBox3D Extent Z": 0.9445654290099652,
            "BoundingBox3D Orientation Quat W": 0.0693114480343537,
            "BoundingBox3D Orientation Quat X": 0.0031544903282427,
            "BoundingBox3D Orientation Quat Y": 0.0097655149926738,
            "BoundingBox3D Orientation Quat Z": 0.997542283353983,
            "ObjectType": "TRAFFIC_SIGN",
            "Occluded": {
                "F_MIDRANGECAM_C": 0.4999114573001861
            },
            "Truncated": 0,
            "ObjectMeta": {
                "SourceID": 74,
                "SubType": "us_white_ground_rectangle_unknown",
                "Text": "Ho",
                "OcrVersion": 10006
            }
        },
        {
            "ActorName": "TRAFFIC_SIGN 75",
            "ObjectId": 75,
            "BoundingBox3D Origin X": 66.5589222419876,
            "BoundingBox3D Origin Y": 12.35129578235501,
            "BoundingBox3D Origin Z": 0.5693147405982018,
            "BoundingBox3D Extent X": 0.1,
            "BoundingBox3D Extent Y": 0.9246897276089624,
            "BoundingBox3D Extent Z": 0.4851001072257914,
            "BoundingBox3D Orientation Quat W": -0.3110448649570838,
            "BoundingBox3D Orientation Quat X": 0.0065953822802255,
            "BoundingBox3D Orientation Quat Y": 0.0078619178309488,
            "BoundingBox3D Orientation Quat Z": 0.9503398250964896,
            "ObjectType": "TRAFFIC_SIGN",
            "Occluded": {
                "F_MIDRANGECAM_C": 0.9995322227478028
            },
            "Truncated": 0,
            "ObjectMeta": {
                "SourceID": 75,
                "SubType": "us_white_ground_rectangle_unknown",
                "Text": "",
                "OcrVersion": 10006
            }
        },
        {
            "ActorName": "TRAFFIC_SIGN 76",
            "ObjectId": 76,
            "BoundingBox3D Origin X": 76.7726164109481,
            "BoundingBox3D Origin Y": -5.3804562795266975,
            "BoundingBox3D Origin Z": 3.0379110304638743,
            "BoundingBox3D Extent X": 0.1,
            "BoundingBox3D Extent Y": 0.6871968100218089,
            "BoundingBox3D Extent Z": 0.273953078968039,
            "BoundingBox3D Orientation Quat W": 0.1628251513826597,
            "BoundingBox3D Orientation Quat X": 0.0022244277675651,
            "BoundingBox3D Orientation Quat Y": 0.0100187504413089,
            "BoundingBox3D Orientation Quat Z": 0.986601564279074,
            "ObjectType": "TRAFFIC_SIGN",
            "Occluded": {
                "F_MIDRANGECAM_C": 0.7951966524124146
            },
            "Truncated": 0,
            "ObjectMeta": {
                "SourceID": 76,
                "SubType": "us_white_ground_rectangle_unknown",
                "Text": "",
                "OcrVersion": 10006
            }
        },
        {
            "ActorName": "TRAFFIC_SIGN 77",
            "ObjectId": 77,
            "BoundingBox3D Origin X": 76.25584043355047,
            "BoundingBox3D Origin Y": -5.374279327385011,
            "BoundingBox3D Origin Z": 2.6925524435937405,
            "BoundingBox3D Extent X": 0.0999999999999999,
            "BoundingBox3D Extent Y": 0.60407060371918,
            "BoundingBox3D Extent Z": 0.2037042366830296,
            "BoundingBox3D Orientation Quat W": 0.2020302363378928,
            "BoundingBox3D Orientation Quat X": 0.0018229535393252,
            "BoundingBox3D Orientation Quat Y": 0.0100994140499953,
            "BoundingBox3D Orientation Quat Z": 0.9793255139541172,
            "ObjectType": "TRAFFIC_SIGN",
            "Occluded": {
                "F_MIDRANGECAM_C": 0.9970439076423644
            },
            "Truncated": 0,
            "ObjectMeta": {
                "SourceID": 77,
                "SubType": "us_white_ground_rectangle_unknown",
                "Text": "",
                "OcrVersion": 10006
            }
        },
        {
            "ActorName": "TRAFFIC_SIGN 78",
            "ObjectId": 78,
            "BoundingBox3D Origin X": 142.2744161280425,
            "BoundingBox3D Origin Y": -5.488669794372981,
            "BoundingBox3D Origin Z": 1.6367813078686595,
            "BoundingBox3D Extent X": 0.1,
            "BoundingBox3D Extent Y": 0.3832816087039713,
            "BoundingBox3D Extent Z": 0.4357120768838613,
            "BoundingBox3D Orientation Quat W": 0.1100801646050987,