{
    "CapturedObjects": [
        {
            "ActorName": "TRAFFIC_SIGN 71",
            "ObjectId": 71,
            "BoundingBox3D Origin X": 11.195154979235667,
            "BoundingBox3D Origin Y": -6.900611615332309,
            "BoundingBox3D Origin Z": 1.2910408852621913,
            "BoundingBox3D Extent X": 0.1,
            "BoundingBox3D Extent Y": 0.4031856189935762,
            "BoundingBox3D Extent Z": 0.4997455218914134,
            "BoundingBox3D Orientation Quat W": 0.1104094345882998,
            "BoundingBox3D Orientation Quat X": 0.0024289569834228,
            "BoundingBox3D Orientation Quat Y": 0.0071163352098143,
            "BoundingBox3D Orientation Quat Z": 0.993857743691242,
            "ObjectType": "TRAFFIC_SIGN",
            "Occluded": {
                "F_MIDRANGECAM_C": 4.526874363364186e-06
            },
            "Truncated": 0,
            "ObjectMeta": {
                "SourceID": 71,
                "SubType": "unknown",
                "Text": "",
                "OcrVersion": 10006
            }
        },
        {
            "ActorName": "TRAFFIC_SIGN 72",
            "ObjectId": 72,
            "BoundingBox3D Origin X": 13.109160109539516,
            "BoundingBox3D Origin Y": -7.43699672530056,
            "BoundingBox3D Origin Z": 1.8288716431707144,
            "BoundingBox3D Extent X": 0.1,
            "BoundingBox3D Extent Y": 0.9388444663395614,
            "BoundingBox3D Extent Z": 0.3092811740232059,
            "BoundingBox3D Orientation Quat W": 0.2823583086071898,
            "BoundingBox3D Orientation Quat X": 0.0011481804652513,
            "BoundingBox3D Orientation Quat Y": 0.0074307188099549,
            "BoundingBox3D Orientation Quat Z": 0.9592795482340238,
            "ObjectType": "TRAFFIC_SIGN",
            "Occluded": {
                "F_MIDRANGECAM_C": 0.0003254007606301
            },
            "Truncated": 0,
            "ObjectMeta": {
                "SourceID": 72,
                "SubType": "us_yellow_ground_rectangle_unknown",
                "Text": "Chock and Shol Chun",
                "OcrVersion": 10006
            }
        },
        {
            "ActorName": "TRAFFIC_SIGN 73",
            "ObjectId": 73,
            "BoundingBox3D Origin X": 25.693235605016525,
            "BoundingBox3D Origin Y": -5.17319681472145,
            "BoundingBox3D Origin Z": 2.7480374881997705,
            "BoundingBox3D Extent X": 0.1,
            "BoundingBox3D Extent Y": 0.3362411013069622,
            "BoundingBox3D Extent Z": 0.4807453413399092,
            "BoundingBox3D Orientation Quat W": 0.1592423986960601,
            "BoundingBox3D Orientation Quat X": 0.0020765293449579,
            "BoundingBox3D Orientation Quat Y": 0.0072275057225392,
            "BoundingBox3D Orientation Quat Z": 0.9872108739496518,
            "ObjectType": "TRAFFIC_SIGN",
            "Occluded": {
                "F_MIDRANGECAM_C": 0.0001504462707089
            },
            "Truncated": 0,
            "ObjectMeta": {
                "SourceID": 73,
                "SubType": "us_white_ground_rectangle_unknown",
                "Text": "",
                "OcrVersion": 10006
            }
        },
        {
            "ActorName": "TRAFFIC_SIGN 74",
            "ObjectId": 74,
            "BoundingBox3D Origin X": 68.64792282307462,
            "BoundingBox3D Origin Y": -5.261861731501995,
            "BoundingBox3D Origin Z": 3.838912949897349,
            "BoundingBox3D Extent X": 0.1,
            "BoundingBox3D Extent Y": 1.0443760949039496,
            "BoundingBox3D Extent Z": 0.9445654290099652,
            "BoundingBox3D Orientation Quat W": 0.0681062869629468,
            "BoundingBox3D Orientation Quat X": 0.0027314036744544,
            "BoundingBox3D Orientation Quat Y": 0.0070074866900973,
            "BoundingBox3D Orientation Quat Z": 0.9976497222173604,
            "ObjectType": "TRAFFIC_SIGN",
            "Occluded": {
                "F_MIDRANGECAM_C": 2.5292771169915795e-05
            },
            "Truncated": 0,
            "ObjectMeta": {
                "SourceID": 74,
                "SubType": "us_white_ground_rectangle_unknown",
                "Text": "Ho",
                "OcrVersion": 10006
            }
        },
        {
            "ActorName": "TRAFFIC_SIGN 75",
            "ObjectId": 75,
            "BoundingBox3D Origin X": 58.34289803841966,
            "BoundingBox3D Origin Y": 12.44916268470115,
            "BoundingBox3D Origin Z": 0.7651222394779325,
            "BoundingBox3D Extent X": 0.1,
            "BoundingBox3D Extent Y": 0.9246897276089624,
            "BoundingBox3D Extent Z": 0.4851001072257914,
            "BoundingBox3D Orientation Quat W": -0.3122013768528388,
            "BoundingBox3D Orientation Quat X": 0.0051662691609298,
            "BoundingBox3D Orientation Quat Y": 0.0054664101069469,
            "BoundingBox3D Orientation Quat Z": 0.9499861726965776,
            "ObjectType": "TRAFFIC_SIGN",
            "Occluded": {
                "F_MIDRANGECAM_C": 0.9988079071044922
            },
            "Truncated": 0,
            "ObjectMeta": {
                "SourceID": 75,
                "SubType": "us_white_ground_rectangle_unknown",
                "Text": "",
                "OcrVersion": 10006
            }
        },
        {
            "ActorName": "TRAFFIC_SIGN 76",
            "ObjectId": 76,
            "BoundingBox3D Origin X": 68.5963867838218,
            "BoundingBox3D Origin Y": -5.271140167169506,
            "BoundingBox3D Origin Z": 3.1494022477418184,
            "BoundingBox3D Extent X": 0.1,
            "BoundingBox3D Extent Y": 0.6871968100218089,
            "BoundingBox3D Extent Z": 0.273953078968039,
            "BoundingBox3D Orientation Quat W": 0.1616353098824429,
            "BoundingBox3D Orientation Quat X": 0.0020624168156498,
            "BoundingBox3D Orientation Quat Y": 0.0072330313076603,
            "BoundingBox3D Orientation Quat Z": 0.986821896947057,
            "ObjectType": "TRAFFIC_SIGN",
            "Occluded": {
                "F_MIDRANGECAM_C": 0.9971461892127992
            },
            "Truncated": 0,
            "ObjectMeta": {
                "SourceID": 76,
                "SubType": "us_white_ground_rectangle_unknown",
                "Text": "",
                "OcrVersion": 10006
            }
        },
        {
            "ActorName": "TRAFFIC_SIGN 77",
            "ObjectId": 77,
            "BoundingBox3D Origin X": 68.08001145114395,
            "BoundingBox3D Origin Y": -5.2643231715483125,
            "BoundingBox3D Origin Z": 2.803458812646568,
            "BoundingBox3D Extent X": 0.0999999999999999,
            "BoundingBox3D Extent Y": 0.60407060371918,
            "BoundingBox3D Extent Z": 0.2037042366830296,
            "BoundingBox3D Orientation Quat W": 0.2008500875813216,
            "BoundingBox3D Orientation Quat X": 0.0017720400745586,
            "BoundingBox3D Orientation Quat Y": 0.0073094167998236,
            "BoundingBox3D Orientation Quat Z": 0.9795931168697524,
            "ObjectType": "TRAFFIC_SIGN",
            "Occluded": {
                "F_MIDRANGECAM_C": 0.998456597328186
            },
            "Truncated": 0,
            "ObjectMeta": {
                "SourceID": 77,
                "SubType": "us_white_ground_rectangle_unknown",
                "Text": "",
                "OcrVersion": 10006
            }
        },
        {
            "ActorName": "TRAFFIC_SIGN 78",
            "ObjectId": 78,
            "BoundingBox3D Origin X": 134.09992701513693,
            "BoundingBox3D Origin Y": -5.214071032823995,
            "BoundingBox3D Origin Z": 1.82682790607214,
            "BoundingBox3D Extent X": 0.1,
            "BoundingBox3D Extent Y": 0.3832816087039713,
            "BoundingBox3D Extent Z": 0.4357120768838613,
            "BoundingBox3D Orientation Quat W": 0.1088803348111264,