{
    "CapturedObjects": [
        {
            "ActorName": "TRAFFIC_SIGN 70",
            "ObjectId": 70,
            "BoundingBox3D Origin X": 11.286341105602332,
            "BoundingBox3D Origin Y": -4.724137232755311,
            "BoundingBox3D Origin Z": 2.660810951143503,
            "BoundingBox3D Extent X": 0.1,
            "BoundingBox3D Extent Y": 0.3835351811205211,
            "BoundingBox3D Extent Z": 0.510645001842084,
            "BoundingBox3D Orientation Quat W": 0.0993460487479317,
            "BoundingBox3D Orientation Quat X": 0.0023009374142005,
            "BoundingBox3D Orientation Quat Y": 0.0121227654784612,
            "BoundingBox3D Orientation Quat Z": 0.9949764353201256,
            "ObjectType": "TRAFFIC_SIGN",
            "Occluded": {
                "F_MIDRANGECAM_C": 0.0001451992575312
            },
            "Truncated": 0,
            "ObjectMeta": {
                "SourceID": 70,
                "SubType": "us_white_ground_rectangle_unknown",
                "Text": "",
                "OcrVersion": 10006
            }
        },
        {
            "ActorName": "TRAFFIC_SIGN 71",
            "ObjectId": 71,
            "BoundingBox3D Origin X": 38.06806980719557,
            "BoundingBox3D Origin Y": -6.445327710680431,
            "BoundingBox3D Origin Z": 1.1507627004757524,
            "BoundingBox3D Extent X": 0.1,
            "BoundingBox3D Extent Y": 0.4031856189935762,
            "BoundingBox3D Extent Z": 0.4997455218914134,
            "BoundingBox3D Orientation Quat W": 0.1076178892888308,
            "BoundingBox3D Orientation Quat X": 0.0022050875062378,
            "BoundingBox3D Orientation Quat Y": 0.0121412997799726,
            "BoundingBox3D Orientation Quat Z": 0.994115745943982,
            "ObjectType": "TRAFFIC_SIGN",
            "Occluded": {
                "F_MIDRANGECAM_C": 0.0001175329161924
            },
            "Truncated": 0,
            "ObjectMeta": {
                "SourceID": 71,
                "SubType": "unknown",
                "Text": "",
                "OcrVersion": 10006
            }
        },
        {
            "ActorName": "TRAFFIC_SIGN 72",
            "ObjectId": 72,
            "BoundingBox3D Origin X": 39.98543197158142,
            "BoundingBox3D Origin Y": -6.965511591086397,
            "BoundingBox3D Origin Z": 1.6925468752160668,
            "BoundingBox3D Extent X": 0.1,
            "BoundingBox3D Extent Y": 0.9388444663395614,
            "BoundingBox3D Extent Z": 0.3092811740232059,
            "BoundingBox3D Orientation Quat W": 0.2796541801468221,
            "BoundingBox3D Orientation Quat X": 4.929613763029624e-05,
            "BoundingBox3D Orientation Quat Y": 0.0123398486792191,
            "BoundingBox3D Orientation Quat Z": 0.960021492067169,
            "ObjectType": "TRAFFIC_SIGN",
            "Occluded": {
                "F_MIDRANGECAM_C": 0.0015131565742194
            },
            "Truncated": 0,
            "ObjectMeta": {
                "SourceID": 72,
                "SubType": "us_yellow_ground_rectangle_unknown",
                "Text": "Chock and Shol Chun",
                "OcrVersion": 10006
            }
        },
        {
            "ActorName": "TRAFFIC_SIGN 73",
            "ObjectId": 73,
            "BoundingBox3D Origin X": 52.55714475803688,
            "BoundingBox3D Origin Y": -4.621813513833331,
            "BoundingBox3D Origin Z": 2.5797775434330106,
            "BoundingBox3D Extent X": 0.1,
            "BoundingBox3D Extent Y": 0.3362411013069622,
            "BoundingBox3D Extent Z": 0.4807453413399092,
            "BoundingBox3D Orientation Quat W": 0.1564668196322924,
            "BoundingBox3D Orientation Quat X": 0.0016051909880615,
            "BoundingBox3D Orientation Quat Y": 0.0122354851039661,
            "BoundingBox3D Orientation Quat Z": 0.9876061211942332,
            "ObjectType": "TRAFFIC_SIGN",
            "Occluded": {
                "F_MIDRANGECAM_C": 0.5805047750473022
            },
            "Truncated": 0,
            "ObjectMeta": {
                "SourceID": 73,
                "SubType": "us_white_ground_rectangle_unknown",
                "Text": "",
                "OcrVersion": 10006
            }
        },
        {
            "ActorName": "TRAFFIC_SIGN 74",
            "ObjectId": 74,
            "BoundingBox3D Origin X": 95.51233443724776,
            "BoundingBox3D Origin Y": -4.457731252914527,
            "BoundingBox3D Origin Z": 3.640106541104615,
            "BoundingBox3D Extent X": 0.1,
            "BoundingBox3D Extent Y": 1.0443760949039496,
            "BoundingBox3D Extent Z": 0.9445654290099652,
            "BoundingBox3D Orientation Quat W": 0.0653064117227785,
            "BoundingBox3D Orientation Quat X": 0.0027212668936812,
            "BoundingBox3D Orientation Quat Y": 0.0120373210063575,
            "BoundingBox3D Orientation Quat Z": 0.9977889407070908,
            "ObjectType": "TRAFFIC_SIGN",
            "Occluded": {
                "F_MIDRANGECAM_C": 0.0663531273603439
            },
            "Truncated": 0,
            "ObjectMeta": {
                "SourceID": 74,
                "SubType": "us_white_ground_rectangle_unknown",
                "Text": "Ho",
                "OcrVersion": 10006
            }
        },
        {
            "ActorName": "TRAFFIC_SIGN 75",
            "ObjectId": 75,
            "BoundingBox3D Origin X": 85.10550163215521,
            "BoundingBox3D Origin Y": 13.163271190365776,
            "BoundingBox3D Origin Z": 0.3964228304103017,
            "BoundingBox3D Extent X": 0.1,
            "BoundingBox3D Extent Y": 0.9246897276089624,
            "BoundingBox3D Extent Z": 0.4851001072257914,
            "BoundingBox3D Orientation Quat W": -0.3148483946768484,
            "BoundingBox3D Orientation Quat X": 0.0070505732521116,
            "BoundingBox3D Orientation Quat Y": 0.0101303277200897,
            "BoundingBox3D Orientation Quat Z": 0.9490617230962968,
            "ObjectType": "TRAFFIC_SIGN",
            "Occluded": {
                "F_MIDRANGECAM_C": 0.9936919212341307
            },
            "Truncated": 0,
            "ObjectMeta": {
                "SourceID": 75,
                "SubType": "us_white_ground_rectangle_unknown",
                "Text": "",
                "OcrVersion": 10006
            }
        },
        {
            "ActorName": "TRAFFIC_SIGN 76",
            "ObjectId": 76,
            "BoundingBox3D Origin X": 95.46038464036974,
            "BoundingBox3D Origin Y": -4.474209299776703,
            "BoundingBox3D Origin Z": 2.9507598485797644,
            "BoundingBox3D Extent X": 0.1,
            "BoundingBox3D Extent Y": 0.6871968100218089,
            "BoundingBox3D Extent Z": 0.273953078968039,
            "BoundingBox3D Orientation Quat W": 0.1588607064428029,
            "BoundingBox3D Orientation Quat X": 0.0015789298582569,
            "BoundingBox3D Orientation Quat Y": 0.0122398707070154,
            "BoundingBox3D Orientation Quat Z": 0.9872238694916528,
            "ObjectType": "TRAFFIC_SIGN",
            "Occluded": {
                "F_MIDRANGECAM_C": 0.9635056853294371
            },
            "Truncated": 0,
            "ObjectMeta": {
                "SourceID": 76,
                "SubType": "us_white_ground_rectangle_unknown",
                "Text": "",
                "OcrVersion": 10006
            }
        },
        {
            "ActorName": "TRAFFIC_SIGN 77",
            "ObjectId": 77,
            "BoundingBox3D Origin X": 94.94374541487196,
            "BoundingBox3D Origin Y": -4.473766615963541,
            "BoundingBox3D Origin Z": 2.605142053216696,
            "BoundingBox3D Extent X": 0.0999999999999999,
            "BoundingBox3D Extent Y": 0.60407060371918,
            "BoundingBox3D Extent Z": 0.2037042366830296,
            "BoundingBox3D Orientation Quat W": 0.1980935790231474,