{
    "CapturedObjects": [
        {
            "ActorName": "TRAFFIC_SIGN 74",
            "ObjectId": 74,
            "BoundingBox3D Origin X": 9.254616714262738,
            "BoundingBox3D Origin Y": -5.0638140966621,
            "BoundingBox3D Origin Z": 4.247769915498793,
            "BoundingBox3D Extent X": 0.1,
            "BoundingBox3D Extent Y": 1.0443760949039496,
            "BoundingBox3D Extent Z": 0.9445654290099652,
            "BoundingBox3D Orientation Quat W": 0.0619835529594568,
            "BoundingBox3D Orientation Quat X": 0.0006863084323797,
            "BoundingBox3D Orientation Quat Y": 0.0041322112777532,
            "BoundingBox3D Orientation Quat Z": 0.9980683809104532,
            "ObjectType": "TRAFFIC_SIGN",
            "Occluded": {
                "F_MIDRANGECAM_C": 1.4563726836058777e-05
            },
            "Truncated": 0,
            "ObjectMeta": {
                "SourceID": 74,
                "SubType": "us_white_ground_rectangle_unknown",
                "Text": "Ho",
                "OcrVersion": 10006
            }
        },
        {
            "ActorName": "TRAFFIC_SIGN 76",
            "ObjectId": 76,
            "BoundingBox3D Origin X": 9.206199072310485,
            "BoundingBox3D Origin Y": -5.069914640473144,
            "BoundingBox3D Origin Z": 3.55799488350749,
            "BoundingBox3D Extent X": 0.1,
            "BoundingBox3D Extent Y": 0.6871968100218089,
            "BoundingBox3D Extent Z": 0.273953078968039,
            "BoundingBox3D Orientation Quat W": 0.1555784394101728,
            "BoundingBox3D Orientation Quat X": 0.0002967661605275,
            "BoundingBox3D Orientation Quat Y": 0.0041785377967247,
            "BoundingBox3D Orientation Quat Z": 0.9878146592060794,
            "ObjectType": "TRAFFIC_SIGN",
            "Occluded": {
                "F_MIDRANGECAM_C": 0.0003561796038411
            },
            "Truncated": 0,
            "ObjectMeta": {
                "SourceID": 76,
                "SubType": "us_white_ground_rectangle_unknown",
                "Text": "",
                "OcrVersion": 10006
            }
        },
        {
            "ActorName": "TRAFFIC_SIGN 77",
            "ObjectId": 77,
            "BoundingBox3D Origin X": 8.691287032024775,
            "BoundingBox3D Origin Y": -5.0675246387691,
            "BoundingBox3D Origin Z": 3.209810595959425,
            "BoundingBox3D Extent X": 0.0999999999999999,
            "BoundingBox3D Extent Y": 0.60407060371918,
            "BoundingBox3D Extent Z": 0.2037042366830296,
            "BoundingBox3D Orientation Quat W": 0.19483736173361,
            "BoundingBox3D Orientation Quat X": 0.0001295880711107,
            "BoundingBox3D Orientation Quat Y": 0.0041871129976649,
            "BoundingBox3D Orientation Quat Z": 0.9808266175855768,
            "ObjectType": "TRAFFIC_SIGN",
            "Occluded": {
                "F_MIDRANGECAM_C": 0.0046908943913877
            },
            "Truncated": 0,
            "ObjectMeta": {
                "SourceID": 77,
                "SubType": "us_white_ground_rectangle_unknown",
                "Text": "",
                "OcrVersion": 10006
            }
        },
        {
            "ActorName": "TRAFFIC_SIGN 78",
            "ObjectId": 78,
            "BoundingBox3D Origin X": 74.70947395905569,
            "BoundingBox3D Origin Y": -4.201590760385443,
            "BoundingBox3D Origin Z": 2.5256692338734865,
            "BoundingBox3D Extent X": 0.1,
            "BoundingBox3D Extent Y": 0.3832816087039713,
            "BoundingBox3D Extent Z": 0.4357120768838613,
            "BoundingBox3D Orientation Quat W": 0.1027795609653076,
            "BoundingBox3D Orientation Quat X": 0.0005233132347758,
            "BoundingBox3D Orientation Quat Y": 0.0041574570410608,
            "BoundingBox3D Orientation Quat Z": 0.9946953320198042,
            "ObjectType": "TRAFFIC_SIGN",
            "Occluded": {
                "F_MIDRANGECAM_C": 0.9987943172454834
            },
            "Truncated": 0,
            "ObjectMeta": {
                "SourceID": 78,
                "SubType": "unknown",
                "Text": "",
                "OcrVersion": 10006
            }
        },
        {
            "ActorName": "TRAFFIC_SIGN 79",
            "ObjectId": 79,
            "BoundingBox3D Origin X": 84.39529964145186,
            "BoundingBox3D Origin Y": 23.34899275812495,
            "BoundingBox3D Origin Z": 5.800331046804786,
            "BoundingBox3D Extent X": 0.1,
            "BoundingBox3D Extent Y": 1.7107504098693462,
            "BoundingBox3D Extent Z": 0.6034869053535241,
            "BoundingBox3D Orientation Quat W": -0.3147571814377324,
            "BoundingBox3D Orientation Quat X": 0.0021854947654439,
            "BoundingBox3D Orientation Quat Y": 0.0035770034820584,
            "BoundingBox3D Orientation Quat Z": 0.949162970933914,
            "ObjectType": "TRAFFIC_SIGN",
            "Occluded": {
                "F_MIDRANGECAM_C": 0.9420090913772584
            },
            "Truncated": 0,
            "ObjectMeta": {
                "SourceID": 79,
                "SubType": "unknown",
                "Text": "",
                "OcrVersion": 10006
            }
        },
        {
            "ActorName": "TRAFFIC_SIGN 80",
            "ObjectId": 80,
            "BoundingBox3D Origin X": 122.21305524717354,
            "BoundingBox3D Origin Y": 9.690165171246916,
            "BoundingBox3D Origin Z": 6.571712194010615,
            "BoundingBox3D Extent X": 0.0999999999999999,
            "BoundingBox3D Extent Y": 0.9914366721812164,
            "BoundingBox3D Extent Z": 1.020302161968541,
            "BoundingBox3D Orientation Quat W": -0.1161044685407322,
            "BoundingBox3D Orientation Quat X": 0.0014183557105124,
            "BoundingBox3D Orientation Quat Y": 0.0039442544291087,
            "BoundingBox3D Orientation Quat Z": 0.9932281628653868,
            "ObjectType": "TRAFFIC_SIGN",
            "Occluded": {
                "F_MIDRANGECAM_C": 0.9926969408988952
            },
            "Truncated": 0,
            "ObjectMeta": {
                "SourceID": 80,
                "SubType": "us_white_ground_rectangle_unknown",
                "Text": "Lt.",
                "OcrVersion": 10006
            }
        },
        {
            "ActorName": "TRAFFIC_SIGN 81",
            "ObjectId": 81,
            "BoundingBox3D Origin X": 123.4014430804018,
            "BoundingBox3D Origin Y": -4.401408944373543,
            "BoundingBox3D Origin Z": 4.912532418034971,
            "BoundingBox3D Extent X": 0.1,
            "BoundingBox3D Extent Y": 0.7463736033616835,
            "BoundingBox3D Extent Z": 0.983651782538956,
            "BoundingBox3D Orientation Quat W": 0.0688981430287974,
            "BoundingBox3D Orientation Quat X": 0.0006663808968308,
            "BoundingBox3D Orientation Quat Y": 0.0041375827835887,
            "BoundingBox3D Orientation Quat Z": 0.9976148967574574,
            "ObjectType": "TRAFFIC_SIGN",
            "Occluded": {
                "F_MIDRANGECAM_C": 0.9947761297225952
            },
            "Truncated": 0,
            "ObjectMeta": {
                "SourceID": 81,
                "SubType": "us_white_ground_rectangle_unknown",
                "Text": "A",
                "OcrVersion": 10006
            }
        },
        {
            "ActorName": "TRAFFIC_SIGN 82",
            "ObjectId": 82,
            "BoundingBox3D Origin X": 123.27797196967732,
            "BoundingBox3D Origin Y": -0.224016933250823,
            "BoundingBox3D Origin Z": 5.935284766368568,
            "BoundingBox3D Extent X": 0.1,
            "BoundingBox3D Extent Y": 2.213188412608715,
            "BoundingBox3D Extent Z": 0.5427212993728956,
            "BoundingBox3D Orientation Quat W": 0.0117402121222171,
            "BoundingBox3D Orientation Quat X": 0.0009024128525091,