{
    "CapturedObjects": [
        {
            "ActorName": "TRAFFIC_SIGN 74",
            "ObjectId": 74,
            "BoundingBox3D Origin X": 18.5017860912958,
            "BoundingBox3D Origin Y": -5.076656298799207,
            "BoundingBox3D Origin Z": 4.356142479926348,
            "BoundingBox3D Extent X": 0.1,
            "BoundingBox3D Extent Y": 1.0443760949039496,
            "BoundingBox3D Extent Z": 0.9445654290099652,
            "BoundingBox3D Orientation Quat W": 0.0642337836813643,
            "BoundingBox3D Orientation Quat X": -0.0023805580827211,
            "BoundingBox3D Orientation Quat Y": 0.001599354730204,
            "BoundingBox3D Orientation Quat Z": 0.9979307571378074,
            "ObjectType": "TRAFFIC_SIGN",
            "Occluded": {
                "F_MIDRANGECAM_C": 9.340259566670284e-06
            },
            "Truncated": 0,
            "ObjectMeta": {
                "SourceID": 74,
                "SubType": "us_white_ground_rectangle_unknown",
                "Text": "Ho",
                "OcrVersion": 10006
            }
        },
        {
            "ActorName": "TRAFFIC_SIGN 75",
            "ObjectId": 75,
            "BoundingBox3D Origin X": 8.09157959327058,
            "BoundingBox3D Origin Y": 12.584321107573489,
            "BoundingBox3D Origin Z": 1.3484939094632864,
            "BoundingBox3D Extent X": 0.1,
            "BoundingBox3D Extent Y": 0.9246897276089624,
            "BoundingBox3D Extent Z": 0.4851001072257914,
            "BoundingBox3D Orientation Quat W": -0.3158950383841412,
            "BoundingBox3D Orientation Quat X": -0.0016037266771593,
            "BoundingBox3D Orientation Quat Y": 0.0023788125112688,
            "BoundingBox3D Orientation Quat Z": 0.948789804981094,
            "ObjectType": "TRAFFIC_SIGN",
            "Occluded": {
                "F_CTCAM_L": 0.0
            },
            "Truncated": 0,
            "ObjectMeta": {
                "SourceID": 75,
                "SubType": "us_white_ground_rectangle_unknown",
                "Text": "",
                "OcrVersion": 10006
            }
        },
        {
            "ActorName": "TRAFFIC_SIGN 76",
            "ObjectId": 76,
            "BoundingBox3D Origin X": 18.457804120222136,
            "BoundingBox3D Origin Y": -5.079326790390041,
            "BoundingBox3D Origin Z": 3.666048507206142,
            "BoundingBox3D Extent X": 0.1,
            "BoundingBox3D Extent Y": 0.6871968100218089,
            "BoundingBox3D Extent Z": 0.273953078968039,
            "BoundingBox3D Orientation Quat W": 0.1578057021229257,
            "BoundingBox3D Orientation Quat X": -0.0025184876351649,
            "BoundingBox3D Orientation Quat Y": 0.0013681593181699,
            "BoundingBox3D Orientation Quat Z": 0.9874660225737396,
            "ObjectType": "TRAFFIC_SIGN",
            "Occluded": {
                "F_MIDRANGECAM_C": 0.0018581774784252
            },
            "Truncated": 0,
            "ObjectMeta": {
                "SourceID": 76,
                "SubType": "us_white_ground_rectangle_unknown",
                "Text": "",
                "OcrVersion": 10006
            }
        },
        {
            "ActorName": "TRAFFIC_SIGN 77",
            "ObjectId": 77,
            "BoundingBox3D Origin X": 17.94516920755632,
            "BoundingBox3D Origin Y": -5.072997427931114,
            "BoundingBox3D Origin Z": 3.3145702686160803,
            "BoundingBox3D Extent X": 0.0999999999999999,
            "BoundingBox3D Extent Y": 0.60407060371918,
            "BoundingBox3D Extent Z": 0.2037042366830296,
            "BoundingBox3D Orientation Quat W": 0.1970488750890562,
            "BoundingBox3D Orientation Quat X": -0.0025714938682207,
            "BoundingBox3D Orientation Quat Y": 0.0012666244573322,
            "BoundingBox3D Orientation Quat Z": 0.9803894756207387,
            "ObjectType": "TRAFFIC_SIGN",
            "Occluded": {
                "F_MIDRANGECAM_C": 0.1939139515161514
            },
            "Truncated": 0,
            "ObjectMeta": {
                "SourceID": 77,
                "SubType": "us_white_ground_rectangle_unknown",
                "Text": "",
                "OcrVersion": 10006
            }
        },
        {
            "ActorName": "TRAFFIC_SIGN 78",
            "ObjectId": 78,
            "BoundingBox3D Origin X": 83.96980924979653,
            "BoundingBox3D Origin Y": -4.501095153907954,
            "BoundingBox3D Origin Z": 3.059653419069946,
            "BoundingBox3D Extent X": 0.1,
            "BoundingBox3D Extent Y": 0.3832816087039713,
            "BoundingBox3D Extent Z": 0.4357120768838613,
            "BoundingBox3D Orientation Quat W": 0.1050222661058346,
            "BoundingBox3D Orientation Quat X": -0.0024374004984116,
            "BoundingBox3D Orientation Quat Y": 0.0015010537751765,
            "BoundingBox3D Orientation Quat Z": 0.9944657508121484,
            "ObjectType": "TRAFFIC_SIGN",
            "Occluded": {
                "F_MIDRANGECAM_C": 0.9984754920005798
            },
            "Truncated": 0,
            "ObjectMeta": {
                "SourceID": 78,
                "SubType": "unknown",
                "Text": "",
                "OcrVersion": 10006
            }
        },
        {
            "ActorName": "TRAFFIC_SIGN 79",
            "ObjectId": 79,
            "BoundingBox3D Origin X": 93.75722715974187,
            "BoundingBox3D Origin Y": 22.990198851832247,
            "BoundingBox3D Origin Z": 6.525612521916628,
            "BoundingBox3D Extent X": 0.1,
            "BoundingBox3D Extent Y": 1.7107504098693462,
            "BoundingBox3D Extent Z": 0.6034869053535241,
            "BoundingBox3D Orientation Quat W": -0.3126195253843777,
            "BoundingBox3D Orientation Quat X": -0.0016046322425585,
            "BoundingBox3D Orientation Quat Y": 0.0023721492837004,
            "BoundingBox3D Orientation Quat Z": 0.9498741129284392,
            "ObjectType": "TRAFFIC_SIGN",
            "Occluded": {
                "F_MIDRANGECAM_C": 0.9959946870803832
            },
            "Truncated": 0,
            "ObjectMeta": {
                "SourceID": 79,
                "SubType": "unknown",
                "Text": "",
                "OcrVersion": 10006
            }
        },
        {
            "ActorName": "TRAFFIC_SIGN 80",
            "ObjectId": 80,
            "BoundingBox3D Origin X": 131.50793830622206,
            "BoundingBox3D Origin Y": 9.157746128665169,
            "BoundingBox3D Origin Z": 7.476544382050633,
            "BoundingBox3D Extent X": 0.0999999999999999,
            "BoundingBox3D Extent Y": 0.9914366721812164,
            "BoundingBox3D Extent Z": 1.020302161968541,
            "BoundingBox3D Orientation Quat W": -0.1138660147283552,
            "BoundingBox3D Orientation Quat X": -0.0020490808729861,
            "BoundingBox3D Orientation Quat Y": 0.0019964218566262,
            "BoundingBox3D Orientation Quat Z": 0.9934919960710444,
            "ObjectType": "TRAFFIC_SIGN",
            "Occluded": {
                "F_MIDRANGECAM_C": 0.992521107196808
            },
            "Truncated": 0,
            "ObjectMeta": {
                "SourceID": 80,
                "SubType": "us_white_ground_rectangle_unknown",
                "Text": "Lt.",
                "OcrVersion": 10006
            }
        },
        {
            "ActorName": "TRAFFIC_SIGN 81",
            "ObjectId": 81,
            "BoundingBox3D Origin X": 132.64409076611264,
            "BoundingBox3D Origin Y": -4.93122845619655,
            "BoundingBox3D Origin Z": 5.759076179936528,
            "BoundingBox3D Extent X": 0.1,
            "BoundingBox3D Extent Y": 0.7463736033616835,
            "BoundingBox3D Extent Z": 0.983651782538956,
            "BoundingBox3D Orientation Quat W": 0.0711473517945592,
            "BoundingBox3D Orientation Quat X": -0.0023828719409914,