{
    "CapturedObjects": [
        {
            "ActorName": "TRAFFIC_SIGN 70",
            "ObjectId": 70,
            "BoundingBox3D Origin X": 17.01861100566748,
            "BoundingBox3D Origin Y": -4.391105572052766,
            "BoundingBox3D Origin Z": 2.5882755424827337,
            "BoundingBox3D Extent X": 0.1,
            "BoundingBox3D Extent Y": 0.3835351811205211,
            "BoundingBox3D Extent Z": 0.510645001842084,
            "BoundingBox3D Orientation Quat W": 0.0885483204310064,
            "BoundingBox3D Orientation Quat X": 0.003010534876087,
            "BoundingBox3D Orientation Quat Y": 0.0123519977552597,
            "BoundingBox3D Orientation Quat Z": 0.995990742818457,
            "ObjectType": "TRAFFIC_SIGN",
            "Occluded": {
                "F_MIDRANGECAM_C": 6.448397016356466e-06
            },
            "Truncated": 0,
            "ObjectMeta": {
                "SourceID": 70,
                "SubType": "us_white_ground_rectangle_unknown",
                "Text": "",
                "OcrVersion": 10006
            }
        },
        {
            "ActorName": "TRAFFIC_SIGN 71",
            "ObjectId": 71,
            "BoundingBox3D Origin X": 43.82879124856117,
            "BoundingBox3D Origin Y": -5.531899780035019,
            "BoundingBox3D Origin Z": 1.032504732720554,
            "BoundingBox3D Extent X": 0.1,
            "BoundingBox3D Extent Y": 0.4031856189935762,
            "BoundingBox3D Extent Z": 0.4997455218914134,
            "BoundingBox3D Orientation Quat W": 0.0968289922667286,
            "BoundingBox3D Orientation Quat X": 0.00291280270166,
            "BoundingBox3D Orientation Quat Y": 0.0123764255381808,
            "BoundingBox3D Orientation Quat Z": 0.9952198178934788,
            "ObjectType": "TRAFFIC_SIGN",
            "Occluded": {
                "F_MIDRANGECAM_C": 0.9770174026489258
            },
            "Truncated": 0,
            "ObjectMeta": {
                "SourceID": 71,
                "SubType": "unknown",
                "Text": "",
                "OcrVersion": 10006
            }
        },
        {
            "ActorName": "TRAFFIC_SIGN 72",
            "ObjectId": 72,
            "BoundingBox3D Origin X": 45.75790037659317,
            "BoundingBox3D Origin Y": -6.010270856961142,
            "BoundingBox3D Origin Z": 1.5710976934060454,
            "BoundingBox3D Extent X": 0.1,
            "BoundingBox3D Extent Y": 0.9388444663395614,
            "BoundingBox3D Extent Z": 0.3092811740232059,
            "BoundingBox3D Orientation Quat W": 0.2692247044450857,
            "BoundingBox3D Orientation Quat X": 0.0007057806559156,
            "BoundingBox3D Orientation Quat Y": 0.0126936958948459,
            "BoundingBox3D Orientation Quat Z": 0.9629934737445792,
            "ObjectType": "TRAFFIC_SIGN",
            "Occluded": {
                "F_MIDRANGECAM_C": 0.9947393536567688
            },
            "Truncated": 0,
            "ObjectMeta": {
                "SourceID": 72,
                "SubType": "us_yellow_ground_rectangle_unknown",
                "Text": "Chock and Shol Chun",
                "OcrVersion": 10006
            }
        },
        {
            "ActorName": "TRAFFIC_SIGN 73",
            "ObjectId": 73,
            "BoundingBox3D Origin X": 58.27740147157601,
            "BoundingBox3D Origin Y": -3.3944392096309457,
            "BoundingBox3D Origin Z": 2.436205645091832,
            "BoundingBox3D Extent X": 0.1,
            "BoundingBox3D Extent Y": 0.3362411013069622,
            "BoundingBox3D Extent Z": 0.4807453413399092,
            "BoundingBox3D Orientation Quat W": 0.1457455611245095,
            "BoundingBox3D Orientation Quat X": 0.002300715527098,
            "BoundingBox3D Orientation Quat Y": 0.0125048605989526,
            "BoundingBox3D Orientation Quat Z": 0.9892403987817956,
            "ObjectType": "TRAFFIC_SIGN",
            "Occluded": {
                "F_MIDRANGECAM_C": 0.999652862548828
            },
            "Truncated": 0,
            "ObjectMeta": {
                "SourceID": 73,
                "SubType": "us_white_ground_rectangle_unknown",
                "Text": "",
                "OcrVersion": 10006
            }
        },
        {
            "ActorName": "TRAFFIC_SIGN 74",
            "ObjectId": 74,
            "BoundingBox3D Origin X": 101.22079275536088,
            "BoundingBox3D Origin Y": -2.2992286608787253,
            "BoundingBox3D Origin Z": 3.422585629858077,
            "BoundingBox3D Extent X": 0.1,
            "BoundingBox3D Extent Y": 1.0443760949039496,
            "BoundingBox3D Extent Z": 0.9445654290099652,
            "BoundingBox3D Orientation Quat W": 0.054480264446089,
            "BoundingBox3D Orientation Quat X": 0.0034380736172104,
            "BoundingBox3D Orientation Quat Y": 0.012242485120028,
            "BoundingBox3D Orientation Quat Z": 0.9984338746225374,
            "ObjectType": "TRAFFIC_SIGN",
            "Occluded": {
                "F_MIDRANGECAM_C": 0.1222452819347381
            },
            "Truncated": 0,
            "ObjectMeta": {
                "SourceID": 74,
                "SubType": "us_white_ground_rectangle_unknown",
                "Text": "Ho",
                "OcrVersion": 10006
            }
        },
        {
            "ActorName": "TRAFFIC_SIGN 75",
            "ObjectId": 75,
            "BoundingBox3D Origin X": 90.42904873203952,
            "BoundingBox3D Origin Y": 15.09132951614447,
            "BoundingBox3D Origin Z": 0.1931331418454647,
            "BoundingBox3D Extent X": 0.1,
            "BoundingBox3D Extent Y": 0.9246897276089624,
            "BoundingBox3D Extent Z": 0.4851001072257914,
            "BoundingBox3D Orientation Quat W": -0.3251216468127266,
            "BoundingBox3D Orientation Quat X": 0.0077890442365504,
            "BoundingBox3D Orientation Quat Y": 0.0100518663210675,
            "BoundingBox3D Orientation Quat Z": 0.9455866991170748,
            "ObjectType": "TRAFFIC_SIGN",
            "Occluded": {
                "F_MIDRANGECAM_C": 0.9995742440223694
            },
            "Truncated": 0,
            "ObjectMeta": {
                "SourceID": 75,
                "SubType": "us_white_ground_rectangle_unknown",
                "Text": "",
                "OcrVersion": 10006
            }
        },
        {
            "ActorName": "TRAFFIC_SIGN 76",
            "ObjectId": 76,
            "BoundingBox3D Origin X": 101.16803615061508,
            "BoundingBox3D Origin Y": -2.3170082522556186,
            "BoundingBox3D Origin Z": 2.7333325436338782,
            "BoundingBox3D Extent X": 0.1,
            "BoundingBox3D Extent Y": 0.6871968100218089,
            "BoundingBox3D Extent Z": 0.273953078968039,
            "BoundingBox3D Orientation Quat W": 0.1481434490810371,
            "BoundingBox3D Orientation Quat X": 0.0022738041846893,
            "BoundingBox3D Orientation Quat Y": 0.012510950380683,
            "BoundingBox3D Orientation Quat Z": 0.988884130942284,
            "ObjectType": "TRAFFIC_SIGN",
            "Occluded": {
                "F_MIDRANGECAM_C": 0.9503965973854064
            },
            "Truncated": 0,
            "ObjectMeta": {
                "SourceID": 76,
                "SubType": "us_white_ground_rectangle_unknown",
                "Text": "",
                "OcrVersion": 10006
            }
        },
        {
            "ActorName": "TRAFFIC_SIGN 77",
            "ObjectId": 77,
            "BoundingBox3D Origin X": 100.65091861417022,
            "BoundingBox3D Origin Y": -2.327851872134488,
            "BoundingBox3D Origin Z": 2.3886040318757296,
            "BoundingBox3D Extent X": 0.0999999999999999,
            "BoundingBox3D Extent Y": 0.60407060371918,
            "BoundingBox3D Extent Z": 0.2037042366830296,
            "BoundingBox3D Orientation Quat W": 0.1874511631588299,