{
    "CapturedObjects": [
        {
            "ActorName": "TRAFFIC_SIGN 69",
            "ObjectId": 69,
            "BoundingBox3D Origin X": 4.241616050974699,
            "BoundingBox3D Origin Y": 4.947513077089752,
            "BoundingBox3D Origin Z": 7.177917834371328,
            "BoundingBox3D Extent X": 0.0999999999999999,
            "BoundingBox3D Extent Y": 0.4724228560842098,
            "BoundingBox3D Extent Z": 0.9712884613866511,
            "BoundingBox3D Orientation Quat W": 0.3121999518812804,
            "BoundingBox3D Orientation Quat X": -0.0104796739680271,
            "BoundingBox3D Orientation Quat Y": 0.0045178282355993,
            "BoundingBox3D Orientation Quat Z": -0.9499478699943928,
            "ObjectType": "TRAFFIC_SIGN",
            "Occluded": {
                "F_CTCAM_L": 0.0
            },
            "Truncated": 0,
            "ObjectMeta": {
                "SourceID": 69,
                "SubType": "us_white_ground_rectangle_unknown",
                "Text": "CROSSWAL STOP ON RED",
                "OcrVersion": 10006
            }
        },
        {
            "ActorName": "TRAFFIC_SIGN 70",
            "ObjectId": 70,
            "BoundingBox3D Origin X": 29.781311807018938,
            "BoundingBox3D Origin Y": -10.720017429597648,
            "BoundingBox3D Origin Z": 1.9123973594978447,
            "BoundingBox3D Extent X": 0.1,
            "BoundingBox3D Extent Y": 0.3835351811205211,
            "BoundingBox3D Extent Z": 0.510645001842084,
            "BoundingBox3D Orientation Quat W": 0.194970725243078,
            "BoundingBox3D Orientation Quat X": 0.0113466308924065,
            "BoundingBox3D Orientation Quat Y": 0.0012141181057471,
            "BoundingBox3D Orientation Quat Z": 0.9807426758241964,
            "ObjectType": "TRAFFIC_SIGN",
            "Occluded": {
                "F_MIDRANGECAM_C": 0.7836270928382874
            },
            "Truncated": 0,
            "ObjectMeta": {
                "SourceID": 70,
                "SubType": "us_white_ground_rectangle_unknown",
                "Text": "",
                "OcrVersion": 10006
            }
        },
        {
            "ActorName": "TRAFFIC_SIGN 71",
            "ObjectId": 71,
            "BoundingBox3D Origin X": 55.711281505355146,
            "BoundingBox3D Origin Y": -17.522862684152642,
            "BoundingBox3D Origin Z": -0.0545940529555082,
            "BoundingBox3D Extent X": 0.1,
            "BoundingBox3D Extent Y": 0.4031856189935762,
            "BoundingBox3D Extent Z": 0.4997455218914134,
            "BoundingBox3D Orientation Quat W": 0.203120795483255,
            "BoundingBox3D Orientation Quat X": 0.0113411780408375,
            "BoundingBox3D Orientation Quat Y": 0.0013077553789295,
            "BoundingBox3D Orientation Quat Z": 0.9790871309024362,
            "ObjectType": "TRAFFIC_SIGN",
            "Occluded": {
                "F_MIDRANGECAM_C": 0.913899838924408
            },
            "Truncated": 0,
            "ObjectMeta": {
                "SourceID": 71,
                "SubType": "unknown",
                "Text": "",
                "OcrVersion": 10006
            }
        },
        {
            "ActorName": "TRAFFIC_SIGN 72",
            "ObjectId": 72,
            "BoundingBox3D Origin X": 57.49855493643554,
            "BoundingBox3D Origin Y": -18.414875315273093,
            "BoundingBox3D Origin Z": 0.4457875490188598,
            "BoundingBox3D Extent X": 0.1,
            "BoundingBox3D Extent Y": 0.9388444663395614,
            "BoundingBox3D Extent Z": 0.3092811740232059,
            "BoundingBox3D Orientation Quat W": 0.3710622931645316,
            "BoundingBox3D Orientation Quat X": 0.0109381060898482,
            "BoundingBox3D Orientation Quat Y": 0.0032687553889829,
            "BoundingBox3D Orientation Quat Z": 0.928537800880962,
            "ObjectType": "TRAFFIC_SIGN",
            "Occluded": {
                "F_MIDRANGECAM_C": 0.6836977005004883
            },
            "Truncated": 0,
            "ObjectMeta": {
                "SourceID": 72,
                "SubType": "us_yellow_ground_rectangle_unknown",
                "Text": "Chock and Shol Chun",
                "OcrVersion": 10006
            }
        },
        {
            "ActorName": "TRAFFIC_SIGN 73",
            "ObjectId": 73,
            "BoundingBox3D Origin X": 70.29558433315833,
            "BoundingBox3D Origin Y": -18.55451090779934,
            "BoundingBox3D Origin Z": 1.185098685324192,
            "BoundingBox3D Extent X": 0.1,
            "BoundingBox3D Extent Y": 0.3362411013069622,
            "BoundingBox3D Extent Z": 0.4807453413399092,
            "BoundingBox3D Orientation Quat W": 0.2511131800804023,
            "BoundingBox3D Orientation Quat X": 0.0112641069354982,
            "BoundingBox3D Orientation Quat Y": 0.0018650057745869,
            "BoundingBox3D Orientation Quat Z": 0.9678903927812874,
            "ObjectType": "TRAFFIC_SIGN",
            "Occluded": {
                "F_MIDRANGECAM_C": 0.9998602867126464
            },
            "Truncated": 0,
            "ObjectMeta": {
                "SourceID": 73,
                "SubType": "us_white_ground_rectangle_unknown",
                "Text": "",
                "OcrVersion": 10006
            }
        },
        {
            "ActorName": "TRAFFIC_SIGN 74",
            "ObjectId": 74,
            "BoundingBox3D Origin X": 112.48741190158762,
            "BoundingBox3D Origin Y": -26.6796477849457,
            "BoundingBox3D Origin Z": 1.5736047914251683,
            "BoundingBox3D Extent X": 0.1,
            "BoundingBox3D Extent Y": 1.0443760949039496,
            "BoundingBox3D Extent Z": 0.9445654290099652,
            "BoundingBox3D Orientation Quat W": 0.1613614552441648,
            "BoundingBox3D Orientation Quat X": 0.0113889993614271,
            "BoundingBox3D Orientation Quat Y": 0.0008254366111273,
            "BoundingBox3D Orientation Quat Z": 0.9868293115374268,
            "ObjectType": "TRAFFIC_SIGN",
            "Occluded": {
                "F_MIDRANGECAM_C": 0.0312382020056247
            },
            "Truncated": 0,
            "ObjectMeta": {
                "SourceID": 74,
                "SubType": "us_white_ground_rectangle_unknown",
                "Text": "Ho",
                "OcrVersion": 10006
            }
        },
        {
            "ActorName": "TRAFFIC_SIGN 75",
            "ObjectId": 75,
            "BoundingBox3D Origin X": 105.63360019266838,
            "BoundingBox3D Origin Y": -7.313769025018701,
            "BoundingBox3D Origin Z": -1.1299903793260455,
            "BoundingBox3D Extent X": 0.1,
            "BoundingBox3D Extent Y": 0.9246897276089624,
            "BoundingBox3D Extent Z": 0.4851001072257914,
            "BoundingBox3D Orientation Quat W": 0.2217238497423824,
            "BoundingBox3D Orientation Quat X": -0.0108626238973702,
            "BoundingBox3D Orientation Quat Y": 0.0035184839738305,
            "BoundingBox3D Orientation Quat Z": -0.975042644261269,
            "ObjectType": "TRAFFIC_SIGN",
            "Occluded": {
                "F_MIDRANGECAM_C": 0.9931226372718812
            },
            "Truncated": 0,
            "ObjectMeta": {
                "SourceID": 75,
                "SubType": "us_white_ground_rectangle_unknown",
                "Text": "",
                "OcrVersion": 10006
            }
        },
        {
            "ActorName": "TRAFFIC_SIGN 76",
            "ObjectId": 76,
            "BoundingBox3D Origin X": 112.42546302673873,
            "BoundingBox3D Origin Y": -26.66933116630571,
            "BoundingBox3D Origin Z": 0.8849692391231656,
            "BoundingBox3D Extent X": 0.1,
            "BoundingBox3D Extent Y": 0.6871968100218089,
            "BoundingBox3D Extent Z": 0.273953078968039,
            "BoundingBox3D Orientation Quat W": 0.2534589438761481,