{
    "CapturedObjects": [
        {
            "ActorName": "TRAFFIC_SIGN 73",
            "ObjectId": 73,
            "BoundingBox3D Origin X": 6.117805181460426,
            "BoundingBox3D Origin Y": -5.122168140936992,
            "BoundingBox3D Origin Z": 2.9039512258023024,
            "BoundingBox3D Extent X": 0.1,
            "BoundingBox3D Extent Y": 0.3362411013069622,
            "BoundingBox3D Extent Z": 0.4807453413399092,
            "BoundingBox3D Orientation Quat W": 0.1530238428857123,
            "BoundingBox3D Orientation Quat X": 0.0002829398995832,
            "BoundingBox3D Orientation Quat Y": 0.0072312733656745,
            "BoundingBox3D Orientation Quat Z": 0.9881959988479074,
            "ObjectType": "TRAFFIC_SIGN",
            "Occluded": {
                "F_MIDRANGECAM_C": 0.1287006586790084
            },
            "Truncated": 0,
            "ObjectMeta": {
                "SourceID": 73,
                "SubType": "us_white_ground_rectangle_unknown",
                "Text": "",
                "OcrVersion": 10006
            }
        },
        {
            "ActorName": "TRAFFIC_SIGN 74",
            "ObjectId": 74,
            "BoundingBox3D Origin X": 49.06599751101385,
            "BoundingBox3D Origin Y": -4.668225656292634,
            "BoundingBox3D Origin Z": 4.143114665523171,
            "BoundingBox3D Extent X": 0.1,
            "BoundingBox3D Extent Y": 1.0443760949039496,
            "BoundingBox3D Extent Z": 0.9445654290099652,
            "BoundingBox3D Orientation Quat W": 0.0618235601943712,
            "BoundingBox3D Orientation Quat X": 0.0009458717312774,
            "BoundingBox3D Orientation Quat Y": 0.0071754590183509,
            "BoundingBox3D Orientation Quat Z": 0.9980608526134254,
            "ObjectType": "TRAFFIC_SIGN",
            "Occluded": {
                "F_MIDRANGECAM_C": 7.993287908902857e-06
            },
            "Truncated": 0,
            "ObjectMeta": {
                "SourceID": 74,
                "SubType": "us_white_ground_rectangle_unknown",
                "Text": "Ho",
                "OcrVersion": 10006
            }
        },
        {
            "ActorName": "TRAFFIC_SIGN 75",
            "ObjectId": 75,
            "BoundingBox3D Origin X": 38.54897679919304,
            "BoundingBox3D Origin Y": 12.909744218355629,
            "BoundingBox3D Origin Z": 1.0237680478021502,
            "BoundingBox3D Extent X": 0.1,
            "BoundingBox3D Extent Y": 0.9246897276089624,
            "BoundingBox3D Extent Z": 0.4851001072257914,
            "BoundingBox3D Orientation Quat W": -0.3181788636681248,
            "BoundingBox3D Orientation Quat X": 0.0035759404584124,
            "BoundingBox3D Orientation Quat Y": 0.0062936014625629,
            "BoundingBox3D Orientation Quat Z": 0.948003066421902,
            "ObjectType": "TRAFFIC_SIGN",
            "Occluded": {
                "F_MIDRANGECAM_C": 0.9477220177650452
            },
            "Truncated": 0,
            "ObjectMeta": {
                "SourceID": 75,
                "SubType": "us_white_ground_rectangle_unknown",
                "Text": "",
                "OcrVersion": 10006
            }
        },
        {
            "ActorName": "TRAFFIC_SIGN 76",
            "ObjectId": 76,
            "BoundingBox3D Origin X": 49.01696619760696,
            "BoundingBox3D Origin Y": -4.678509740188019,
            "BoundingBox3D Origin Z": 3.4534324649721384,
            "BoundingBox3D Extent X": 0.1,
            "BoundingBox3D Extent Y": 0.6871968100218089,
            "BoundingBox3D Extent Z": 0.273953078968039,
            "BoundingBox3D Orientation Quat W": 0.155419161708385,
            "BoundingBox3D Orientation Quat X": 0.000268816113346,
            "BoundingBox3D Orientation Quat Y": 0.0072324764711924,
            "BoundingBox3D Orientation Quat Z": 0.987822100985726,
            "ObjectType": "TRAFFIC_SIGN",
            "Occluded": {
                "F_MIDRANGECAM_C": 0.5875742435455322
            },
            "Truncated": 0,
            "ObjectMeta": {
                "SourceID": 76,
                "SubType": "us_white_ground_rectangle_unknown",
                "Text": "",
                "OcrVersion": 10006
            }
        },
        {
            "ActorName": "TRAFFIC_SIGN 77",
            "ObjectId": 77,
            "BoundingBox3D Origin X": 48.50174664060614,
            "BoundingBox3D Origin Y": -4.678387986772577,
            "BoundingBox3D Origin Z": 3.1057036947458982,
            "BoundingBox3D Extent X": 0.0999999999999999,
            "BoundingBox3D Extent Y": 0.60407060371918,
            "BoundingBox3D Extent Z": 0.2037042366830296,
            "BoundingBox3D Orientation Quat W": 0.1946787264186912,
            "BoundingBox3D Orientation Quat X": -2.0175909501620205e-05,
            "BoundingBox3D Orientation Quat Y": 0.0072374260911705,
            "BoundingBox3D Orientation Quat Z": 0.9808403604748858,
            "ObjectType": "TRAFFIC_SIGN",
            "Occluded": {
                "F_MIDRANGECAM_C": 0.9722685813903807
            },
            "Truncated": 0,
            "ObjectMeta": {
                "SourceID": 77,
                "SubType": "us_white_ground_rectangle_unknown",
                "Text": "",
                "OcrVersion": 10006
            }
        },
        {
            "ActorName": "TRAFFIC_SIGN 78",
            "ObjectId": 78,
            "BoundingBox3D Origin X": 114.51849542631317,
            "BoundingBox3D Origin Y": -3.7955516980728135,
            "BoundingBox3D Origin Z": 2.356885458342731,
            "BoundingBox3D Extent X": 0.1,
            "BoundingBox3D Extent Y": 0.3832816087039713,
            "BoundingBox3D Extent Z": 0.4357120768838613,
            "BoundingBox3D Orientation Quat W": 0.1026197518599132,
            "BoundingBox3D Orientation Quat X": 0.0006580515069744,
            "BoundingBox3D Orientation Quat Y": 0.00720867494616,
            "BoundingBox3D Orientation Quat Z": 0.994694319126205,
            "ObjectType": "TRAFFIC_SIGN",
            "Occluded": {
                "F_MIDRANGECAM_C": 0.9976488947868348
            },
            "Truncated": 0,
            "ObjectMeta": {
                "SourceID": 78,
                "SubType": "unknown",
                "Text": "",
                "OcrVersion": 10006
            }
        },
        {
            "ActorName": "TRAFFIC_SIGN 79",
            "ObjectId": 79,
            "BoundingBox3D Origin X": 124.19815544844823,
            "BoundingBox3D Origin Y": 23.777456918600365,
            "BoundingBox3D Origin Z": 5.456249981187284,
            "BoundingBox3D Extent X": 0.1,
            "BoundingBox3D Extent Y": 1.7107504098693462,
            "BoundingBox3D Extent Z": 0.6034869053535241,
            "BoundingBox3D Orientation Quat W": -0.3149060105799826,
            "BoundingBox3D Orientation Quat X": 0.0035614976197276,
            "BoundingBox3D Orientation Quat Y": 0.0063048070993262,
            "BoundingBox3D Orientation Quat Z": 0.949095237393353,
            "ObjectType": "TRAFFIC_SIGN",
            "Occluded": {
                "F_MIDRANGECAM_C": 0.9992423057556152
            },
            "Truncated": 0,
            "ObjectMeta": {
                "SourceID": 79,
                "SubType": "unknown",
                "Text": "",
                "OcrVersion": 10006
            }
        },
        {
            "ActorName": "TRAFFIC_SIGN 80",
            "ObjectId": 80,
            "BoundingBox3D Origin X": 162.02075564466577,
            "BoundingBox3D Origin Y": 10.13557325367583,
            "BoundingBox3D Origin Z": 6.276112877763808,
            "BoundingBox3D Extent X": 0.0999999999999999,
            "BoundingBox3D Extent Y": 0.9914366721812164,
            "BoundingBox3D Extent Z": 1.020302161968541,
            "BoundingBox3D Orientation Quat W": -0.1162622816505448,