{
    "CapturedObjects": [
        {
            "ActorName": "TRAFFIC_SIGN 78",
            "ObjectId": 78,
            "BoundingBox3D Origin X": 38.61597826101206,
            "BoundingBox3D Origin Y": -5.006229154959328,
            "BoundingBox3D Origin Z": 2.782343656755984,
            "BoundingBox3D Extent X": 0.1,
            "BoundingBox3D Extent Y": 0.3832816087039713,
            "BoundingBox3D Extent Z": 0.4357120768838613,
            "BoundingBox3D Orientation Quat W": 0.1073979059343646,
            "BoundingBox3D Orientation Quat X": -0.0018773793208958,
            "BoundingBox3D Orientation Quat Y": 0.0002142810441653,
            "BoundingBox3D Orientation Quat Z": 0.9942143226344268,
            "ObjectType": "TRAFFIC_SIGN",
            "Occluded": {
                "F_MIDRANGECAM_C": 0.515951931476593
            },
            "Truncated": 0,
            "ObjectMeta": {
                "SourceID": 78,
                "SubType": "unknown",
                "Text": "",
                "OcrVersion": 10006
            }
        },
        {
            "ActorName": "TRAFFIC_SIGN 79",
            "ObjectId": 79,
            "BoundingBox3D Origin X": 48.537586629376165,
            "BoundingBox3D Origin Y": 22.42842275501698,
            "BoundingBox3D Origin Z": 6.313891590572894,
            "BoundingBox3D Extent X": 0.1,
            "BoundingBox3D Extent Y": 1.7107504098693462,
            "BoundingBox3D Extent Z": 0.6034869053535241,
            "BoundingBox3D Orientation Quat W": -0.3103480189314602,
            "BoundingBox3D Orientation Quat X": -0.0016231404527395,
            "BoundingBox3D Orientation Quat Y": 0.0009704355876837,
            "BoundingBox3D Orientation Quat Z": 0.9506211289547268,
            "ObjectType": "TRAFFIC_SIGN",
            "Occluded": {
                "F_MIDRANGECAM_C": 0.8689321279525757
            },
            "Truncated": 0,
            "ObjectMeta": {
                "SourceID": 79,
                "SubType": "unknown",
                "Text": "",
                "OcrVersion": 10006
            }
        },
        {
            "ActorName": "TRAFFIC_SIGN 80",
            "ObjectId": 80,
            "BoundingBox3D Origin X": 86.222306503867,
            "BoundingBox3D Origin Y": 8.413567152248106,
            "BoundingBox3D Origin Z": 7.195708620361984,
            "BoundingBox3D Extent X": 0.0999999999999999,
            "BoundingBox3D Extent Y": 0.9914366721812164,
            "BoundingBox3D Extent Z": 1.020302161968541,
            "BoundingBox3D Orientation Quat W": -0.1114919670635718,
            "BoundingBox3D Orientation Quat X": -0.0017826695685541,
            "BoundingBox3D Orientation Quat Y": 0.0006195556533734,
            "BoundingBox3D Orientation Quat Z": 0.9937635430625824,
            "ObjectType": "TRAFFIC_SIGN",
            "Occluded": {
                "F_MIDRANGECAM_C": 0.9299491047859192
            },
            "Truncated": 0,
            "ObjectMeta": {
                "SourceID": 80,
                "SubType": "us_white_ground_rectangle_unknown",
                "Text": "Lt.",
                "OcrVersion": 10006
            }
        },
        {
            "ActorName": "TRAFFIC_SIGN 81",
            "ObjectId": 81,
            "BoundingBox3D Origin X": 87.28963632968589,
            "BoundingBox3D Origin Y": -5.675896365573863,
            "BoundingBox3D Origin Z": 5.439423114992678,
            "BoundingBox3D Extent X": 0.1,
            "BoundingBox3D Extent Y": 0.7463736033616835,
            "BoundingBox3D Extent Z": 0.983651782538956,
            "BoundingBox3D Orientation Quat W": 0.0735301518805202,
            "BoundingBox3D Orientation Quat X": -0.0018669345512211,
            "BoundingBox3D Orientation Quat Y": 0.0002785704167258,
            "BoundingBox3D Orientation Quat Z": 0.9972912080823392,
            "ObjectType": "TRAFFIC_SIGN",
            "Occluded": {
                "F_MIDRANGECAM_C": 0.9970456957817078
            },
            "Truncated": 0,
            "ObjectMeta": {
                "SourceID": 81,
                "SubType": "us_white_ground_rectangle_unknown",
                "Text": "A",
                "OcrVersion": 10006
            }
        },
        {
            "ActorName": "TRAFFIC_SIGN 82",
            "ObjectId": 82,
            "BoundingBox3D Origin X": 87.19903053935923,
            "BoundingBox3D Origin Y": -1.5051391666747804,
            "BoundingBox3D Origin Z": 6.492215353995562,
            "BoundingBox3D Extent X": 0.1,
            "BoundingBox3D Extent Y": 2.213188412608715,
            "BoundingBox3D Extent Z": 0.5427212993728956,
            "BoundingBox3D Orientation Quat W": 0.0163831569828468,
            "BoundingBox3D Orientation Quat X": -0.0018473692849535,
            "BoundingBox3D Orientation Quat Y": 0.0003853546948017,
            "BoundingBox3D Orientation Quat Z": 0.9998640062007228,
            "ObjectType": "TRAFFIC_SIGN",
            "Occluded": {
                "F_MIDRANGECAM_C": 0.9988685846328736
            },
            "Truncated": 0,
            "ObjectMeta": {
                "SourceID": 82,
                "SubType": "unknown",
                "Text": "",
                "OcrVersion": 10006
            }
        },
        {
            "ActorName": "TRAFFIC_SIGN 83",
            "ObjectId": 83,
            "BoundingBox3D Origin X": 83.2528618889919,
            "BoundingBox3D Origin Y": -10.840625133500907,
            "BoundingBox3D Origin Z": 3.696280885487795,
            "BoundingBox3D Extent X": 0.1,
            "BoundingBox3D Extent Y": 0.5022577767826779,
            "BoundingBox3D Extent Z": 0.4764159543296132,
            "BoundingBox3D Orientation Quat W": 0.1583650593601577,
            "BoundingBox3D Orientation Quat X": -0.001882743383627,
            "BoundingBox3D Orientation Quat Y": 0.0001173115362672,
            "BoundingBox3D Orientation Quat Z": 0.9873788277501238,
            "ObjectType": "TRAFFIC_SIGN",
            "Occluded": {
                "F_MIDRANGECAM_C": 0.999327540397644
            },
            "Truncated": 0,
            "ObjectMeta": {
                "SourceID": 83,
                "SubType": "unknown",
                "Text": "",
                "OcrVersion": 10006
            }
        },
        {
            "ActorName": "TRAFFIC_SIGN 84",
            "ObjectId": 84,
            "BoundingBox3D Origin X": 83.9524451261168,
            "BoundingBox3D Origin Y": -10.900602882847124,
            "BoundingBox3D Origin Z": 2.94055590312928,
            "BoundingBox3D Extent X": 0.1,
            "BoundingBox3D Extent Y": 0.5902100148686099,
            "BoundingBox3D Extent Z": 0.6262998747597067,
            "BoundingBox3D Orientation Quat W": -0.4130765949244989,
            "BoundingBox3D Orientation Quat X": 0.0018482395215966,
            "BoundingBox3D Orientation Quat Y": 0.0003842598157407,
            "BoundingBox3D Orientation Quat Z": -0.910694330212199,
            "ObjectType": "TRAFFIC_SIGN",
            "Occluded": {
                "F_MIDRANGECAM_C": 0.9364301562309264
            },
            "Truncated": 0,
            "ObjectMeta": {
                "SourceID": 84,
                "SubType": "us_white_ground_rectangle_unknown",
                "Text": "",
                "OcrVersion": 10006
            }
        },
        {
            "ActorName": "TRAFFIC_SIGN 85",
            "ObjectId": 85,
            "BoundingBox3D Origin X": 86.86600172536782,
            "BoundingBox3D Origin Y": -9.30904492666832,
            "BoundingBox3D Origin Z": 2.9133828599005938,
            "BoundingBox3D Extent X": 0.1,
            "BoundingBox3D Extent Y": 0.4321764308658682,
            "BoundingBox3D Extent Z": 0.619127164289498,
            "BoundingBox3D Orientation Quat W": 0.1501993326011256,
            "BoundingBox3D Orientation Quat X": -0.0018821249136619,
            "BoundingBox3D Orientation Quat Y": 0.0001331807938828,