{
    "CapturedObjects": [
        {
            "ActorName": "TRAFFIC_SIGN 71",
            "ObjectId": 71,
            "BoundingBox3D Origin X": 14.187312948830368,
            "BoundingBox3D Origin Y": -6.89066844417539,
            "BoundingBox3D Origin Z": 1.2982050646096468,
            "BoundingBox3D Extent X": 0.1,
            "BoundingBox3D Extent Y": 0.4031856189935762,
            "BoundingBox3D Extent Z": 0.4997455218914134,
            "BoundingBox3D Orientation Quat W": 0.1108242778429009,
            "BoundingBox3D Orientation Quat X": 0.0017666269297721,
            "BoundingBox3D Orientation Quat Y": 0.0079153677410067,
            "BoundingBox3D Orientation Quat Z": 0.9938069256266104,
            "ObjectType": "TRAFFIC_SIGN",
            "Occluded": {
                "F_MIDRANGECAM_C": 5.669568417943083e-05
            },
            "Truncated": 0,
            "ObjectMeta": {
                "SourceID": 71,
                "SubType": "unknown",
                "Text": "",
                "OcrVersion": 10006
            }
        },
        {
            "ActorName": "TRAFFIC_SIGN 72",
            "ObjectId": 72,
            "BoundingBox3D Origin X": 16.100266836998344,
            "BoundingBox3D Origin Y": -7.427692481462145,
            "BoundingBox3D Origin Z": 1.839163000695408,
            "BoundingBox3D Extent X": 0.1,
            "BoundingBox3D Extent Y": 0.9388444663395614,
            "BoundingBox3D Extent Z": 0.3092811740232059,
            "BoundingBox3D Orientation Quat W": 0.2827572670842211,
            "BoundingBox3D Orientation Quat X": 0.0003559997410631,
            "BoundingBox3D Orientation Quat Y": 0.0081018304016764,
            "BoundingBox3D Orientation Quat Z": 0.9591572141830496,
            "ObjectType": "TRAFFIC_SIGN",
            "Occluded": {
                "F_MIDRANGECAM_C": 1.4222458048607224e-05
            },
            "Truncated": 0,
            "ObjectMeta": {
                "SourceID": 72,
                "SubType": "us_yellow_ground_rectangle_unknown",
                "Text": "Chock and Shol Chun",
                "OcrVersion": 10006
            }
        },
        {
            "ActorName": "TRAFFIC_SIGN 73",
            "ObjectId": 73,
            "BoundingBox3D Origin X": 28.68514841175056,
            "BoundingBox3D Origin Y": -5.172624578059185,
            "BoundingBox3D Origin Z": 2.768798309378326,
            "BoundingBox3D Extent X": 0.1,
            "BoundingBox3D Extent Y": 0.3362411013069622,
            "BoundingBox3D Extent Z": 0.4807453413399092,
            "BoundingBox3D Orientation Quat W": 0.159654148624746,
            "BoundingBox3D Orientation Quat X": 0.0013755092042296,
            "BoundingBox3D Orientation Quat Y": 0.0079929449636113,
            "BoundingBox3D Orientation Quat Z": 0.9871396930688908,
            "ObjectType": "TRAFFIC_SIGN",
            "Occluded": {
                "F_MIDRANGECAM_C": 5.64126530662179e-05
            },
            "Truncated": 0,
            "ObjectMeta": {
                "SourceID": 73,
                "SubType": "us_white_ground_rectangle_unknown",
                "Text": "",
                "OcrVersion": 10006
            }
        },
        {
            "ActorName": "TRAFFIC_SIGN 74",
            "ObjectId": 74,
            "BoundingBox3D Origin X": 71.63855813047849,
            "BoundingBox3D Origin Y": -5.294674080883851,
            "BoundingBox3D Origin Z": 3.90901945438236,
            "BoundingBox3D Extent X": 0.1,
            "BoundingBox3D Extent Y": 1.0443760949039496,
            "BoundingBox3D Extent Z": 0.9445654290099652,
            "BoundingBox3D Orientation Quat W": 0.0685229274120036,
            "BoundingBox3D Orientation Quat X": 0.0021037116858049,
            "BoundingBox3D Orientation Quat Y": 0.0078339239438197,
            "BoundingBox3D Orientation Quat Z": 0.9976165658466556,
            "ObjectType": "TRAFFIC_SIGN",
            "Occluded": {
                "F_MIDRANGECAM_C": 6.0182492234162055e-06
            },
            "Truncated": 0,
            "ObjectMeta": {
                "SourceID": 74,
                "SubType": "us_white_ground_rectangle_unknown",
                "Text": "Ho",
                "OcrVersion": 10006
            }
        },
        {
            "ActorName": "TRAFFIC_SIGN 75",
            "ObjectId": 75,
            "BoundingBox3D Origin X": 61.35148290034704,
            "BoundingBox3D Origin Y": 12.419522702723045,
            "BoundingBox3D Origin Z": 0.7925735590979457,
            "BoundingBox3D Extent X": 0.1,
            "BoundingBox3D Extent Y": 0.9246897276089624,
            "BoundingBox3D Extent Z": 0.4851001072257914,
            "BoundingBox3D Orientation Quat W": -0.311804911955147,
            "BoundingBox3D Orientation Quat X": 0.0048963981309512,
            "BoundingBox3D Orientation Quat Y": 0.0064686774820663,
            "BoundingBox3D Orientation Quat Z": 0.9501115083913148,
            "ObjectType": "TRAFFIC_SIGN",
            "Occluded": {
                "F_MIDRANGECAM_C": 0.9973672032356262
            },
            "Truncated": 0,
            "ObjectMeta": {
                "SourceID": 75,
                "SubType": "us_white_ground_rectangle_unknown",
                "Text": "",
                "OcrVersion": 10006
            }
        },
        {
            "ActorName": "TRAFFIC_SIGN 76",
            "ObjectId": 76,
            "BoundingBox3D Origin X": 71.58780403291894,
            "BoundingBox3D Origin Y": -5.30510841657815,
            "BoundingBox3D Origin Z": 3.219464438036084,
            "BoundingBox3D Extent X": 0.1,
            "BoundingBox3D Extent Y": 0.6871968100218089,
            "BoundingBox3D Extent Z": 0.273953078968039,
            "BoundingBox3D Orientation Quat W": 0.1620468830075085,
            "BoundingBox3D Orientation Quat X": 0.0013595370963442,
            "BoundingBox3D Orientation Quat Y": 0.0079967684789772,
            "BoundingBox3D Orientation Quat Z": 0.9867497205777804,
            "ObjectType": "TRAFFIC_SIGN",
            "Occluded": {
                "F_MIDRANGECAM_C": 0.681975781917572
            },
            "Truncated": 0,
            "ObjectMeta": {
                "SourceID": 76,
                "SubType": "us_white_ground_rectangle_unknown",
                "Text": "",
                "OcrVersion": 10006
            }
        },
        {
            "ActorName": "TRAFFIC_SIGN 77",
            "ObjectId": 77,
            "BoundingBox3D Origin X": 71.07182987021952,
            "BoundingBox3D Origin Y": -5.298468452558154,
            "BoundingBox3D Origin Z": 2.872917076572776,
            "BoundingBox3D Extent X": 0.0999999999999999,
            "BoundingBox3D Extent Y": 0.60407060371918,
            "BoundingBox3D Extent Z": 0.2037042366830296,
            "BoundingBox3D Orientation Quat W": 0.2012583271188553,
            "BoundingBox3D Orientation Quat X": 0.0010391704027247,
            "BoundingBox3D Orientation Quat Y": 0.0080445472376611,
            "BoundingBox3D Orientation Quat Z": 0.9795046151754137,
            "ObjectType": "TRAFFIC_SIGN",
            "Occluded": {
                "F_MIDRANGECAM_C": 0.993916928768158
            },
            "Truncated": 0,
            "ObjectMeta": {
                "SourceID": 77,
                "SubType": "us_white_ground_rectangle_unknown",
                "Text": "",
                "OcrVersion": 10006
            }
        },
        {
            "ActorName": "TRAFFIC_SIGN 78",
            "ObjectId": 78,
            "BoundingBox3D Origin X": 137.0929723028894,
            "BoundingBox3D Origin Y": -5.304137515588081,
            "BoundingBox3D Origin Z": 1.9717983352020385,
            "BoundingBox3D Extent X": 0.1,
            "BoundingBox3D Extent Y": 0.3832816087039713,
            "BoundingBox3D Extent Z": 0.4357120768838613,
            "BoundingBox3D Orientation Quat W": 0.1092952658361581,