{
    "CapturedObjects": [
        {
            "ActorName": "TRAFFIC_SIGN 72",
            "ObjectId": 72,
            "BoundingBox3D Origin X": 1.0779524748941185,
            "BoundingBox3D Origin Y": -7.478057107582572,
            "BoundingBox3D Origin Z": 1.9242982640862465,
            "BoundingBox3D Extent X": 0.1,
            "BoundingBox3D Extent Y": 0.9388444663395614,
            "BoundingBox3D Extent Z": 0.3092811740232059,
            "BoundingBox3D Orientation Quat W": 0.2795019298880975,
            "BoundingBox3D Orientation Quat X": -0.0013984692601427,
            "BoundingBox3D Orientation Quat Y": 0.0076330153931115,
            "BoundingBox3D Orientation Quat Z": 0.9601137706275056,
            "ObjectType": "TRAFFIC_SIGN",
            "Occluded": {
                "F_CTCAM_L": 0.0
            },
            "Truncated": 0,
            "ObjectMeta": {
                "SourceID": 72,
                "SubType": "us_yellow_ground_rectangle_unknown",
                "Text": "Chock and Shol Chun",
                "OcrVersion": 10006
            }
        },
        {
            "ActorName": "TRAFFIC_SIGN 73",
            "ObjectId": 73,
            "BoundingBox3D Origin X": 13.643784001282256,
            "BoundingBox3D Origin Y": -5.137230687512783,
            "BoundingBox3D Origin Z": 2.898802772164345,
            "BoundingBox3D Extent X": 0.1,
            "BoundingBox3D Extent Y": 0.3362411013069622,
            "BoundingBox3D Extent Z": 0.4807453413399092,
            "BoundingBox3D Orientation Quat W": 0.1563037629670469,
            "BoundingBox3D Orientation Quat X": -0.0004242997270429,
            "BoundingBox3D Orientation Quat Y": 0.0077487998447406,
            "BoundingBox3D Orientation Quat Z": 0.9876785457592204,
            "ObjectType": "TRAFFIC_SIGN",
            "Occluded": {
                "F_MIDRANGECAM_C": 0.000267175695626
            },
            "Truncated": 0,
            "ObjectMeta": {
                "SourceID": 73,
                "SubType": "us_white_ground_rectangle_unknown",
                "Text": "",
                "OcrVersion": 10006
            }
        },
        {
            "ActorName": "TRAFFIC_SIGN 74",
            "ObjectId": 74,
            "BoundingBox3D Origin X": 56.59266677478445,
            "BoundingBox3D Origin Y": -4.966495462198509,
            "BoundingBox3D Origin Z": 4.192856361158192,
            "BoundingBox3D Extent X": 0.1,
            "BoundingBox3D Extent Y": 1.0443760949039496,
            "BoundingBox3D Extent Z": 0.9445654290099652,
            "BoundingBox3D Orientation Quat W": 0.0651372329736666,
            "BoundingBox3D Orientation Quat X": 0.000288956953158,
            "BoundingBox3D Orientation Quat Y": 0.0077555917560918,
            "BoundingBox3D Orientation Quat Z": 0.997846134522215,
            "ObjectType": "TRAFFIC_SIGN",
            "Occluded": {
                "F_MIDRANGECAM_C": 1.1058062199253984e-07
            },
            "Truncated": 0,
            "ObjectMeta": {
                "SourceID": 74,
                "SubType": "us_white_ground_rectangle_unknown",
                "Text": "Ho",
                "OcrVersion": 10006
            }
        },
        {
            "ActorName": "TRAFFIC_SIGN 75",
            "ObjectId": 75,
            "BoundingBox3D Origin X": 46.196473822588814,
            "BoundingBox3D Origin Y": 12.67693230691657,
            "BoundingBox3D Origin Z": 1.0381038347259164,
            "BoundingBox3D Extent X": 0.1,
            "BoundingBox3D Extent Y": 0.9246897276089624,
            "BoundingBox3D Extent Z": 0.4851001072257914,
            "BoundingBox3D Orientation Quat W": -0.3150260636517393,
            "BoundingBox3D Orientation Quat X": 0.0031853087700869,
            "BoundingBox3D Orientation Quat Y": 0.0070780219871728,
            "BoundingBox3D Orientation Quat Z": 0.9490512813504224,
            "ObjectType": "TRAFFIC_SIGN",
            "Occluded": {
                "F_MIDRANGECAM_C": 0.9797136187553406
            },
            "Truncated": 0,
            "ObjectMeta": {
                "SourceID": 75,
                "SubType": "us_white_ground_rectangle_unknown",
                "Text": "",
                "OcrVersion": 10006
            }
        },
        {
            "ActorName": "TRAFFIC_SIGN 76",
            "ObjectId": 76,
            "BoundingBox3D Origin X": 56.54445237266009,
            "BoundingBox3D Origin Y": -4.977318191595259,
            "BoundingBox3D Origin Z": 3.503129255957901,
            "BoundingBox3D Extent X": 0.1,
            "BoundingBox3D Extent Y": 0.6871968100218089,
            "BoundingBox3D Extent Z": 0.273953078968039,
            "BoundingBox3D Orientation Quat W": 0.1586978191180908,
            "BoundingBox3D Orientation Quat X": -0.0004396722524965,
            "BoundingBox3D Orientation Quat Y": 0.0077482758887762,
            "BoundingBox3D Orientation Quat Z": 0.9872966996380688,
            "ObjectType": "TRAFFIC_SIGN",
            "Occluded": {
                "F_MIDRANGECAM_C": 0.9020563364028932
            },
            "Truncated": 0,
            "ObjectMeta": {
                "SourceID": 76,
                "SubType": "us_white_ground_rectangle_unknown",
                "Text": "",
                "OcrVersion": 10006
            }
        },
        {
            "ActorName": "TRAFFIC_SIGN 77",
            "ObjectId": 77,
            "BoundingBox3D Origin X": 56.02968828026314,
            "BoundingBox3D Origin Y": -4.974216078888276,
            "BoundingBox3D Origin Z": 3.1547378040850163,
            "BoundingBox3D Extent X": 0.0999999999999999,
            "BoundingBox3D Extent Y": 0.60407060371918,
            "BoundingBox3D Extent Z": 0.2037042366830296,
            "BoundingBox3D Orientation Quat W": 0.1979338324849109,
            "BoundingBox3D Orientation Quat X": -0.0007486307412676,
            "BoundingBox3D Orientation Quat Y": 0.0077245749984401,
            "BoundingBox3D Orientation Quat Z": 0.9801846603834106,
            "ObjectType": "TRAFFIC_SIGN",
            "Occluded": {
                "F_MIDRANGECAM_C": 0.9935593605041504
            },
            "Truncated": 0,
            "ObjectMeta": {
                "SourceID": 77,
                "SubType": "us_white_ground_rectangle_unknown",
                "Text": "",
                "OcrVersion": 10006
            }
        },
        {
            "ActorName": "TRAFFIC_SIGN 78",
            "ObjectId": 78,
            "BoundingBox3D Origin X": 122.05212894129907,
            "BoundingBox3D Origin Y": -4.53003265769803,
            "BoundingBox3D Origin Z": 2.490084228105843,
            "BoundingBox3D Extent X": 0.1,
            "BoundingBox3D Extent Y": 0.3832816087039713,
            "BoundingBox3D Extent Z": 0.4357120768838613,
            "BoundingBox3D Orientation Quat W": 0.1059217826875452,
            "BoundingBox3D Orientation Quat X": -2.202112239149932e-05,
            "BoundingBox3D Orientation Quat Y": 0.0077614282203491,
            "BoundingBox3D Orientation Quat Z": 0.9943441736638996,
            "ObjectType": "TRAFFIC_SIGN",
            "Occluded": {
                "F_MIDRANGECAM_C": 0.9983986020088196
            },
            "Truncated": 0,
            "ObjectMeta": {
                "SourceID": 78,
                "SubType": "unknown",
                "Text": "",
                "OcrVersion": 10006
            }
        },
        {
            "ActorName": "TRAFFIC_SIGN 79",
            "ObjectId": 79,
            "BoundingBox3D Origin X": 131.9106260147546,
            "BoundingBox3D Origin Y": 22.982111509423703,
            "BoundingBox3D Origin Z": 5.567650803364813,
            "BoundingBox3D Extent X": 0.1,
            "BoundingBox3D Extent Y": 1.7107504098693462,
            "BoundingBox3D Extent Z": 0.6034869053535241,
            "BoundingBox3D Orientation Quat W": -0.3117496259540758,