{
    "CapturedObjects": [
        {
            "ActorName": "TRAFFIC_SIGN 74",
            "ObjectId": 74,
            "BoundingBox3D Origin X": 37.75225010030954,
            "BoundingBox3D Origin Y": -4.82584857706388,
            "BoundingBox3D Origin Z": 4.2050643768161535,
            "BoundingBox3D Extent X": 0.1,
            "BoundingBox3D Extent Y": 1.0443760949039496,
            "BoundingBox3D Extent Z": 0.9445654290099652,
            "BoundingBox3D Orientation Quat W": 0.0629612662328818,
            "BoundingBox3D Orientation Quat X": 0.0005997765116163,
            "BoundingBox3D Orientation Quat Y": 0.0066173313401601,
            "BoundingBox3D Orientation Quat Z": 0.9979938527608392,
            "ObjectType": "TRAFFIC_SIGN",
            "Occluded": {
                "F_MIDRANGECAM_C": 3.285826096544042e-05
            },
            "Truncated": 0,
            "ObjectMeta": {
                "SourceID": 74,
                "SubType": "us_white_ground_rectangle_unknown",
                "Text": "Ho",
                "OcrVersion": 10006
            }
        },
        {
            "ActorName": "TRAFFIC_SIGN 75",
            "ObjectId": 75,
            "BoundingBox3D Origin X": 27.277687055258863,
            "BoundingBox3D Origin Y": 12.779355516453506,
            "BoundingBox3D Origin Z": 1.0963942185044289,
            "BoundingBox3D Extent X": 0.1,
            "BoundingBox3D Extent Y": 0.9246897276089624,
            "BoundingBox3D Extent Z": 0.4851001072257914,
            "BoundingBox3D Orientation Quat W": -0.3170971837466083,
            "BoundingBox3D Orientation Quat X": 0.003044970725402,
            "BoundingBox3D Orientation Quat Y": 0.0059049954107385,
            "BoundingBox3D Orientation Quat Z": 0.9483697776935164,
            "ObjectType": "TRAFFIC_SIGN",
            "Occluded": {
                "F_MIDRANGECAM_C": 0.852979838848114
            },
            "Truncated": 0,
            "ObjectMeta": {
                "SourceID": 75,
                "SubType": "us_white_ground_rectangle_unknown",
                "Text": "",
                "OcrVersion": 10006
            }
        },
        {
            "ActorName": "TRAFFIC_SIGN 76",
            "ObjectId": 76,
            "BoundingBox3D Origin X": 37.70372836880415,
            "BoundingBox3D Origin Y": -4.835284527245676,
            "BoundingBox3D Origin Z": 3.515335279516876,
            "BoundingBox3D Extent X": 0.1,
            "BoundingBox3D Extent Y": 0.6871968100218089,
            "BoundingBox3D Extent Z": 0.273953078968039,
            "BoundingBox3D Orientation Quat W": 0.1565452505569027,
            "BoundingBox3D Orientation Quat X": -2.296487223054839e-05,
            "BoundingBox3D Orientation Quat Y": 0.0066446304841834,
            "BoundingBox3D Orientation Quat Z": 0.9876484358750436,
            "ObjectType": "TRAFFIC_SIGN",
            "Occluded": {
                "F_MIDRANGECAM_C": 0.0624169632792472
            },
            "Truncated": 0,
            "ObjectMeta": {
                "SourceID": 76,
                "SubType": "us_white_ground_rectangle_unknown",
                "Text": "",
                "OcrVersion": 10006
            }
        },
        {
            "ActorName": "TRAFFIC_SIGN 77",
            "ObjectId": 77,
            "BoundingBox3D Origin X": 37.18877607333161,
            "BoundingBox3D Origin Y": -4.833618627992109,
            "BoundingBox3D Origin Z": 3.1672061290591955,
            "BoundingBox3D Extent X": 0.0999999999999999,
            "BoundingBox3D Extent Y": 0.60407060371918,
            "BoundingBox3D Extent Z": 0.2037042366830296,
            "BoundingBox3D Orientation Quat W": 0.1957969542148351,
            "BoundingBox3D Orientation Quat X": -0.0002881349939279,
            "BoundingBox3D Orientation Quat Y": 0.0066385371563912,
            "BoundingBox3D Orientation Quat Z": 0.9806219452586415,
            "ObjectType": "TRAFFIC_SIGN",
            "Occluded": {
                "F_MIDRANGECAM_C": 0.9819812178611756
            },
            "Truncated": 0,
            "ObjectMeta": {
                "SourceID": 77,
                "SubType": "us_white_ground_rectangle_unknown",
                "Text": "",
                "OcrVersion": 10006
            }
        },
        {
            "ActorName": "TRAFFIC_SIGN 78",
            "ObjectId": 78,
            "BoundingBox3D Origin X": 103.20835442333735,
            "BoundingBox3D Origin Y": -4.100260762395919,
            "BoundingBox3D Origin Z": 2.470809672959149,
            "BoundingBox3D Extent X": 0.1,
            "BoundingBox3D Extent Y": 0.3832816087039713,
            "BoundingBox3D Extent Z": 0.4357120768838613,
            "BoundingBox3D Orientation Quat W": 0.1037536119187369,
            "BoundingBox3D Orientation Quat X": 0.0003352065955364,
            "BoundingBox3D Orientation Quat Y": 0.0066370065732751,
            "BoundingBox3D Orientation Quat Z": 0.9945808291909216,
            "ObjectType": "TRAFFIC_SIGN",
            "Occluded": {
                "F_MIDRANGECAM_C": 0.9992432594299316
            },
            "Truncated": 0,
            "ObjectMeta": {
                "SourceID": 78,
                "SubType": "unknown",
                "Text": "",
                "OcrVersion": 10006
            }
        },
        {
            "ActorName": "TRAFFIC_SIGN 79",
            "ObjectId": 79,
            "BoundingBox3D Origin X": 112.94852907870336,
            "BoundingBox3D Origin Y": 23.447345690845395,
            "BoundingBox3D Origin Z": 5.607303383760154,
            "BoundingBox3D Extent X": 0.1,
            "BoundingBox3D Extent Y": 1.7107504098693462,
            "BoundingBox3D Extent Z": 0.6034869053535241,
            "BoundingBox3D Orientation Quat W": -0.3138230960933997,
            "BoundingBox3D Orientation Quat X": 0.003031861488519,
            "BoundingBox3D Orientation Quat Y": 0.0059143771359291,
            "BoundingBox3D Orientation Quat Z": 0.9494582098846488,
            "ObjectType": "TRAFFIC_SIGN",
            "Occluded": {
                "F_MIDRANGECAM_C": 0.9950077533721924
            },
            "Truncated": 0,
            "ObjectMeta": {
                "SourceID": 79,
                "SubType": "unknown",
                "Text": "",
                "OcrVersion": 10006
            }
        },
        {
            "ActorName": "TRAFFIC_SIGN 80",
            "ObjectId": 80,
            "BoundingBox3D Origin X": 150.73952325060782,
            "BoundingBox3D Origin Y": 9.718518437017336,
            "BoundingBox3D Origin Z": 6.4420116525143385,
            "BoundingBox3D Extent X": 0.0999999999999999,
            "BoundingBox3D Extent Y": 0.9914366721812164,
            "BoundingBox3D Extent Z": 1.020302161968541,
            "BoundingBox3D Orientation Quat W": -0.1151297185139023,
            "BoundingBox3D Orientation Quat X": 0.0017739754247602,
            "BoundingBox3D Orientation Quat Y": 0.0064049743659898,
            "BoundingBox3D Orientation Quat Z": 0.993328232373103,
            "ObjectType": "TRAFFIC_SIGN",
            "Occluded": {
                "F_MIDRANGECAM_C": 0.9919032454490662
            },
            "Truncated": 0,
            "ObjectMeta": {
                "SourceID": 80,
                "SubType": "us_white_ground_rectangle_unknown",
                "Text": "Lt.",
                "OcrVersion": 10006
            }
        },
        {
            "ActorName": "TRAFFIC_SIGN 81",
            "ObjectId": 81,
            "BoundingBox3D Origin X": 151.90009500680753,
            "BoundingBox3D Origin Y": -4.383472412577248,
            "BoundingBox3D Origin Z": 4.852761244401336,
            "BoundingBox3D Extent X": 0.1,
            "BoundingBox3D Extent Y": 0.7463736033616835,
            "BoundingBox3D Extent Z": 0.983651782538956,
            "BoundingBox3D Orientation Quat W": 0.069875370071753,