{
    "CapturedObjects": [
        {
            "ActorName": "TRAFFIC_SIGN 70",
            "ObjectId": 70,
            "BoundingBox3D Origin X": 5.286621342500439,
            "BoundingBox3D Origin Y": -4.875292823067866,
            "BoundingBox3D Origin Z": 2.6987756742164493,
            "BoundingBox3D Extent X": 0.1,
            "BoundingBox3D Extent Y": 0.3835351811205211,
            "BoundingBox3D Extent Z": 0.510645001842084,
            "BoundingBox3D Orientation Quat W": 0.1052420657789765,
            "BoundingBox3D Orientation Quat X": 0.0021185366102079,
            "BoundingBox3D Orientation Quat Y": 0.0101230310582254,
            "BoundingBox3D Orientation Quat Z": 0.994392851762018,
            "ObjectType": "TRAFFIC_SIGN",
            "Occluded": {
                "F_MIDRANGECAM_C": 0.0722628459334373
            },
            "Truncated": 0,
            "ObjectMeta": {
                "SourceID": 70,
                "SubType": "us_white_ground_rectangle_unknown",
                "Text": "",
                "OcrVersion": 10006
            }
        },
        {
            "ActorName": "TRAFFIC_SIGN 71",
            "ObjectId": 71,
            "BoundingBox3D Origin X": 32.047518221865175,
            "BoundingBox3D Origin Y": -6.907970673521049,
            "BoundingBox3D Origin Z": 1.205540146678686,
            "BoundingBox3D Extent X": 0.1,
            "BoundingBox3D Extent Y": 0.4031856189935762,
            "BoundingBox3D Extent Z": 0.4997455218914134,
            "BoundingBox3D Orientation Quat W": 0.1135088423951084,
            "BoundingBox3D Orientation Quat X": 0.0020393423158522,
            "BoundingBox3D Orientation Quat Y": 0.0101400861306921,
            "BoundingBox3D Orientation Quat Z": 0.9934831465275612,
            "ObjectType": "TRAFFIC_SIGN",
            "Occluded": {
                "F_MIDRANGECAM_C": 3.737098950296058e-07
            },
            "Truncated": 0,
            "ObjectMeta": {
                "SourceID": 71,
                "SubType": "unknown",
                "Text": "",
                "OcrVersion": 10006
            }
        },
        {
            "ActorName": "TRAFFIC_SIGN 72",
            "ObjectId": 72,
            "BoundingBox3D Origin X": 33.95808151533856,
            "BoundingBox3D Origin Y": -7.452956296343473,
            "BoundingBox3D Origin Z": 1.7469661328941584,
            "BoundingBox3D Extent X": 0.1,
            "BoundingBox3D Extent Y": 0.9388444663395614,
            "BoundingBox3D Extent Z": 0.3092811740232059,
            "BoundingBox3D Orientation Quat W": 0.285344447491493,
            "BoundingBox3D Orientation Quat X": 0.0002361200501591,
            "BoundingBox3D Orientation Quat Y": 0.0103403590591664,
            "BoundingBox3D Orientation Quat Z": 0.958369222955132,
            "ObjectType": "TRAFFIC_SIGN",
            "Occluded": {
                "F_MIDRANGECAM_C": 0.0002467355225235
            },
            "Truncated": 0,
            "ObjectMeta": {
                "SourceID": 72,
                "SubType": "us_yellow_ground_rectangle_unknown",
                "Text": "Chock and Shol Chun",
                "OcrVersion": 10006
            }
        },
        {
            "ActorName": "TRAFFIC_SIGN 73",
            "ObjectId": 73,
            "BoundingBox3D Origin X": 46.555912971671205,
            "BoundingBox3D Origin Y": -5.261937463321374,
            "BoundingBox3D Origin Z": 2.654393353499472,
            "BoundingBox3D Extent X": 0.1,
            "BoundingBox3D Extent Y": 0.3362411013069622,
            "BoundingBox3D Extent Z": 0.4807453413399092,
            "BoundingBox3D Orientation Quat W": 0.1623195064426932,
            "BoundingBox3D Orientation Quat X": 0.0015383565558459,
            "BoundingBox3D Orientation Quat Y": 0.0102285143141985,
            "BoundingBox3D Orientation Quat Z": 0.9866840369552108,
            "ObjectType": "TRAFFIC_SIGN",
            "Occluded": {
                "F_MIDRANGECAM_C": 0.6823586821556091
            },
            "Truncated": 0,
            "ObjectMeta": {
                "SourceID": 73,
                "SubType": "us_white_ground_rectangle_unknown",
                "Text": "",
                "OcrVersion": 10006
            }
        },
        {
            "ActorName": "TRAFFIC_SIGN 74",
            "ObjectId": 74,
            "BoundingBox3D Origin X": 89.50915427618747,
            "BoundingBox3D Origin Y": -5.611244591447758,
            "BoundingBox3D Origin Z": 3.753078269772232,
            "BoundingBox3D Extent X": 0.1,
            "BoundingBox3D Extent Y": 1.0443760949039496,
            "BoundingBox3D Extent Z": 0.9445654290099652,
            "BoundingBox3D Orientation Quat W": 0.0712189089578207,
            "BoundingBox3D Orientation Quat X": 0.0024705994741046,
            "BoundingBox3D Orientation Quat Y": 0.0100449401800745,
            "BoundingBox3D Orientation Quat Z": 0.9974070695166918,
            "ObjectType": "TRAFFIC_SIGN",
            "Occluded": {
                "F_MIDRANGECAM_C": 0.0939231812953949
            },
            "Truncated": 0,
            "ObjectMeta": {
                "SourceID": 74,
                "SubType": "us_white_ground_rectangle_unknown",
                "Text": "Ho",
                "OcrVersion": 10006
            }
        },
        {
            "ActorName": "TRAFFIC_SIGN 75",
            "ObjectId": 75,
            "BoundingBox3D Origin X": 79.31497178009158,
            "BoundingBox3D Origin Y": 12.144411166023929,
            "BoundingBox3D Origin Z": 0.5692209713160992,
            "BoundingBox3D Extent X": 0.1,
            "BoundingBox3D Extent Y": 0.9246897276089624,
            "BoundingBox3D Extent Z": 0.4851001072257914,
            "BoundingBox3D Orientation Quat W": -0.3092249318418593,
            "BoundingBox3D Orientation Quat X": 0.0060680826390554,
            "BoundingBox3D Orientation Quat Y": 0.0083782856859886,
            "BoundingBox3D Orientation Quat Z": 0.9509326601970546,
            "ObjectType": "TRAFFIC_SIGN",
            "Occluded": {
                "F_MIDRANGECAM_C": 0.9697061777114868
            },
            "Truncated": 0,
            "ObjectMeta": {
                "SourceID": 75,
                "SubType": "us_white_ground_rectangle_unknown",
                "Text": "",
                "OcrVersion": 10006
            }
        },
        {
            "ActorName": "TRAFFIC_SIGN 76",
            "ObjectId": 76,
            "BoundingBox3D Origin X": 89.45764942832466,
            "BoundingBox3D Origin Y": -5.624419385756482,
            "BoundingBox3D Origin Z": 3.0636312728747725,
            "BoundingBox3D Extent X": 0.1,
            "BoundingBox3D Extent Y": 0.6871968100218089,
            "BoundingBox3D Extent Z": 0.273953078968039,
            "BoundingBox3D Orientation Quat W": 0.1647111384912851,
            "BoundingBox3D Orientation Quat X": 0.0015169696377931,
            "BoundingBox3D Orientation Quat Y": 0.0102327223039986,
            "BoundingBox3D Orientation Quat Z": 0.9862876005781842,
            "ObjectType": "TRAFFIC_SIGN",
            "Occluded": {
                "F_MIDRANGECAM_C": 0.9877421855926514
            },
            "Truncated": 0,
            "ObjectMeta": {
                "SourceID": 76,
                "SubType": "us_white_ground_rectangle_unknown",
                "Text": "",
                "OcrVersion": 10006
            }
        },
        {
            "ActorName": "TRAFFIC_SIGN 77",
            "ObjectId": 77,
            "BoundingBox3D Origin X": 88.94136978756433,
            "BoundingBox3D Origin Y": -5.616505111916922,
            "BoundingBox3D Origin Z": 2.7175663262605667,
            "BoundingBox3D Extent X": 0.0999999999999999,
            "BoundingBox3D Extent Y": 0.60407060371918,
            "BoundingBox3D Extent Z": 0.2037042366830296,
            "BoundingBox3D Orientation Quat W": 0.203902125190089,