{
    "CapturedObjects": [
        {
            "ActorName": "TRAFFIC_SIGN 70",
            "ObjectId": 70,
            "BoundingBox3D Origin X": 13.874561696808088,
            "BoundingBox3D Origin Y": -4.5894318996870425,
            "BoundingBox3D Origin Z": 2.636074480600655,
            "BoundingBox3D Extent X": 0.1,
            "BoundingBox3D Extent Y": 0.3835351811205211,
            "BoundingBox3D Extent Z": 0.510645001842084,
            "BoundingBox3D Orientation Quat W": 0.0944725545910567,
            "BoundingBox3D Orientation Quat X": 0.0023414656277899,
            "BoundingBox3D Orientation Quat Y": 0.0119822382470031,
            "BoundingBox3D Orientation Quat Z": 0.995452600546277,
            "ObjectType": "TRAFFIC_SIGN",
            "Occluded": {
                "F_MIDRANGECAM_C": 7.635116503479367e-07
            },
            "Truncated": 0,
            "ObjectMeta": {
                "SourceID": 70,
                "SubType": "us_white_ground_rectangle_unknown",
                "Text": "",
                "OcrVersion": 10006
            }
        },
        {
            "ActorName": "TRAFFIC_SIGN 71",
            "ObjectId": 71,
            "BoundingBox3D Origin X": 40.67157869099901,
            "BoundingBox3D Origin Y": -6.04783018224407,
            "BoundingBox3D Origin Z": 1.1211007768288257,
            "BoundingBox3D Extent X": 0.1,
            "BoundingBox3D Extent Y": 0.4031856189935762,
            "BoundingBox3D Extent Z": 0.4997455218914134,
            "BoundingBox3D Orientation Quat W": 0.1027485384592712,
            "BoundingBox3D Orientation Quat X": 0.0022468073518677,
            "BoundingBox3D Orientation Quat Y": 0.0120011653030319,
            "BoundingBox3D Orientation Quat Z": 0.9946324254379488,
            "ObjectType": "TRAFFIC_SIGN",
            "Occluded": {
                "F_MIDRANGECAM_C": 8.04648661869578e-05
            },
            "Truncated": 0,
            "ObjectMeta": {
                "SourceID": 71,
                "SubType": "unknown",
                "Text": "",
                "OcrVersion": 10006
            }
        },
        {
            "ActorName": "TRAFFIC_SIGN 72",
            "ObjectId": 72,
            "BoundingBox3D Origin X": 42.59403220213426,
            "BoundingBox3D Origin Y": -6.549389651481761,
            "BoundingBox3D Origin Z": 1.6624041674658656,
            "BoundingBox3D Extent X": 0.1,
            "BoundingBox3D Extent Y": 0.9388444663395614,
            "BoundingBox3D Extent Z": 0.3092811740232059,
            "BoundingBox3D Orientation Quat W": 0.2749506493965661,
            "BoundingBox3D Orientation Quat X": 0.0001154321424836,
            "BoundingBox3D Orientation Quat Y": 0.0122095917436521,
            "BoundingBox3D Orientation Quat Z": 0.9613808053738542,
            "ObjectType": "TRAFFIC_SIGN",
            "Occluded": {
                "F_MIDRANGECAM_C": 0.9932125806808472
            },
            "Truncated": 0,
            "ObjectMeta": {
                "SourceID": 72,
                "SubType": "us_yellow_ground_rectangle_unknown",
                "Text": "Chock and Shol Chun",
                "OcrVersion": 10006
            }
        },
        {
            "ActorName": "TRAFFIC_SIGN 73",
            "ObjectId": 73,
            "BoundingBox3D Origin X": 55.14236093930958,
            "BoundingBox3D Origin Y": -4.083000445592916,
            "BoundingBox3D Origin Z": 2.5483563859015703,
            "BoundingBox3D Extent X": 0.1,
            "BoundingBox3D Extent Y": 0.3362411013069622,
            "BoundingBox3D Extent Z": 0.4807453413399092,
            "BoundingBox3D Orientation Quat W": 0.1516289619382903,
            "BoundingBox3D Orientation Quat X": 0.0016539110615708,
            "BoundingBox3D Orientation Quat Y": 0.0120977258338527,
            "BoundingBox3D Orientation Quat Z": 0.9883620629654728,
            "ObjectType": "TRAFFIC_SIGN",
            "Occluded": {
                "F_MIDRANGECAM_C": 0.5618771314620972
            },
            "Truncated": 0,
            "ObjectMeta": {
                "SourceID": 73,
                "SubType": "us_white_ground_rectangle_unknown",
                "Text": "",
                "OcrVersion": 10006
            }
        },
        {
            "ActorName": "TRAFFIC_SIGN 74",
            "ObjectId": 74,
            "BoundingBox3D Origin X": 98.09405875577067,
            "BoundingBox3D Origin Y": -3.4986883033416234,
            "BoundingBox3D Origin Z": 3.6017494164407253,
            "BoundingBox3D Extent X": 0.1,
            "BoundingBox3D Extent Y": 1.0443760949039496,
            "BoundingBox3D Extent Z": 0.9445654290099652,
            "BoundingBox3D Orientation Quat W": 0.0604194521249427,
            "BoundingBox3D Orientation Quat X": 0.0027568791993258,
            "BoundingBox3D Orientation Quat Y": 0.011895418000171,
            "BoundingBox3D Orientation Quat Z": 0.9980983861587008,
            "ObjectType": "TRAFFIC_SIGN",
            "Occluded": {
                "F_MIDRANGECAM_C": 0.0005827478016726
            },
            "Truncated": 0,
            "ObjectMeta": {
                "SourceID": 74,
                "SubType": "us_white_ground_rectangle_unknown",
                "Text": "Ho",
                "OcrVersion": 10006
            }
        },
        {
            "ActorName": "TRAFFIC_SIGN 75",
            "ObjectId": 75,
            "BoundingBox3D Origin X": 87.51475113593915,
            "BoundingBox3D Origin Y": 14.02060024542152,
            "BoundingBox3D Origin Z": 0.3655097531154752,
            "BoundingBox3D Extent X": 0.1,
            "BoundingBox3D Extent Y": 0.9246897276089624,
            "BoundingBox3D Extent Z": 0.4851001072257914,
            "BoundingBox3D Orientation Quat W": -0.3194915439854365,
            "BoundingBox3D Orientation Quat X": 0.0070298198260492,
            "BoundingBox3D Orientation Quat Y": 0.0099840347356595,
            "BoundingBox3D Orientation Quat Z": 0.9475104506048534,
            "ObjectType": "TRAFFIC_SIGN",
            "Occluded": {
                "F_MIDRANGECAM_C": 0.9986718893051147
            },
            "Truncated": 0,
            "ObjectMeta": {
                "SourceID": 75,
                "SubType": "us_white_ground_rectangle_unknown",
                "Text": "",
                "OcrVersion": 10006
            }
        },
        {
            "ActorName": "TRAFFIC_SIGN 76",
            "ObjectId": 76,
            "BoundingBox3D Origin X": 98.04215310126892,
            "BoundingBox3D Origin Y": -3.5154526358819567,
            "BoundingBox3D Origin Z": 2.912404153496027,
            "BoundingBox3D Extent X": 0.1,
            "BoundingBox3D Extent Y": 0.6871968100218089,
            "BoundingBox3D Extent Z": 0.273953078968039,
            "BoundingBox3D Orientation Quat W": 0.1540247026106987,
            "BoundingBox3D Orientation Quat X": 0.0016279890901936,
            "BoundingBox3D Orientation Quat Y": 0.0121022529842215,
            "BoundingBox3D Orientation Quat Z": 0.9879915364566206,
            "ObjectType": "TRAFFIC_SIGN",
            "Occluded": {
                "F_MIDRANGECAM_C": 0.9972699284553528
            },
            "Truncated": 0,
            "ObjectMeta": {
                "SourceID": 76,
                "SubType": "us_white_ground_rectangle_unknown",
                "Text": "",
                "OcrVersion": 10006
            }
        },
        {
            "ActorName": "TRAFFIC_SIGN 77",
            "ObjectId": 77,
            "BoundingBox3D Origin X": 97.52547448530822,
            "BoundingBox3D Origin Y": -3.519957361451816,
            "BoundingBox3D Origin Z": 2.5668697766959667,
            "BoundingBox3D Extent X": 0.0999999999999999,
            "BoundingBox3D Extent Y": 0.60407060371918,
            "BoundingBox3D Extent Z": 0.2037042366830296,
            "BoundingBox3D Orientation Quat W": 0.193292165812783,