{
    "CapturedObjects": [
        {
            "ActorName": "TRAFFIC_SIGN 74",
            "ObjectId": 74,
            "BoundingBox3D Origin X": 22.893994166663106,
            "BoundingBox3D Origin Y": -5.025278455628722,
            "BoundingBox3D Origin Z": 4.234614813700318,
            "BoundingBox3D Extent X": 0.1,
            "BoundingBox3D Extent Y": 1.0443760949039496,
            "BoundingBox3D Extent Z": 0.9445654290099652,
            "BoundingBox3D Orientation Quat W": 0.0642032670978555,
            "BoundingBox3D Orientation Quat X": 0.0009462106403437,
            "BoundingBox3D Orientation Quat Y": 0.0041822208283619,
            "BoundingBox3D Orientation Quat Z": 0.9979276297449272,
            "ObjectType": "TRAFFIC_SIGN",
            "Occluded": {
                "F_MIDRANGECAM_C": 3.4718148526735604e-05
            },
            "Truncated": 0,
            "ObjectMeta": {
                "SourceID": 74,
                "SubType": "us_white_ground_rectangle_unknown",
                "Text": "Ho",
                "OcrVersion": 10006
            }
        },
        {
            "ActorName": "TRAFFIC_SIGN 75",
            "ObjectId": 75,
            "BoundingBox3D Origin X": 12.462278760754998,
            "BoundingBox3D Origin Y": 12.62108350082417,
            "BoundingBox3D Origin Z": 1.2161555225029588,
            "BoundingBox3D Extent X": 0.1,
            "BoundingBox3D Extent Y": 0.9246897276089624,
            "BoundingBox3D Extent Z": 0.4851001072257914,
            "BoundingBox3D Orientation Quat W": -0.3159245306055651,
            "BoundingBox3D Orientation Quat X": 0.0024505121149906,
            "BoundingBox3D Orientation Quat Y": 0.0035198543810505,
            "BoundingBox3D Orientation Quat Z": 0.9487746289700016,
            "ObjectType": "TRAFFIC_SIGN",
            "Occluded": {
                "F_MIDRANGECAM_C": 4.793861080543138e-05
            },
            "Truncated": 0,
            "ObjectMeta": {
                "SourceID": 75,
                "SubType": "us_white_ground_rectangle_unknown",
                "Text": "",
                "OcrVersion": 10006
            }
        },
        {
            "ActorName": "TRAFFIC_SIGN 76",
            "ObjectId": 76,
            "BoundingBox3D Origin X": 22.84520163113848,
            "BoundingBox3D Origin Y": -5.031212413756293,
            "BoundingBox3D Origin Z": 3.54486998450011,
            "BoundingBox3D Extent X": 0.1,
            "BoundingBox3D Extent Y": 0.6871968100218089,
            "BoundingBox3D Extent Z": 0.273953078968039,
            "BoundingBox3D Orientation Quat W": 0.1577761966439354,
            "BoundingBox3D Orientation Quat X": 0.0005506363810393,
            "BoundingBox3D Orientation Quat Y": 0.0042526294197344,
            "BoundingBox3D Orientation Quat Z": 0.9874655860915702,
            "ObjectType": "TRAFFIC_SIGN",
            "Occluded": {
                "F_MIDRANGECAM_C": 8.890688718565798e-07
            },
            "Truncated": 0,
            "ObjectMeta": {
                "SourceID": 76,
                "SubType": "us_white_ground_rectangle_unknown",
                "Text": "",
                "OcrVersion": 10006
            }
        },
        {
            "ActorName": "TRAFFIC_SIGN 77",
            "ObjectId": 77,
            "BoundingBox3D Origin X": 22.330132691628023,
            "BoundingBox3D Origin Y": -5.026556364624412,
            "BoundingBox3D Origin Z": 3.1969500817358494,
            "BoundingBox3D Extent X": 0.0999999999999999,
            "BoundingBox3D Extent Y": 0.60407060371918,
            "BoundingBox3D Extent Z": 0.2037042366830296,
            "BoundingBox3D Orientation Quat W": 0.1970198491064969,
            "BoundingBox3D Orientation Quat X": 0.0003802166278461,
            "BoundingBox3D Orientation Quat Y": 0.0042712281291431,
            "BoundingBox3D Orientation Quat Z": 0.9803901218921158,
            "ObjectType": "TRAFFIC_SIGN",
            "Occluded": {
                "F_MIDRANGECAM_C": 0.0525880567729473
            },
            "Truncated": 0,
            "ObjectMeta": {
                "SourceID": 77,
                "SubType": "us_white_ground_rectangle_unknown",
                "Text": "",
                "OcrVersion": 10006
            }
        },
        {
            "ActorName": "TRAFFIC_SIGN 78",
            "ObjectId": 78,
            "BoundingBox3D Origin X": 88.3507479049531,
            "BoundingBox3D Origin Y": -4.454369920749741,
            "BoundingBox3D Origin Z": 2.479157632216811,
            "BoundingBox3D Extent X": 0.1,
            "BoundingBox3D Extent Y": 0.3832816087039713,
            "BoundingBox3D Extent Z": 0.4357120768838613,
            "BoundingBox3D Orientation Quat W": 0.1049921704511477,
            "BoundingBox3D Orientation Quat X": 0.0007808783339831,
            "BoundingBox3D Orientation Quat Y": 0.0042179837972542,
            "BoundingBox3D Orientation Quat Z": 0.9944637967194534,
            "ObjectType": "TRAFFIC_SIGN",
            "Occluded": {
                "F_MIDRANGECAM_C": 0.9998608827590942
            },
            "Truncated": 0,
            "ObjectMeta": {
                "SourceID": 78,
                "SubType": "unknown",
                "Text": "",
                "OcrVersion": 10006
            }
        },
        {
            "ActorName": "TRAFFIC_SIGN 79",
            "ObjectId": 79,
            "BoundingBox3D Origin X": 98.16062711091764,
            "BoundingBox3D Origin Y": 23.053281007167243,
            "BoundingBox3D Origin Z": 5.746773569844663,
            "BoundingBox3D Extent X": 0.1,
            "BoundingBox3D Extent Y": 1.7107504098693462,
            "BoundingBox3D Extent Z": 0.6034869053535241,
            "BoundingBox3D Orientation Quat W": -0.3126490549938874,
            "BoundingBox3D Orientation Quat X": 0.0024456400203377,
            "BoundingBox3D Orientation Quat Y": 0.0035271758979203,
            "BoundingBox3D Orientation Quat Z": 0.9498590138996972,
            "ObjectType": "TRAFFIC_SIGN",
            "Occluded": {
                "F_MIDRANGECAM_C": 0.9152756929397584
            },
            "Truncated": 0,
            "ObjectMeta": {
                "SourceID": 79,
                "SubType": "unknown",
                "Text": "",
                "OcrVersion": 10006
            }
        },
        {
            "ActorName": "TRAFFIC_SIGN 80",
            "ObjectId": 80,
            "BoundingBox3D Origin X": 135.9173945294824,
            "BoundingBox3D Origin Y": 9.226304393232567,
            "BoundingBox3D Origin Z": 6.499945040792227,
            "BoundingBox3D Extent X": 0.0999999999999999,
            "BoundingBox3D Extent Y": 0.9914366721812164,
            "BoundingBox3D Extent Z": 1.020302161968541,
            "BoundingBox3D Orientation Quat W": -0.1138973373015995,
            "BoundingBox3D Orientation Quat X": 0.0016832555723032,
            "BoundingBox3D Orientation Quat Y": 0.0039476569853184,
            "BoundingBox3D Orientation Quat Z": 0.9934832556266916,
            "ObjectType": "TRAFFIC_SIGN",
            "Occluded": {
                "F_MIDRANGECAM_C": 0.9886387586593628
            },
            "Truncated": 0,
            "ObjectMeta": {
                "SourceID": 80,
                "SubType": "us_white_ground_rectangle_unknown",
                "Text": "Lt.",
                "OcrVersion": 10006
            }
        },
        {
            "ActorName": "TRAFFIC_SIGN 81",
            "ObjectId": 81,
            "BoundingBox3D Origin X": 137.04223910906876,
            "BoundingBox3D Origin Y": -4.870635703373409,
            "BoundingBox3D Origin Z": 4.841243645176292,
            "BoundingBox3D Extent X": 0.1,
            "BoundingBox3D Extent Y": 0.7463736033616835,
            "BoundingBox3D Extent Z": 0.983651782538956,
            "BoundingBox3D Orientation Quat W": 0.0711169182639747,