{
    "CapturedObjects": [
        {
            "ActorName": "TRAFFIC_SIGN 78",
            "ObjectId": 78,
            "BoundingBox3D Origin X": 37.33217909889208,
            "BoundingBox3D Origin Y": -5.016716419595468,
            "BoundingBox3D Origin Z": 2.798716312274337,
            "BoundingBox3D Extent X": 0.1,
            "BoundingBox3D Extent Y": 0.3832816087039713,
            "BoundingBox3D Extent Z": 0.4357120768838613,
            "BoundingBox3D Orientation Quat W": 0.1075223595132492,
            "BoundingBox3D Orientation Quat X": -0.0020536319055735,
            "BoundingBox3D Orientation Quat Y": 0.0016990182546806,
            "BoundingBox3D Orientation Quat Z": 0.9941990938125368,
            "ObjectType": "TRAFFIC_SIGN",
            "Occluded": {
                "F_MIDRANGECAM_C": 0.8443036675453186
            },
            "Truncated": 0,
            "ObjectMeta": {
                "SourceID": 78,
                "SubType": "unknown",
                "Text": "",
                "OcrVersion": 10006
            }
        },
        {
            "ActorName": "TRAFFIC_SIGN 79",
            "ObjectId": 79,
            "BoundingBox3D Origin X": 47.26057865974872,
            "BoundingBox3D Origin Y": 22.425867085239588,
            "BoundingBox3D Origin Z": 6.248725919052959,
            "BoundingBox3D Extent X": 0.1,
            "BoundingBox3D Extent Y": 1.7107504098693462,
            "BoundingBox3D Extent Z": 0.6034869053535241,
            "BoundingBox3D Orientation Quat W": -0.3102295501036693,
            "BoundingBox3D Orientation Quat X": -0.0011743276265853,
            "BoundingBox3D Orientation Quat Y": 0.002393787013016,
            "BoundingBox3D Orientation Quat Z": 0.9506579389984798,
            "ObjectType": "TRAFFIC_SIGN",
            "Occluded": {
                "F_MIDRANGECAM_C": 0.996965229511261
            },
            "Truncated": 0,
            "ObjectMeta": {
                "SourceID": 79,
                "SubType": "unknown",
                "Text": "",
                "OcrVersion": 10006
            }
        },
        {
            "ActorName": "TRAFFIC_SIGN 80",
            "ObjectId": 80,
            "BoundingBox3D Origin X": 84.94176686954961,
            "BoundingBox3D Origin Y": 8.404035830790235,
            "BoundingBox3D Origin Z": 7.173890631645918,
            "BoundingBox3D Extent X": 0.0999999999999999,
            "BoundingBox3D Extent Y": 0.9914366721812164,
            "BoundingBox3D Extent Z": 1.020302161968541,
            "BoundingBox3D Orientation Quat W": -0.1113674847099865,
            "BoundingBox3D Orientation Quat X": -0.001632083267224,
            "BoundingBox3D Orientation Quat Y": 0.0021055376217057,
            "BoundingBox3D Orientation Quat Z": 0.993775722366422,
            "ObjectType": "TRAFFIC_SIGN",
            "Occluded": {
                "F_MIDRANGECAM_C": 0.5292635560035706
            },
            "Truncated": 0,
            "ObjectMeta": {
                "SourceID": 80,
                "SubType": "us_white_ground_rectangle_unknown",
                "Text": "Lt.",
                "OcrVersion": 10006
            }
        },
        {
            "ActorName": "TRAFFIC_SIGN 81",
            "ObjectId": 81,
            "BoundingBox3D Origin X": 86.0056080515642,
            "BoundingBox3D Origin Y": -5.690907949938264,
            "BoundingBox3D Origin Z": 5.459726728498936,
            "BoundingBox3D Extent X": 0.1,
            "BoundingBox3D Extent Y": 0.7463736033616835,
            "BoundingBox3D Extent Z": 0.983651782538956,
            "BoundingBox3D Orientation Quat W": 0.0736550765626671,
            "BoundingBox3D Orientation Quat X": -0.0019927130386853,
            "BoundingBox3D Orientation Quat Y": 0.0017682130450689,
            "BoundingBox3D Orientation Quat Z": 0.9972802174985328,
            "ObjectType": "TRAFFIC_SIGN",
            "Occluded": {
                "F_MIDRANGECAM_C": 0.9961905479431152
            },
            "Truncated": 0,
            "ObjectMeta": {
                "SourceID": 81,
                "SubType": "us_white_ground_rectangle_unknown",
                "Text": "A",
                "OcrVersion": 10006
            }
        },
        {
            "ActorName": "TRAFFIC_SIGN 82",
            "ObjectId": 82,
            "BoundingBox3D Origin X": 85.91602194584993,
            "BoundingBox3D Origin Y": -1.5169937989121536,
            "BoundingBox3D Origin Z": 6.500055628828704,
            "BoundingBox3D Extent X": 0.1,
            "BoundingBox3D Extent Y": 2.213188412608715,
            "BoundingBox3D Extent Z": 0.5427212993728956,
            "BoundingBox3D Orientation Quat W": 0.0165084841863896,
            "BoundingBox3D Orientation Quat X": -0.0018879011939671,
            "BoundingBox3D Orientation Quat Y": 0.0018793472961323,
            "BoundingBox3D Orientation Quat Z": 0.9998601771411294,
            "ObjectType": "TRAFFIC_SIGN",
            "Occluded": {
                "F_MIDRANGECAM_C": 0.9988825917243958
            },
            "Truncated": 0,
            "ObjectMeta": {
                "SourceID": 82,
                "SubType": "unknown",
                "Text": "",
                "OcrVersion": 10006
            }
        },
        {
            "ActorName": "TRAFFIC_SIGN 83",
            "ObjectId": 83,
            "BoundingBox3D Origin X": 81.9675813473441,
            "BoundingBox3D Origin Y": -10.85979657063217,
            "BoundingBox3D Origin Z": 3.7318548625335097,
            "BoundingBox3D Extent X": 0.1,
            "BoundingBox3D Extent Y": 0.5022577767826779,
            "BoundingBox3D Extent Z": 0.4764159543296132,
            "BoundingBox3D Orientation Quat W": 0.1584884884749098,
            "BoundingBox3D Orientation Quat X": -0.0021348893247911,
            "BoundingBox3D Orientation Quat Y": 0.0015913546839693,
            "BoundingBox3D Orientation Quat Z": 0.987357234671818,
            "ObjectType": "TRAFFIC_SIGN",
            "Occluded": {
                "F_MIDRANGECAM_C": 0.9985042810440063
            },
            "Truncated": 0,
            "ObjectMeta": {
                "SourceID": 83,
                "SubType": "unknown",
                "Text": "",
                "OcrVersion": 10006
            }
        },
        {
            "ActorName": "TRAFFIC_SIGN 84",
            "ObjectId": 84,
            "BoundingBox3D Origin X": 82.66716809667923,
            "BoundingBox3D Origin Y": -10.92221157318636,
            "BoundingBox3D Origin Z": 2.976341998204589,
            "BoundingBox3D Extent X": 0.1,
            "BoundingBox3D Extent Y": 0.5902100148686099,
            "BoundingBox3D Extent Z": 0.6262998747597067,
            "BoundingBox3D Orientation Quat W": 0.4131889048473032,
            "BoundingBox3D Orientation Quat X": -0.0024785748668735,
            "BoundingBox3D Orientation Quat Y": 0.0009723271083438,
            "BoundingBox3D Orientation Quat Z": 0.9106414443444302,
            "ObjectType": "TRAFFIC_SIGN",
            "Occluded": {
                "F_MIDRANGECAM_C": 0.9997252821922302
            },
            "Truncated": 0,
            "ObjectMeta": {
                "SourceID": 84,
                "SubType": "us_white_ground_rectangle_unknown",
                "Text": "",
                "OcrVersion": 10006
            }
        },
        {
            "ActorName": "TRAFFIC_SIGN 85",
            "ObjectId": 85,
            "BoundingBox3D Origin X": 85.58112452938076,
            "BoundingBox3D Origin Y": -9.331485683185749,
            "BoundingBox3D Origin Z": 2.94453386683017,
            "BoundingBox3D Extent X": 0.1,
            "BoundingBox3D Extent Y": 0.4321764308658682,
            "BoundingBox3D Extent Z": 0.619127164289498,
            "BoundingBox3D Orientation Quat W": 0.1503229523573248,
            "BoundingBox3D Orientation Quat X": -0.0021221166770623,
            "BoundingBox3D Orientation Quat Y": 0.0016092076746285,