{
    "CapturedObjects": [
        {
            "ActorName": "TRAFFIC_SIGN 71",
            "ObjectId": 71,
            "BoundingBox3D Origin X": 4.4248631893751735,
            "BoundingBox3D Origin Y": -6.924410845225793,
            "BoundingBox3D Origin Z": 1.360088369809091,
            "BoundingBox3D Extent X": 0.1,
            "BoundingBox3D Extent Y": 0.4031856189935762,
            "BoundingBox3D Extent Z": 0.4997455218914134,
            "BoundingBox3D Orientation Quat W": 0.1093005552379328,
            "BoundingBox3D Orientation Quat X": 0.0011469017220336,
            "BoundingBox3D Orientation Quat Y": 0.007818848050596,
            "BoundingBox3D Orientation Quat Z": 0.9939773331702696,
            "ObjectType": "TRAFFIC_SIGN",
            "Occluded": {
                "F_CTCAM_L": 0.0
            },
            "Truncated": 0,
            "ObjectMeta": {
                "SourceID": 71,
                "SubType": "unknown",
                "Text": "",
                "OcrVersion": 10006
            }
        },
        {
            "ActorName": "TRAFFIC_SIGN 72",
            "ObjectId": 72,
            "BoundingBox3D Origin X": 6.33878283615195,
            "BoundingBox3D Origin Y": -7.455580314272083,
            "BoundingBox3D Origin Z": 1.903366112150252,
            "BoundingBox3D Extent X": 0.1,
            "BoundingBox3D Extent Y": 0.9388444663395614,
            "BoundingBox3D Extent Z": 0.3092811740232059,
            "BoundingBox3D Orientation Quat W": 0.2812868763035541,
            "BoundingBox3D Orientation Quat X": -0.0002367395584758,
            "BoundingBox3D Orientation Quat Y": 0.0078986871507417,
            "BoundingBox3D Orientation Quat Z": 0.9595911879102816,
            "ObjectType": "TRAFFIC_SIGN",
            "Occluded": {
                "F_CTCAM_L": 0.0
            },
            "Truncated": 0,
            "ObjectMeta": {
                "SourceID": 72,
                "SubType": "us_yellow_ground_rectangle_unknown",
                "Text": "Chock and Shol Chun",
                "OcrVersion": 10006
            }
        },
        {
            "ActorName": "TRAFFIC_SIGN 73",
            "ObjectId": 73,
            "BoundingBox3D Origin X": 18.91546817357812,
            "BoundingBox3D Origin Y": -5.161897440702887,
            "BoundingBox3D Origin Z": 2.8486614134162664,
            "BoundingBox3D Extent X": 0.1,
            "BoundingBox3D Extent Y": 0.3362411013069622,
            "BoundingBox3D Extent Z": 0.4807453413399092,
            "BoundingBox3D Orientation Quat W": 0.158140648603757,
            "BoundingBox3D Orientation Quat X": 0.0007614533138304,
            "BoundingBox3D Orientation Quat Y": 0.0078660801438855,
            "BoundingBox3D Orientation Quat Z": 0.9873849706326316,
            "ObjectType": "TRAFFIC_SIGN",
            "Occluded": {
                "F_MIDRANGECAM_C": 0.0001663810980971
            },
            "Truncated": 0,
            "ObjectMeta": {
                "SourceID": 73,
                "SubType": "us_white_ground_rectangle_unknown",
                "Text": "",
                "OcrVersion": 10006
            }
        },
        {
            "ActorName": "TRAFFIC_SIGN 74",
            "ObjectId": 74,
            "BoundingBox3D Origin X": 61.86741420565886,
            "BoundingBox3D Origin Y": -5.15192219382152,
            "BoundingBox3D Origin Z": 4.041826565749943,
            "BoundingBox3D Extent X": 0.1,
            "BoundingBox3D Extent Y": 1.0443760949039496,
            "BoundingBox3D Extent Z": 0.9445654290099652,
            "BoundingBox3D Orientation Quat W": 0.066993401193607,
            "BoundingBox3D Orientation Quat X": 0.001480312384907,
            "BoundingBox3D Orientation Quat Y": 0.0077637389819256,
            "BoundingBox3D Orientation Quat Z": 0.9977221142326034,
            "ObjectType": "TRAFFIC_SIGN",
            "Occluded": {
                "F_MIDRANGECAM_C": 4.749912477564067e-06
            },
            "Truncated": 0,
            "ObjectMeta": {
                "SourceID": 74,
                "SubType": "us_white_ground_rectangle_unknown",
                "Text": "Ho",
                "OcrVersion": 10006
            }
        },
        {
            "ActorName": "TRAFFIC_SIGN 75",
            "ObjectId": 75,
            "BoundingBox3D Origin X": 51.52986167984636,
            "BoundingBox3D Origin Y": 12.530621861034888,
            "BoundingBox3D Origin Z": 0.9138876292854548,
            "BoundingBox3D Extent X": 0.1,
            "BoundingBox3D Extent Y": 0.9246897276089624,
            "BoundingBox3D Extent Z": 0.4851001072257914,
            "BoundingBox3D Orientation Quat W": -0.3132603277793487,
            "BoundingBox3D Orientation Quat X": 0.004291674049298,
            "BoundingBox3D Orientation Quat Y": 0.0066371455400064,
            "BoundingBox3D Orientation Quat Z": 0.9496344016896768,
            "ObjectType": "TRAFFIC_SIGN",
            "Occluded": {
                "F_MIDRANGECAM_C": 0.4981931447982788
            },
            "Truncated": 0,
            "ObjectMeta": {
                "SourceID": 75,
                "SubType": "us_white_ground_rectangle_unknown",
                "Text": "",
                "OcrVersion": 10006
            }
        },
        {
            "ActorName": "TRAFFIC_SIGN 76",
            "ObjectId": 76,
            "BoundingBox3D Origin X": 61.81753927062891,
            "BoundingBox3D Origin Y": -5.162467783258762,
            "BoundingBox3D Origin Z": 3.352212394587696,
            "BoundingBox3D Extent X": 0.1,
            "BoundingBox3D Extent Y": 0.6871968100218089,
            "BoundingBox3D Extent Z": 0.273953078968039,
            "BoundingBox3D Orientation Quat W": 0.1605339823286032,
            "BoundingBox3D Orientation Quat X": 0.0007457980431631,
            "BoundingBox3D Orientation Quat Y": 0.0078684231846197,
            "BoundingBox3D Orientation Quat Z": 0.9869986688033506,
            "ObjectType": "TRAFFIC_SIGN",
            "Occluded": {
                "F_MIDRANGECAM_C": 0.991974413394928
            },
            "Truncated": 0,
            "ObjectMeta": {
                "SourceID": 76,
                "SubType": "us_white_ground_rectangle_unknown",
                "Text": "",
                "OcrVersion": 10006
            }
        },
        {
            "ActorName": "TRAFFIC_SIGN 77",
            "ObjectId": 77,
            "BoundingBox3D Origin X": 61.30197545309784,
            "BoundingBox3D Origin Y": -5.157392239852925,
            "BoundingBox3D Origin Z": 3.005031375214457,
            "BoundingBox3D Extent X": 0.0999999999999999,
            "BoundingBox3D Extent Y": 0.60407060371918,
            "BoundingBox3D Extent Z": 0.2037042366830296,
            "BoundingBox3D Orientation Quat W": 0.1997565709059613,
            "BoundingBox3D Orientation Quat X": 0.0004311735516885,
            "BoundingBox3D Orientation Quat Y": 0.0078918712784076,
            "BoundingBox3D Orientation Quat Z": 0.979813678633333,
            "ObjectType": "TRAFFIC_SIGN",
            "Occluded": {
                "F_MIDRANGECAM_C": 0.9931994080543518
            },
            "Truncated": 0,
            "ObjectMeta": {
                "SourceID": 77,
                "SubType": "us_white_ground_rectangle_unknown",
                "Text": "",
                "OcrVersion": 10006
            }
        },
        {
            "ActorName": "TRAFFIC_SIGN 78",
            "ObjectId": 78,
            "BoundingBox3D Origin X": 127.32356740018076,
            "BoundingBox3D Origin Y": -4.959964079171186,
            "BoundingBox3D Origin Z": 2.185317588970065,
            "BoundingBox3D Extent X": 0.1,
            "BoundingBox3D Extent Y": 0.3832816087039713,
            "BoundingBox3D Extent Z": 0.4357120768838613,
            "BoundingBox3D Orientation Quat W": 0.1077712848912598,
            "BoundingBox3D Orientation Quat X": 0.0011680744449899,