{
    "CapturedObjects": [
        {
            "ActorName": "TRAFFIC_SIGN 78",
            "ObjectId": 78,
            "BoundingBox3D Origin X": 54.50877907737049,
            "BoundingBox3D Origin Y": -4.767068222310627,
            "BoundingBox3D Origin Z": 2.609043681062758,
            "BoundingBox3D Extent X": 0.1,
            "BoundingBox3D Extent Y": 0.3832816087039713,
            "BoundingBox3D Extent Z": 0.4357120768838613,
            "BoundingBox3D Orientation Quat W": 0.1063337963569988,
            "BoundingBox3D Orientation Quat X": 0.0004092206702792,
            "BoundingBox3D Orientation Quat Y": 0.0071654162556538,
            "BoundingBox3D Orientation Quat Z": 0.9943045876896246,
            "ObjectType": "TRAFFIC_SIGN",
            "Occluded": {
                "F_MIDRANGECAM_C": 0.9998990297317504
            },
            "Truncated": 0,
            "ObjectMeta": {
                "SourceID": 78,
                "SubType": "unknown",
                "Text": "",
                "OcrVersion": 10006
            }
        },
        {
            "ActorName": "TRAFFIC_SIGN 79",
            "ObjectId": 79,
            "BoundingBox3D Origin X": 64.39243858880218,
            "BoundingBox3D Origin Y": 22.732755064585945,
            "BoundingBox3D Origin Z": 5.714581678621471,
            "BoundingBox3D Extent X": 0.1,
            "BoundingBox3D Extent Y": 1.7107504098693462,
            "BoundingBox3D Extent Z": 0.6034869053535241,
            "BoundingBox3D Orientation Quat W": -0.3113570071289701,
            "BoundingBox3D Orientation Quat X": 0.0033165722463027,
            "BoundingBox3D Orientation Quat Y": 0.0063673317869542,
            "BoundingBox3D Orientation Quat Z": 0.9502658951820486,
            "ObjectType": "TRAFFIC_SIGN",
            "Occluded": {
                "F_MIDRANGECAM_C": 0.8948482275009155
            },
            "Truncated": 0,
            "ObjectMeta": {
                "SourceID": 79,
                "SubType": "unknown",
                "Text": "",
                "OcrVersion": 10006
            }
        },
        {
            "ActorName": "TRAFFIC_SIGN 80",
            "ObjectId": 80,
            "BoundingBox3D Origin X": 102.111746990553,
            "BoundingBox3D Origin Y": 8.808881060351268,
            "BoundingBox3D Origin Z": 6.555146331898868,
            "BoundingBox3D Extent X": 0.0999999999999999,
            "BoundingBox3D Extent Y": 0.9914366721812164,
            "BoundingBox3D Extent Z": 1.020302161968541,
            "BoundingBox3D Orientation Quat W": -0.1125511032806906,
            "BoundingBox3D Orientation Quat X": 0.0019614921321758,
            "BoundingBox3D Orientation Quat Y": 0.0069054486650186,
            "BoundingBox3D Orientation Quat Z": 0.9936200060775998,
            "ObjectType": "TRAFFIC_SIGN",
            "Occluded": {
                "F_MIDRANGECAM_C": 0.8068459630012512
            },
            "Truncated": 0,
            "ObjectMeta": {
                "SourceID": 80,
                "SubType": "us_white_ground_rectangle_unknown",
                "Text": "Lt.",
                "OcrVersion": 10006
            }
        },
        {
            "ActorName": "TRAFFIC_SIGN 81",
            "ObjectId": 81,
            "BoundingBox3D Origin X": 103.1987682623585,
            "BoundingBox3D Origin Y": -5.300537446746603,
            "BoundingBox3D Origin Z": 4.980362486094236,
            "BoundingBox3D Extent X": 0.1,
            "BoundingBox3D Extent Y": 0.7463736033616835,
            "BoundingBox3D Extent Z": 0.983651782538956,
            "BoundingBox3D Orientation Quat W": 0.0724634909477184,
            "BoundingBox3D Orientation Quat X": 0.0006546530258119,
            "BoundingBox3D Orientation Quat Y": 0.0071477500413857,
            "BoundingBox3D Orientation Quat Z": 0.997345237908334,
            "ObjectType": "TRAFFIC_SIGN",
            "Occluded": {
                "F_MIDRANGECAM_C": 0.9672720432281494
            },
            "Truncated": 0,
            "ObjectMeta": {
                "SourceID": 81,
                "SubType": "us_white_ground_rectangle_unknown",
                "Text": "A",
                "OcrVersion": 10006
            }
        },
        {
            "ActorName": "TRAFFIC_SIGN 82",
            "ObjectId": 82,
            "BoundingBox3D Origin X": 103.1055425318682,
            "BoundingBox3D Origin Y": -1.1162984150723787,
            "BoundingBox3D Origin Z": 5.978008116595447,
            "BoundingBox3D Extent X": 0.1,
            "BoundingBox3D Extent Y": 2.213188412608715,
            "BoundingBox3D Extent Z": 0.5427212993728956,
            "BoundingBox3D Orientation Quat W": 0.0153149378295241,
            "BoundingBox3D Orientation Quat X": 0.0010628477926266,
            "BoundingBox3D Orientation Quat Y": 0.007098783416479,
            "BoundingBox3D Orientation Quat Z": 0.9998569549229794,
            "ObjectType": "TRAFFIC_SIGN",
            "Occluded": {
                "F_MIDRANGECAM_C": 0.9957050681114196
            },
            "Truncated": 0,
            "ObjectMeta": {
                "SourceID": 82,
                "SubType": "unknown",
                "Text": "",
                "OcrVersion": 10006
            }
        },
        {
            "ActorName": "TRAFFIC_SIGN 83",
            "ObjectId": 83,
            "BoundingBox3D Origin X": 99.16268432914694,
            "BoundingBox3D Origin Y": -10.49640626096516,
            "BoundingBox3D Origin Z": 3.3306507328525186,
            "BoundingBox3D Extent X": 0.1,
            "BoundingBox3D Extent Y": 0.5022577767826779,
            "BoundingBox3D Extent Z": 0.4764159543296132,
            "BoundingBox3D Orientation Quat W": 0.157307150866571,
            "BoundingBox3D Orientation Quat X": 4.359106218160138e-05,
            "BoundingBox3D Orientation Quat Y": 0.0071770833892083,
            "BoundingBox3D Orientation Quat Z": 0.987523644203057,
            "ObjectType": "TRAFFIC_SIGN",
            "Occluded": {
                "F_MIDRANGECAM_C": 0.9997872710227966
            },
            "Truncated": 0,
            "ObjectMeta": {
                "SourceID": 83,
                "SubType": "unknown",
                "Text": "",
                "OcrVersion": 10006
            }
        },
        {
            "ActorName": "TRAFFIC_SIGN 84",
            "ObjectId": 84,
            "BoundingBox3D Origin X": 99.85782180877686,
            "BoundingBox3D Origin Y": -10.565012351973564,
            "BoundingBox3D Origin Z": 2.57157233543694,
            "BoundingBox3D Extent X": 0.1,
            "BoundingBox3D Extent Y": 0.5902100148686099,
            "BoundingBox3D Extent Z": 0.6262998747597067,
            "BoundingBox3D Orientation Quat W": 0.4120942416129009,
            "BoundingBox3D Orientation Quat X": -0.0018503822824431,
            "BoundingBox3D Orientation Quat Y": 0.006934719949921,
            "BoundingBox3D Orientation Quat Z": 0.9111129577467948,
            "ObjectType": "TRAFFIC_SIGN",
            "Occluded": {
                "F_MIDRANGECAM_C": 0.9994229078292848
            },
            "Truncated": 0,
            "ObjectMeta": {
                "SourceID": 84,
                "SubType": "us_white_ground_rectangle_unknown",
                "Text": "",
                "OcrVersion": 10006
            }
        },
        {
            "ActorName": "TRAFFIC_SIGN 85",
            "ObjectId": 85,
            "BoundingBox3D Origin X": 102.76772260706092,
            "BoundingBox3D Origin Y": -8.967932330546319,
            "BoundingBox3D Origin Z": 2.505567948333919,
            "BoundingBox3D Extent X": 0.1,
            "BoundingBox3D Extent Y": 0.4321764308658682,
            "BoundingBox3D Extent Z": 0.619127164289498,
            "BoundingBox3D Orientation Quat W": 0.1491402411547854,
            "BoundingBox3D Orientation Quat X": 0.0001024708603379,
            "BoundingBox3D Orientation Quat Y": 0.0071767475508557,