{
    "CapturedObjects": [
        {
            "ActorName": "TRAFFIC_SIGN 71",
            "ObjectId": 71,
            "BoundingBox3D Origin X": 18.63162162312801,
            "BoundingBox3D Origin Y": -6.882241106606671,
            "BoundingBox3D Origin Z": 1.2568076429888606,
            "BoundingBox3D Extent X": 0.1,
            "BoundingBox3D Extent Y": 0.4031856189935762,
            "BoundingBox3D Extent Z": 0.4997455218914134,
            "BoundingBox3D Orientation Quat W": 0.1115024476682601,
            "BoundingBox3D Orientation Quat X": 0.0028457567505493,
            "BoundingBox3D Orientation Quat Y": 0.009752761440995,
            "BoundingBox3D Orientation Quat Z": 0.993712226691802,
            "ObjectType": "TRAFFIC_SIGN",
            "Occluded": {
                "F_MIDRANGECAM_C": 1.5263121611042157e-07
            },
            "Truncated": 0,
            "ObjectMeta": {
                "SourceID": 71,
                "SubType": "unknown",
                "Text": "",
                "OcrVersion": 10006
            }
        },
        {
            "ActorName": "TRAFFIC_SIGN 72",
            "ObjectId": 72,
            "BoundingBox3D Origin X": 20.5451959662023,
            "BoundingBox3D Origin Y": -7.420058419927955,
            "BoundingBox3D Origin Z": 1.7947406964376569,
            "BoundingBox3D Extent X": 0.1,
            "BoundingBox3D Extent Y": 0.9388444663395614,
            "BoundingBox3D Extent Z": 0.3092811740232059,
            "BoundingBox3D Orientation Quat W": 0.2834085041042672,
            "BoundingBox3D Orientation Quat X": 0.0010972176274238,
            "BoundingBox3D Orientation Quat Y": 0.0100999147745516,
            "BoundingBox3D Orientation Quat Z": 0.9589454664559434,
            "ObjectType": "TRAFFIC_SIGN",
            "Occluded": {
                "F_MIDRANGECAM_C": 3.339526301715523e-05
            },
            "Truncated": 0,
            "ObjectMeta": {
                "SourceID": 72,
                "SubType": "us_yellow_ground_rectangle_unknown",
                "Text": "Chock and Shol Chun",
                "OcrVersion": 10006
            }
        },
        {
            "ActorName": "TRAFFIC_SIGN 73",
            "ObjectId": 73,
            "BoundingBox3D Origin X": 33.13546140334074,
            "BoundingBox3D Origin Y": -5.179277134171571,
            "BoundingBox3D Origin Z": 2.6846964675933123,
            "BoundingBox3D Extent X": 0.1,
            "BoundingBox3D Extent Y": 0.3362411013069622,
            "BoundingBox3D Extent Z": 0.4807453413399092,
            "BoundingBox3D Orientation Quat W": 0.1603267536218383,
            "BoundingBox3D Orientation Quat X": 0.0023627065870469,
            "BoundingBox3D Orientation Quat Y": 0.0098813799859462,
            "BoundingBox3D Orientation Quat Z": 0.9870117061211784,
            "ObjectType": "TRAFFIC_SIGN",
            "Occluded": {
                "F_MIDRANGECAM_C": 0.0029188459739089
            },
            "Truncated": 0,
            "ObjectMeta": {
                "SourceID": 73,
                "SubType": "us_white_ground_rectangle_unknown",
                "Text": "",
                "OcrVersion": 10006
            }
        },
        {
            "ActorName": "TRAFFIC_SIGN 74",
            "ObjectId": 74,
            "BoundingBox3D Origin X": 76.09127140592318,
            "BoundingBox3D Origin Y": -5.35690756040276,
            "BoundingBox3D Origin Z": 3.716279388405383,
            "BoundingBox3D Extent X": 0.1,
            "BoundingBox3D Extent Y": 1.0443760949039496,
            "BoundingBox3D Extent Z": 0.9445654290099652,
            "BoundingBox3D Orientation Quat W": 0.0692046320593009,
            "BoundingBox3D Orientation Quat X": 0.0032599811301062,
            "BoundingBox3D Orientation Quat Y": 0.0096237513373803,
            "BoundingBox3D Orientation Quat Z": 0.997550737975149,
            "ObjectType": "TRAFFIC_SIGN",
            "Occluded": {
                "F_MIDRANGECAM_C": 0.3463550508022308
            },
            "Truncated": 0,
            "ObjectMeta": {
                "SourceID": 74,
                "SubType": "us_white_ground_rectangle_unknown",
                "Text": "Ho",
                "OcrVersion": 10006
            }
        },
        {
            "ActorName": "TRAFFIC_SIGN 75",
            "ObjectId": 75,
            "BoundingBox3D Origin X": 65.8208120669733,
            "BoundingBox3D Origin Y": 12.360616253004991,
            "BoundingBox3D Origin Z": 0.5653491355478764,
            "BoundingBox3D Extent X": 0.1,
            "BoundingBox3D Extent Y": 0.9246897276089624,
            "BoundingBox3D Extent Z": 0.4851001072257914,
            "BoundingBox3D Orientation Quat W": -0.3111461880101474,
            "BoundingBox3D Orientation Quat X": 0.006641997372171,
            "BoundingBox3D Orientation Quat Y": 0.007691793499706,
            "BoundingBox3D Orientation Quat Z": 0.9503077237771036,
            "ObjectType": "TRAFFIC_SIGN",
            "Occluded": {
                "F_MIDRANGECAM_C": 0.9903802871704102
            },
            "Truncated": 0,
            "ObjectMeta": {
                "SourceID": 75,
                "SubType": "us_white_ground_rectangle_unknown",
                "Text": "",
                "OcrVersion": 10006
            }
        },
        {
            "ActorName": "TRAFFIC_SIGN 76",
            "ObjectId": 76,
            "BoundingBox3D Origin X": 76.03874785403605,
            "BoundingBox3D Origin Y": -5.369626038009301,
            "BoundingBox3D Origin Z": 3.0268978821113706,
            "BoundingBox3D Extent X": 0.1,
            "BoundingBox3D Extent Y": 0.6871968100218089,
            "BoundingBox3D Extent Z": 0.273953078968039,
            "BoundingBox3D Orientation Quat W": 0.1627191789256085,
            "BoundingBox3D Orientation Quat X": 0.0023421495107616,
            "BoundingBox3D Orientation Quat Y": 0.0098875945575863,
            "BoundingBox3D Orientation Quat Z": 0.986620098426598,
            "ObjectType": "TRAFFIC_SIGN",
            "Occluded": {
                "F_MIDRANGECAM_C": 0.963484227657318
            },
            "Truncated": 0,
            "ObjectMeta": {
                "SourceID": 76,
                "SubType": "us_white_ground_rectangle_unknown",
                "Text": "",
                "OcrVersion": 10006
            }
        },
        {
            "ActorName": "TRAFFIC_SIGN 77",
            "ObjectId": 77,
            "BoundingBox3D Origin X": 75.52190465043532,
            "BoundingBox3D Origin Y": -5.363455058060936,
            "BoundingBox3D Origin Z": 2.681642137467861,
            "BoundingBox3D Extent X": 0.0999999999999999,
            "BoundingBox3D Extent Y": 0.60407060371918,
            "BoundingBox3D Extent Z": 0.2037042366830296,
            "BoundingBox3D Orientation Quat W": 0.201924911938687,
            "BoundingBox3D Orientation Quat X": 0.001945553355544,
            "BoundingBox3D Orientation Quat Y": 0.0099731412262176,
            "BoundingBox3D Orientation Quat Z": 0.9793482941297118,
            "ObjectType": "TRAFFIC_SIGN",
            "Occluded": {
                "F_MIDRANGECAM_C": 0.9977747797966005
            },
            "Truncated": 0,
            "ObjectMeta": {
                "SourceID": 77,
                "SubType": "us_white_ground_rectangle_unknown",
                "Text": "",
                "OcrVersion": 10006
            }
        },
        {
            "ActorName": "TRAFFIC_SIGN 78",
            "ObjectId": 78,
            "BoundingBox3D Origin X": 141.54023210102605,
            "BoundingBox3D Origin Y": -5.463618475245312,
            "BoundingBox3D Origin Z": 1.6129536796361208,
            "BoundingBox3D Extent X": 0.1,
            "BoundingBox3D Extent Y": 0.3832816087039713,
            "BoundingBox3D Extent Z": 0.4357120768838613,
            "BoundingBox3D Orientation Quat W": 0.1099735981362142,