{
    "CapturedObjects": [
        {
            "ActorName": "TRAFFIC_SIGN 74",
            "ObjectId": 74,
            "BoundingBox3D Origin X": 19.938209673768142,
            "BoundingBox3D Origin Y": -5.090190664468537,
            "BoundingBox3D Origin Z": 4.387652334757149,
            "BoundingBox3D Extent X": 0.1,
            "BoundingBox3D Extent Y": 1.0443760949039496,
            "BoundingBox3D Extent Z": 0.9445654290099652,
            "BoundingBox3D Orientation Quat W": -0.0644636608838244,
            "BoundingBox3D Orientation Quat X": 0.0036142271971798,
            "BoundingBox3D Orientation Quat Y": 0.0005108165783822,
            "BoundingBox3D Orientation Quat Z": -0.99791337943413,
            "ObjectType": "TRAFFIC_SIGN",
            "Occluded": {
                "F_MIDRANGECAM_C": 2.66529099235413e-07
            },
            "Truncated": 0,
            "ObjectMeta": {
                "SourceID": 74,
                "SubType": "us_white_ground_rectangle_unknown",
                "Text": "Ho",
                "OcrVersion": 10006
            }
        },
        {
            "ActorName": "TRAFFIC_SIGN 75",
            "ObjectId": 75,
            "BoundingBox3D Origin X": 9.544199703450431,
            "BoundingBox3D Origin Y": 12.58746350383126,
            "BoundingBox3D Origin Z": 1.4231864484027028,
            "BoundingBox3D Extent X": 0.1,
            "BoundingBox3D Extent Y": 0.9246897276089624,
            "BoundingBox3D Extent Z": 0.4851001072257914,
            "BoundingBox3D Orientation Quat W": -0.315674639052082,
            "BoundingBox3D Orientation Quat X": -0.0035403502604102,
            "BoundingBox3D Orientation Quat Y": 0.0008875860472287,
            "BoundingBox3D Orientation Quat Z": 0.948860474659146,
            "ObjectType": "TRAFFIC_SIGN",
            "Occluded": {
                "F_CTCAM_L": 0.0
            },
            "Truncated": 0,
            "ObjectMeta": {
                "SourceID": 75,
                "SubType": "us_white_ground_rectangle_unknown",
                "Text": "",
                "OcrVersion": 10006
            }
        },
        {
            "ActorName": "TRAFFIC_SIGN 76",
            "ObjectId": 76,
            "BoundingBox3D Origin X": 19.89611387113837,
            "BoundingBox3D Origin Y": -5.090043853874249,
            "BoundingBox3D Origin Z": 3.69743877556175,
            "BoundingBox3D Extent X": 0.1,
            "BoundingBox3D Extent Y": 0.6871968100218089,
            "BoundingBox3D Extent Z": 0.273953078968039,
            "BoundingBox3D Orientation Quat W": -0.1580331173719424,
            "BoundingBox3D Orientation Quat X": 0.0035482641331221,
            "BoundingBox3D Orientation Quat Y": 0.0008486209352857,
            "BoundingBox3D Orientation Quat Z": -0.987427072485789,
            "ObjectType": "TRAFFIC_SIGN",
            "Occluded": {
                "F_MIDRANGECAM_C": 9.694413165561857e-06
            },
            "Truncated": 0,
            "ObjectMeta": {
                "SourceID": 76,
                "SubType": "us_white_ground_rectangle_unknown",
                "Text": "",
                "OcrVersion": 10006
            }
        },
        {
            "ActorName": "TRAFFIC_SIGN 77",
            "ObjectId": 77,
            "BoundingBox3D Origin X": 19.384447070879105,
            "BoundingBox3D Origin Y": -5.082057845711461,
            "BoundingBox3D Origin Z": 3.344590644352138,
            "BoundingBox3D Extent X": 0.0999999999999999,
            "BoundingBox3D Extent Y": 0.60407060371918,
            "BoundingBox3D Extent Z": 0.2037042366830296,
            "BoundingBox3D Orientation Quat W": -0.1972746857853616,
            "BoundingBox3D Orientation Quat X": 0.0035120823752273,
            "BoundingBox3D Orientation Quat Y": 0.0009894176578496,
            "BoundingBox3D Orientation Quat Z": -0.980341463306727,
            "ObjectType": "TRAFFIC_SIGN",
            "Occluded": {
                "F_MIDRANGECAM_C": 0.0109569719061255
            },
            "Truncated": 0,
            "ObjectMeta": {
                "SourceID": 77,
                "SubType": "us_white_ground_rectangle_unknown",
                "Text": "",
                "OcrVersion": 10006
            }
        },
        {
            "ActorName": "TRAFFIC_SIGN 78",
            "ObjectId": 78,
            "BoundingBox3D Origin X": 85.40949860349065,
            "BoundingBox3D Origin Y": -4.539006468795833,
            "BoundingBox3D Origin Z": 3.2724883556365967,
            "BoundingBox3D Extent X": 0.1,
            "BoundingBox3D Extent Y": 0.3832816087039713,
            "BoundingBox3D Extent Z": 0.4357120768838613,
            "BoundingBox3D Orientation Quat W": -0.1052512919761211,
            "BoundingBox3D Orientation Quat X": 0.0035836919736017,
            "BoundingBox3D Orientation Quat Y": 0.0006578134613538,
            "BoundingBox3D Orientation Quat Z": -0.9944389825276592,
            "ObjectType": "TRAFFIC_SIGN",
            "Occluded": {
                "F_MIDRANGECAM_C": 0.9995126724243164
            },
            "Truncated": 0,
            "ObjectMeta": {
                "SourceID": 78,
                "SubType": "unknown",
                "Text": "",
                "OcrVersion": 10006
            }
        },
        {
            "ActorName": "TRAFFIC_SIGN 79",
            "ObjectId": 79,
            "BoundingBox3D Origin X": 95.19963610514242,
            "BoundingBox3D Origin Y": 22.933457535209072,
            "BoundingBox3D Origin Z": 6.876585417427123,
            "BoundingBox3D Extent X": 0.1,
            "BoundingBox3D Extent Y": 1.7107504098693462,
            "BoundingBox3D Extent Z": 0.6034869053535241,
            "BoundingBox3D Orientation Quat W": -0.3123989160960061,
            "BoundingBox3D Orientation Quat X": -0.0035361021680372,
            "BoundingBox3D Orientation Quat Y": 0.0008742474949725,
            "BoundingBox3D Orientation Quat Z": 0.9499440240850068,
            "ObjectType": "TRAFFIC_SIGN",
            "Occluded": {
                "F_MIDRANGECAM_C": 0.92620050907135
            },
            "Truncated": 0,
            "ObjectMeta": {
                "SourceID": 79,
                "SubType": "unknown",
                "Text": "",
                "OcrVersion": 10006
            }
        },
        {
            "ActorName": "TRAFFIC_SIGN 80",
            "ObjectId": 80,
            "BoundingBox3D Origin X": 132.94126037608655,
            "BoundingBox3D Origin Y": 9.080244318759467,
            "BoundingBox3D Origin Z": 7.874629162251949,
            "BoundingBox3D Extent X": 0.0999999999999999,
            "BoundingBox3D Extent Y": 0.9914366721812164,
            "BoundingBox3D Extent Z": 1.020302161968541,
            "BoundingBox3D Orientation Quat W": -0.113636613669715,
            "BoundingBox3D Orientation Quat X": -0.0036375112309655,
            "BoundingBox3D Orientation Quat Y": 0.0001385477931272,
            "BoundingBox3D Orientation Quat Z": 0.9935157116775926,
            "ObjectType": "TRAFFIC_SIGN",
            "Occluded": {
                "F_MIDRANGECAM_C": 0.6787421703338623
            },
            "Truncated": 0,
            "ObjectMeta": {
                "SourceID": 80,
                "SubType": "us_white_ground_rectangle_unknown",
                "Text": "Lt.",
                "OcrVersion": 10006
            }
        },
        {
            "ActorName": "TRAFFIC_SIGN 81",
            "ObjectId": 81,
            "BoundingBox3D Origin X": 134.0758078978397,
            "BoundingBox3D Origin Y": -5.00210233464577,
            "BoundingBox3D Origin Z": 6.103183874860406,
            "BoundingBox3D Extent X": 0.1,
            "BoundingBox3D Extent Y": 0.7463736033616835,
            "BoundingBox3D Extent Z": 0.983651782538956,
            "BoundingBox3D Orientation Quat W": -0.0713770950935038,
            "BoundingBox3D Orientation Quat X": 0.0036018923992316,