{
    "CapturedObjects": [
        {
            "ActorName": "TRAFFIC_SIGN 74",
            "ObjectId": 74,
            "BoundingBox3D Origin X": 38.50830020420835,
            "BoundingBox3D Origin Y": -4.805024327797582,
            "BoundingBox3D Origin Z": 4.170543386600912,
            "BoundingBox3D Extent X": 0.1,
            "BoundingBox3D Extent Y": 1.0443760949039496,
            "BoundingBox3D Extent Z": 0.9445654290099652,
            "BoundingBox3D Orientation Quat W": 0.0627799833792518,
            "BoundingBox3D Orientation Quat X": 0.0010563022765363,
            "BoundingBox3D Orientation Quat Y": 0.006954400314971,
            "BoundingBox3D Orientation Quat Z": 0.9980026023155754,
            "ObjectType": "TRAFFIC_SIGN",
            "Occluded": {
                "F_MIDRANGECAM_C": 4.039103805553168e-05
            },
            "Truncated": 0,
            "ObjectMeta": {
                "SourceID": 74,
                "SubType": "us_white_ground_rectangle_unknown",
                "Text": "Ho",
                "OcrVersion": 10006
            }
        },
        {
            "ActorName": "TRAFFIC_SIGN 75",
            "ObjectId": 75,
            "BoundingBox3D Origin X": 28.024392109964538,
            "BoundingBox3D Origin Y": 12.794492632412584,
            "BoundingBox3D Origin Z": 1.0611307881772518,
            "BoundingBox3D Extent X": 0.1,
            "BoundingBox3D Extent Y": 0.9246897276089624,
            "BoundingBox3D Extent Z": 0.4851001072257914,
            "BoundingBox3D Orientation Quat W": -0.3172678011004802,
            "BoundingBox3D Orientation Quat X": 0.0035941931325527,
            "BoundingBox3D Orientation Quat Y": 0.0060470786904792,
            "BoundingBox3D Orientation Quat Z": 0.9483098950237224,
            "ObjectType": "TRAFFIC_SIGN",
            "Occluded": {
                "F_MIDRANGECAM_C": 0.7264428734779358
            },
            "Truncated": 0,
            "ObjectMeta": {
                "SourceID": 75,
                "SubType": "us_white_ground_rectangle_unknown",
                "Text": "",
                "OcrVersion": 10006
            }
        },
        {
            "ActorName": "TRAFFIC_SIGN 76",
            "ObjectId": 76,
            "BoundingBox3D Origin X": 38.45912556995973,
            "BoundingBox3D Origin Y": -4.814902241676464,
            "BoundingBox3D Origin Z": 3.480867008678615,
            "BoundingBox3D Extent X": 0.1,
            "BoundingBox3D Extent Y": 0.6871968100218089,
            "BoundingBox3D Extent Z": 0.273953078968039,
            "BoundingBox3D Orientation Quat W": 0.1563650110808299,
            "BoundingBox3D Orientation Quat X": 0.0003997868135079,
            "BoundingBox3D Orientation Quat Y": 0.0070227122096971,
            "BoundingBox3D Orientation Quat Z": 0.9876742909448514,
            "ObjectType": "TRAFFIC_SIGN",
            "Occluded": {
                "F_MIDRANGECAM_C": 0.0074977427721023
            },
            "Truncated": 0,
            "ObjectMeta": {
                "SourceID": 76,
                "SubType": "us_white_ground_rectangle_unknown",
                "Text": "",
                "OcrVersion": 10006
            }
        },
        {
            "ActorName": "TRAFFIC_SIGN 77",
            "ObjectId": 77,
            "BoundingBox3D Origin X": 37.9438403324275,
            "BoundingBox3D Origin Y": -4.81363416952081,
            "BoundingBox3D Origin Z": 3.1332317143678665,
            "BoundingBox3D Extent X": 0.0999999999999999,
            "BoundingBox3D Extent Y": 0.60407060371918,
            "BoundingBox3D Extent Z": 0.2037042366830296,
            "BoundingBox3D Orientation Quat W": 0.1956176295931848,
            "BoundingBox3D Orientation Quat X": 0.0001191455856826,
            "BoundingBox3D Orientation Quat Y": 0.0070329994439956,
            "BoundingBox3D Orientation Quat Z": 0.9806550187071362,
            "ObjectType": "TRAFFIC_SIGN",
            "Occluded": {
                "F_MIDRANGECAM_C": 0.9865072965621948
            },
            "Truncated": 0,
            "ObjectMeta": {
                "SourceID": 77,
                "SubType": "us_white_ground_rectangle_unknown",
                "Text": "",
                "OcrVersion": 10006
            }
        },
        {
            "ActorName": "TRAFFIC_SIGN 78",
            "ObjectId": 78,
            "BoundingBox3D Origin X": 103.96263597092548,
            "BoundingBox3D Origin Y": -4.057185861849575,
            "BoundingBox3D Origin Z": 2.3729597004130483,
            "BoundingBox3D Extent X": 0.1,
            "BoundingBox3D Extent Y": 0.3832816087039713,
            "BoundingBox3D Extent Z": 0.4357120768838613,
            "BoundingBox3D Orientation Quat W": 0.1035725944245562,
            "BoundingBox3D Orientation Quat X": 0.0007775432192287,
            "BoundingBox3D Orientation Quat Y": 0.0069922895627663,
            "BoundingBox3D Orientation Quat Z": 0.9945970143718404,
            "ObjectType": "TRAFFIC_SIGN",
            "Occluded": {
                "F_MIDRANGECAM_C": 0.9975106716156006
            },
            "Truncated": 0,
            "ObjectMeta": {
                "SourceID": 78,
                "SubType": "unknown",
                "Text": "",
                "OcrVersion": 10006
            }
        },
        {
            "ActorName": "TRAFFIC_SIGN 79",
            "ObjectId": 79,
            "BoundingBox3D Origin X": 113.6958573147458,
            "BoundingBox3D Origin Y": 23.495757603508537,
            "BoundingBox3D Origin Z": 5.483184535056353,
            "BoundingBox3D Extent X": 0.1,
            "BoundingBox3D Extent Y": 1.7107504098693462,
            "BoundingBox3D Extent Z": 0.6034869053535241,
            "BoundingBox3D Orientation Quat W": -0.3139939064062126,
            "BoundingBox3D Orientation Quat X": 0.0035806049470179,
            "BoundingBox3D Orientation Quat Y": 0.0060583490292532,
            "BoundingBox3D Orientation Quat Z": 0.9493989163755242,
            "ObjectType": "TRAFFIC_SIGN",
            "Occluded": {
                "F_MIDRANGECAM_C": 0.9963682889938354
            },
            "Truncated": 0,
            "ObjectMeta": {
                "SourceID": 79,
                "SubType": "unknown",
                "Text": "",
                "OcrVersion": 10006
            }
        },
        {
            "ActorName": "TRAFFIC_SIGN 80",
            "ObjectId": 80,
            "BoundingBox3D Origin X": 151.4926917187222,
            "BoundingBox3D Origin Y": 9.780940323515097,
            "BoundingBox3D Origin Z": 6.290013595484197,
            "BoundingBox3D Extent X": 0.0999999999999999,
            "BoundingBox3D Extent Y": 0.9914366721812164,
            "BoundingBox3D Extent Z": 1.020302161968541,
            "BoundingBox3D Orientation Quat W": -0.115308922232513,
            "BoundingBox3D Orientation Quat X": 0.0022829419068907,
            "BoundingBox3D Orientation Quat Y": 0.0066564874553236,
            "BoundingBox3D Orientation Quat Z": 0.9933047527343172,
            "ObjectType": "TRAFFIC_SIGN",
            "Occluded": {
                "F_MIDRANGECAM_C": 0.957089900970459
            },
            "Truncated": 0,
            "ObjectMeta": {
                "SourceID": 80,
                "SubType": "us_white_ground_rectangle_unknown",
                "Text": "Lt.",
                "OcrVersion": 10006
            }
        },
        {
            "ActorName": "TRAFFIC_SIGN 81",
            "ObjectId": 81,
            "BoundingBox3D Origin X": 152.65685203212706,
            "BoundingBox3D Origin Y": -4.3215826396335615,
            "BoundingBox3D Origin Z": 4.70830537378788,
            "BoundingBox3D Extent X": 0.1,
            "BoundingBox3D Extent Y": 0.7463736033616835,
            "BoundingBox3D Extent Z": 0.983651782538956,
            "BoundingBox3D Orientation Quat W": 0.0696941140372186,
            "BoundingBox3D Orientation Quat X": 0.0010168192347916,