{
    "CapturedObjects": [
        {
            "ActorName": "TRAFFIC_SIGN 74",
            "ObjectId": 74,
            "BoundingBox3D Origin X": 14.974817280977732,
            "BoundingBox3D Origin Y": -5.097466595674632,
            "BoundingBox3D Origin Z": 4.055965065956116,
            "BoundingBox3D Extent X": 0.1,
            "BoundingBox3D Extent Y": 1.0443760949039496,
            "BoundingBox3D Extent Z": 0.9445654290099652,
            "BoundingBox3D Orientation Quat W": -0.0630507630643135,
            "BoundingBox3D Orientation Quat X": -0.0059082826210087,
            "BoundingBox3D Orientation Quat Y": 0.0019717033784509,
            "BoundingBox3D Orientation Quat Z": -0.9979908846574028,
            "ObjectType": "TRAFFIC_SIGN",
            "Occluded": {
                "F_MIDRANGECAM_C": 8.356932085007429e-05
            },
            "Truncated": 0,
            "ObjectMeta": {
                "SourceID": 74,
                "SubType": "us_white_ground_rectangle_unknown",
                "Text": "Ho",
                "OcrVersion": 10006
            }
        },
        {
            "ActorName": "TRAFFIC_SIGN 75",
            "ObjectId": 75,
            "BoundingBox3D Origin X": 4.47720653784927,
            "BoundingBox3D Origin Y": 12.562075052042928,
            "BoundingBox3D Origin Z": 1.3611724274232984,
            "BoundingBox3D Extent X": 0.1,
            "BoundingBox3D Extent Y": 0.9246897276089624,
            "BoundingBox3D Extent Z": 0.4851001072257914,
            "BoundingBox3D Orientation Quat W": 0.3170136274399626,
            "BoundingBox3D Orientation Quat X": -0.0047323512886231,
            "BoundingBox3D Orientation Quat Y": 0.0040474341962879,
            "BoundingBox3D Orientation Quat Z": -0.948400539405722,
            "ObjectType": "TRAFFIC_SIGN",
            "Occluded": {
                "F_CTCAM_L": 0.0
            },
            "Truncated": 0,
            "ObjectMeta": {
                "SourceID": 75,
                "SubType": "us_white_ground_rectangle_unknown",
                "Text": "",
                "OcrVersion": 10006
            }
        },
        {
            "ActorName": "TRAFFIC_SIGN 76",
            "ObjectId": 76,
            "BoundingBox3D Origin X": 14.919740292083588,
            "BoundingBox3D Origin Y": -5.094607587743667,
            "BoundingBox3D Origin Z": 3.3666739063337445,
            "BoundingBox3D Extent X": 0.1,
            "BoundingBox3D Extent Y": 0.6871968100218089,
            "BoundingBox3D Extent Z": 0.273953078968039,
            "BoundingBox3D Orientation Quat W": -0.1566338096085422,
            "BoundingBox3D Orientation Quat X": -0.0060695110288563,
            "BoundingBox3D Orientation Quat Y": 0.0014077088735766,
            "BoundingBox3D Orientation Quat Z": -0.9876370938148852,
            "ObjectType": "TRAFFIC_SIGN",
            "Occluded": {
                "F_MIDRANGECAM_C": 4.24290010414552e-06
            },
            "Truncated": 0,
            "ObjectMeta": {
                "SourceID": 76,
                "SubType": "us_white_ground_rectangle_unknown",
                "Text": "",
                "OcrVersion": 10006
            }
        },
        {
            "ActorName": "TRAFFIC_SIGN 77",
            "ObjectId": 77,
            "BoundingBox3D Origin X": 14.401505359681323,
            "BoundingBox3D Origin Y": -5.086651245135727,
            "BoundingBox3D Origin Z": 3.0235507637262344,
            "BoundingBox3D Extent X": 0.0999999999999999,
            "BoundingBox3D Extent Y": 0.60407060371918,
            "BoundingBox3D Extent Z": 0.2037042366830296,
            "BoundingBox3D Orientation Quat W": -0.1958848574472725,
            "BoundingBox3D Orientation Quat X": -0.006120340307697,
            "BoundingBox3D Orientation Quat Y": 0.0011647414674741,
            "BoundingBox3D Orientation Quat Z": -0.9806071116582286,
            "ObjectType": "TRAFFIC_SIGN",
            "Occluded": {
                "F_MIDRANGECAM_C": 0.0020637321285903
            },
            "Truncated": 0,
            "ObjectMeta": {
                "SourceID": 77,
                "SubType": "us_white_ground_rectangle_unknown",
                "Text": "",
                "OcrVersion": 10006
            }
        },
        {
            "ActorName": "TRAFFIC_SIGN 78",
            "ObjectId": 78,
            "BoundingBox3D Origin X": 80.41150707752968,
            "BoundingBox3D Origin Y": -4.352560434177576,
            "BoundingBox3D Origin Z": 1.7116765407845378,
            "BoundingBox3D Extent X": 0.1,
            "BoundingBox3D Extent Y": 0.3832816087039713,
            "BoundingBox3D Extent Z": 0.4357120768838613,
            "BoundingBox3D Orientation Quat W": -0.1038427592548016,
            "BoundingBox3D Orientation Quat X": -0.0059906683887412,
            "BoundingBox3D Orientation Quat Y": 0.0017278613406108,
            "BoundingBox3D Orientation Quat Z": -0.9945741841299692,
            "ObjectType": "TRAFFIC_SIGN",
            "Occluded": {
                "F_MIDRANGECAM_C": 0.9975191354751588
            },
            "Truncated": 0,
            "ObjectMeta": {
                "SourceID": 78,
                "SubType": "unknown",
                "Text": "",
                "OcrVersion": 10006
            }
        },
        {
            "ActorName": "TRAFFIC_SIGN 79",
            "ObjectId": 79,
            "BoundingBox3D Origin X": 90.19037846701394,
            "BoundingBox3D Origin Y": 23.13299479237685,
            "BoundingBox3D Origin Z": 5.245284175500274,
            "BoundingBox3D Extent X": 0.1,
            "BoundingBox3D Extent Y": 1.7107504098693462,
            "BoundingBox3D Extent Z": 0.6034869053535241,
            "BoundingBox3D Orientation Quat W": 0.3137394807565806,
            "BoundingBox3D Orientation Quat X": -0.0047535898120369,
            "BoundingBox3D Orientation Quat Y": 0.0040321903945752,
            "BoundingBox3D Orientation Quat Z": -0.9494886429226588,
            "ObjectType": "TRAFFIC_SIGN",
            "Occluded": {
                "F_MIDRANGECAM_C": 0.3531450927257538
            },
            "Truncated": 0,
            "ObjectMeta": {
                "SourceID": 79,
                "SubType": "unknown",
                "Text": "",
                "OcrVersion": 10006
            }
        },
        {
            "ActorName": "TRAFFIC_SIGN 80",
            "ObjectId": 80,
            "BoundingBox3D Origin X": 127.98280146112666,
            "BoundingBox3D Origin Y": 9.3849218219475,
            "BoundingBox3D Origin Z": 5.4754883805289865,
            "BoundingBox3D Extent X": 0.0999999999999999,
            "BoundingBox3D Extent Y": 0.9914366721812164,
            "BoundingBox3D Extent Z": 1.020302161968541,
            "BoundingBox3D Orientation Quat W": 0.115041134319746,
            "BoundingBox3D Orientation Quat X": -0.0054743662454013,
            "BoundingBox3D Orientation Quat Y": 0.0029884137227088,
            "BoundingBox3D Orientation Quat Z": -0.9933411489070908,
            "ObjectType": "TRAFFIC_SIGN",
            "Occluded": {
                "F_MIDRANGECAM_C": 0.012774309143424
            },
            "Truncated": 0,
            "ObjectMeta": {
                "SourceID": 80,
                "SubType": "us_white_ground_rectangle_unknown",
                "Text": "Lt.",
                "OcrVersion": 10006
            }
        },
        {
            "ActorName": "TRAFFIC_SIGN 81",
            "ObjectId": 81,
            "BoundingBox3D Origin X": 129.12342064015684,
            "BoundingBox3D Origin Y": -4.686671099432715,
            "BoundingBox3D Origin Z": 3.624413724057376,
            "BoundingBox3D Extent X": 0.1,
            "BoundingBox3D Extent Y": 0.7463736033616835,
            "BoundingBox3D Extent Z": 0.983651782538956,
            "BoundingBox3D Orientation Quat W": -0.0699647496010015,
            "BoundingBox3D Orientation Quat X": -0.0059305183510147,