{
    "CapturedObjects": [
        {
            "ActorName": "TRAFFIC_SIGN 74",
            "ObjectId": 74,
            "BoundingBox3D Origin X": 21.424318533381424,
            "BoundingBox3D Origin Y": -5.037846060557058,
            "BoundingBox3D Origin Z": 4.280665596947074,
            "BoundingBox3D Extent X": 0.1,
            "BoundingBox3D Extent Y": 1.0443760949039496,
            "BoundingBox3D Extent Z": 0.9445654290099652,
            "BoundingBox3D Orientation Quat W": 0.0641356295441003,
            "BoundingBox3D Orientation Quat X": -0.0002226337301539,
            "BoundingBox3D Orientation Quat Y": 0.003342138179061,
            "BoundingBox3D Orientation Quat Z": 0.9979355698488735,
            "ObjectType": "TRAFFIC_SIGN",
            "Occluded": {
                "F_MIDRANGECAM_C": 4.91013133796514e-06
            },
            "Truncated": 0,
            "ObjectMeta": {
                "SourceID": 74,
                "SubType": "us_white_ground_rectangle_unknown",
                "Text": "Ho",
                "OcrVersion": 10006
            }
        },
        {
            "ActorName": "TRAFFIC_SIGN 75",
            "ObjectId": 75,
            "BoundingBox3D Origin X": 10.99757855425274,
            "BoundingBox3D Origin Y": 12.611563125356042,
            "BoundingBox3D Origin Z": 1.2636657617986202,
            "BoundingBox3D Extent X": 0.1,
            "BoundingBox3D Extent Y": 0.9246897276089624,
            "BoundingBox3D Extent Z": 0.4851001072257914,
            "BoundingBox3D Orientation Quat W": -0.3159874783140388,
            "BoundingBox3D Orientation Quat X": 0.0010516411983113,
            "BoundingBox3D Orientation Quat Y": 0.0031810551818285,
            "BoundingBox3D Orientation Quat Z": 0.9487574444964608,
            "ObjectType": "TRAFFIC_SIGN",
            "Occluded": {
                "F_MIDRANGECAM_C": 0.0001342086907243
            },
            "Truncated": 0,
            "ObjectMeta": {
                "SourceID": 75,
                "SubType": "us_white_ground_rectangle_unknown",
                "Text": "",
                "OcrVersion": 10006
            }
        },
        {
            "ActorName": "TRAFFIC_SIGN 76",
            "ObjectId": 76,
            "BoundingBox3D Origin X": 21.37720962651906,
            "BoundingBox3D Origin Y": -5.0427337087458,
            "BoundingBox3D Origin Z": 3.590790622867644,
            "BoundingBox3D Extent X": 0.1,
            "BoundingBox3D Extent Y": 0.6871968100218089,
            "BoundingBox3D Extent Z": 0.273953078968039,
            "BoundingBox3D Orientation Quat W": 0.1577096075206873,
            "BoundingBox3D Orientation Quat X": -0.0005340342353035,
            "BoundingBox3D Orientation Quat Y": 0.0033063903238383,
            "BoundingBox3D Orientation Quat Z": 0.9874798541165954,
            "ObjectType": "TRAFFIC_SIGN",
            "Occluded": {
                "F_MIDRANGECAM_C": 0.0001518385979579
            },
            "Truncated": 0,
            "ObjectMeta": {
                "SourceID": 76,
                "SubType": "us_white_ground_rectangle_unknown",
                "Text": "",
                "OcrVersion": 10006
            }
        },
        {
            "ActorName": "TRAFFIC_SIGN 77",
            "ObjectId": 77,
            "BoundingBox3D Origin X": 20.862989934907816,
            "BoundingBox3D Origin Y": -5.037619534617988,
            "BoundingBox3D Origin Z": 3.2416196716949344,
            "BoundingBox3D Extent X": 0.0999999999999999,
            "BoundingBox3D Extent Y": 0.60407060371918,
            "BoundingBox3D Extent Z": 0.2037042366830296,
            "BoundingBox3D Orientation Quat W": 0.1969539872305866,
            "BoundingBox3D Orientation Quat X": -0.0006658694657778,
            "BoundingBox3D Orientation Quat Y": 0.0032825202032359,
            "BoundingBox3D Orientation Quat Z": 0.9804070117012345,
            "ObjectType": "TRAFFIC_SIGN",
            "Occluded": {
                "F_MIDRANGECAM_C": 0.0585917755961418
            },
            "Truncated": 0,
            "ObjectMeta": {
                "SourceID": 77,
                "SubType": "us_white_ground_rectangle_unknown",
                "Text": "",
                "OcrVersion": 10006
            }
        },
        {
            "ActorName": "TRAFFIC_SIGN 78",
            "ObjectId": 78,
            "BoundingBox3D Origin X": 86.88513823063042,
            "BoundingBox3D Origin Y": -4.454968336664024,
            "BoundingBox3D Origin Z": 2.6858369493857026,
            "BoundingBox3D Extent X": 0.1,
            "BoundingBox3D Extent Y": 0.3832816087039713,
            "BoundingBox3D Extent Z": 0.4357120768838613,
            "BoundingBox3D Orientation Quat W": 0.1049248682923767,
            "BoundingBox3D Orientation Quat X": -0.0003526136879603,
            "BoundingBox3D Orientation Quat Y": 0.0033307899451561,
            "BoundingBox3D Orientation Quat Z": 0.9944745112448864,
            "ObjectType": "TRAFFIC_SIGN",
            "Occluded": {
                "F_MIDRANGECAM_C": 0.9998972415924072
            },
            "Truncated": 0,
            "ObjectMeta": {
                "SourceID": 78,
                "SubType": "unknown",
                "Text": "",
                "OcrVersion": 10006
            }
        },
        {
            "ActorName": "TRAFFIC_SIGN 79",
            "ObjectId": 79,
            "BoundingBox3D Origin X": 96.683267248255,
            "BoundingBox3D Origin Y": 23.04895916430541,
            "BoundingBox3D Origin Z": 6.019383699633181,
            "BoundingBox3D Extent X": 0.1,
            "BoundingBox3D Extent Y": 1.7107504098693462,
            "BoundingBox3D Extent Z": 0.6034869053535241,
            "BoundingBox3D Orientation Quat W": -0.3127121010217947,
            "BoundingBox3D Orientation Quat X": 0.0010479445401912,
            "BoundingBox3D Orientation Quat Y": 0.0031835525970964,
            "BoundingBox3D Orientation Quat Z": 0.94984204406819,
            "ObjectType": "TRAFFIC_SIGN",
            "Occluded": {
                "F_MIDRANGECAM_C": 0.9853926301002502
            },
            "Truncated": 0,
            "ObjectMeta": {
                "SourceID": 79,
                "SubType": "unknown",
                "Text": "",
                "OcrVersion": 10006
            }
        },
        {
            "ActorName": "TRAFFIC_SIGN 80",
            "ObjectId": 80,
            "BoundingBox3D Origin X": 134.44000603553735,
            "BoundingBox3D Origin Y": 9.226255438639782,
            "BoundingBox3D Origin Z": 6.843610845506191,
            "BoundingBox3D Extent X": 0.0999999999999999,
            "BoundingBox3D Extent Y": 0.9914366721812164,
            "BoundingBox3D Extent Z": 1.020302161968541,
            "BoundingBox3D Orientation Quat W": -0.1139644220799966,
            "BoundingBox3D Orientation Quat X": 0.0003839465257974,
            "BoundingBox3D Orientation Quat Y": 0.0033282342810995,
            "BoundingBox3D Orientation Quat Z": 0.9934791824399786,
            "ObjectType": "TRAFFIC_SIGN",
            "Occluded": {
                "F_MIDRANGECAM_C": 0.1359328627586364
            },
            "Truncated": 0,
            "ObjectMeta": {
                "SourceID": 80,
                "SubType": "us_white_ground_rectangle_unknown",
                "Text": "Lt.",
                "OcrVersion": 10006
            }
        },
        {
            "ActorName": "TRAFFIC_SIGN 81",
            "ObjectId": 81,
            "BoundingBox3D Origin X": 135.57082053362365,
            "BoundingBox3D Origin Y": -4.8679274542373605,
            "BoundingBox3D Origin Z": 5.166137448512018,
            "BoundingBox3D Extent X": 0.1,
            "BoundingBox3D Extent Y": 0.7463736033616835,
            "BoundingBox3D Extent Z": 0.983651782538956,
            "BoundingBox3D Orientation Quat W": 0.0710493197616473,