{
    "CapturedObjects": [
        {
            "ActorName": "TRAFFIC_SIGN 73",
            "ObjectId": 73,
            "BoundingBox3D Origin X": 10.63461503122926,
            "BoundingBox3D Origin Y": -5.121294468932319,
            "BoundingBox3D Origin Z": 2.904025007970631,
            "BoundingBox3D Extent X": 0.1,
            "BoundingBox3D Extent Y": 0.3362411013069622,
            "BoundingBox3D Extent Z": 0.4807453413399092,
            "BoundingBox3D Orientation Quat W": 0.1549480753153374,
            "BoundingBox3D Orientation Quat X": -3.633549268799535e-05,
            "BoundingBox3D Orientation Quat Y": 0.0080055925847777,
            "BoundingBox3D Orientation Quat Z": 0.9878901776630692,
            "ObjectType": "TRAFFIC_SIGN",
            "Occluded": {
                "F_MIDRANGECAM_C": 0.0001995490456465
            },
            "Truncated": 0,
            "ObjectMeta": {
                "SourceID": 73,
                "SubType": "us_white_ground_rectangle_unknown",
                "Text": "",
                "OcrVersion": 10006
            }
        },
        {
            "ActorName": "TRAFFIC_SIGN 74",
            "ObjectId": 74,
            "BoundingBox3D Origin X": 53.584197489964936,
            "BoundingBox3D Origin Y": -4.83256284140225,
            "BoundingBox3D Origin Z": 4.160652983933687,
            "BoundingBox3D Extent X": 0.1,
            "BoundingBox3D Extent Y": 1.0443760949039496,
            "BoundingBox3D Extent Z": 0.9445654290099652,
            "BoundingBox3D Orientation Quat W": 0.0637685088975396,
            "BoundingBox3D Orientation Quat X": 0.0006987142582666,
            "BoundingBox3D Orientation Quat Y": 0.007976002937548,
            "BoundingBox3D Orientation Quat Z": 0.99793259915112,
            "ObjectType": "TRAFFIC_SIGN",
            "Occluded": {
                "F_MIDRANGECAM_C": 5.118291028338717e-06
            },
            "Truncated": 0,
            "ObjectMeta": {
                "SourceID": 74,
                "SubType": "us_white_ground_rectangle_unknown",
                "Text": "Ho",
                "OcrVersion": 10006
            }
        },
        {
            "ActorName": "TRAFFIC_SIGN 75",
            "ObjectId": 75,
            "BoundingBox3D Origin X": 43.136841743156765,
            "BoundingBox3D Origin Y": 12.781162415543804,
            "BoundingBox3D Origin Z": 1.0082350661978126,
            "BoundingBox3D Extent X": 0.1,
            "BoundingBox3D Extent Y": 0.9246897276089624,
            "BoundingBox3D Extent Z": 0.4851001072257914,
            "BoundingBox3D Orientation Quat W": -0.3163269885743421,
            "BoundingBox3D Orientation Quat X": 0.003647047361313,
            "BoundingBox3D Orientation Quat Y": 0.0071286891326026,
            "BoundingBox3D Orientation Quat Z": 0.9486164225524892,
            "ObjectType": "TRAFFIC_SIGN",
            "Occluded": {
                "F_MIDRANGECAM_C": 0.90342777967453
            },
            "Truncated": 0,
            "ObjectMeta": {
                "SourceID": 75,
                "SubType": "us_white_ground_rectangle_unknown",
                "Text": "",
                "OcrVersion": 10006
            }
        },
        {
            "ActorName": "TRAFFIC_SIGN 76",
            "ObjectId": 76,
            "BoundingBox3D Origin X": 53.53541619889984,
            "BoundingBox3D Origin Y": -4.843783631717088,
            "BoundingBox3D Origin Z": 3.470967971719801,
            "BoundingBox3D Extent X": 0.1,
            "BoundingBox3D Extent Y": 0.6871968100218089,
            "BoundingBox3D Extent Z": 0.273953078968039,
            "BoundingBox3D Orientation Quat W": 0.1573426294666013,
            "BoundingBox3D Orientation Quat X": -5.233025758817826e-05,
            "BoundingBox3D Orientation Quat Y": 0.0080060062813116,
            "BoundingBox3D Orientation Quat Z": 0.9875116192113912,
            "ObjectType": "TRAFFIC_SIGN",
            "Occluded": {
                "F_MIDRANGECAM_C": 0.8776146769523621
            },
            "Truncated": 0,
            "ObjectMeta": {
                "SourceID": 76,
                "SubType": "us_white_ground_rectangle_unknown",
                "Text": "",
                "OcrVersion": 10006
            }
        },
        {
            "ActorName": "TRAFFIC_SIGN 77",
            "ObjectId": 77,
            "BoundingBox3D Origin X": 53.02034168506543,
            "BoundingBox3D Origin Y": -4.842224246414844,
            "BoundingBox3D Origin Z": 3.123021219857037,
            "BoundingBox3D Extent X": 0.0999999999999999,
            "BoundingBox3D Extent Y": 0.60407060371918,
            "BoundingBox3D Extent Z": 0.2037042366830296,
            "BoundingBox3D Orientation Quat W": 0.1965879574022947,
            "BoundingBox3D Orientation Quat X": -0.000371840917928,
            "BoundingBox3D Orientation Quat Y": 0.007997429204242,
            "BoundingBox3D Orientation Quat Z": 0.9804535062229358,
            "ObjectType": "TRAFFIC_SIGN",
            "Occluded": {
                "F_MIDRANGECAM_C": 0.9974300265312196
            },
            "Truncated": 0,
            "ObjectMeta": {
                "SourceID": 77,
                "SubType": "us_white_ground_rectangle_unknown",
                "Text": "",
                "OcrVersion": 10006
            }
        },
        {
            "ActorName": "TRAFFIC_SIGN 78",
            "ObjectId": 78,
            "BoundingBox3D Origin X": 119.04106384362058,
            "BoundingBox3D Origin Y": -4.21767753023596,
            "BoundingBox3D Origin Z": 2.4007515786215663,
            "BoundingBox3D Extent X": 0.1,
            "BoundingBox3D Extent Y": 0.3832816087039713,
            "BoundingBox3D Extent Z": 0.4357120768838613,
            "BoundingBox3D Orientation Quat W": 0.10455747949021,
            "BoundingBox3D Orientation Quat X": 0.0003784339143994,
            "BoundingBox3D Orientation Quat Y": 0.0079983300353723,
            "BoundingBox3D Orientation Quat Z": 0.9944866097575532,
            "ObjectType": "TRAFFIC_SIGN",
            "Occluded": {
                "F_MIDRANGECAM_C": 0.9995200634002686
            },
            "Truncated": 0,
            "ObjectMeta": {
                "SourceID": 78,
                "SubType": "unknown",
                "Text": "",
                "OcrVersion": 10006
            }
        },
        {
            "ActorName": "TRAFFIC_SIGN 79",
            "ObjectId": 79,
            "BoundingBox3D Origin X": 128.82672681247095,
            "BoundingBox3D Origin Y": 23.32255672529573,
            "BoundingBox3D Origin Z": 5.459322212263942,
            "BoundingBox3D Extent X": 0.1,
            "BoundingBox3D Extent Y": 1.7107504098693462,
            "BoundingBox3D Extent Z": 0.6034869053535241,
            "BoundingBox3D Orientation Quat W": -0.3130520191060516,
            "BoundingBox3D Orientation Quat X": 0.0036297304837922,
            "BoundingBox3D Orientation Quat Y": 0.0071401254525792,
            "BoundingBox3D Orientation Quat Z": 0.9497022043771196,
            "ObjectType": "TRAFFIC_SIGN",
            "Occluded": {
                "F_MIDRANGECAM_C": 0.987767457962036
            },
            "Truncated": 0,
            "ObjectMeta": {
                "SourceID": 79,
                "SubType": "unknown",
                "Text": "",
                "OcrVersion": 10006
            }
        },
        {
            "ActorName": "TRAFFIC_SIGN 80",
            "ObjectId": 80,
            "BoundingBox3D Origin X": 166.5960356304713,
            "BoundingBox3D Origin Y": 9.534812056168448,
            "BoundingBox3D Origin Z": 6.317427047528327,
            "BoundingBox3D Extent X": 0.0999999999999999,
            "BoundingBox3D Extent Y": 0.9914366721812164,
            "BoundingBox3D Extent Z": 1.020302161968541,
            "BoundingBox3D Orientation Quat W": -0.1143241806345616,
            "BoundingBox3D Orientation Quat X": 0.0021122943678371,