{
    "CapturedObjects": [
        {
            "ActorName": "TRAFFIC_SIGN 73",
            "ObjectId": 73,
            "BoundingBox3D Origin X": 11.38060450183184,
            "BoundingBox3D Origin Y": -5.124087197938934,
            "BoundingBox3D Origin Z": 2.9313514474779367,
            "BoundingBox3D Extent X": 0.1,
            "BoundingBox3D Extent Y": 0.3362411013069622,
            "BoundingBox3D Extent Z": 0.4807453413399092,
            "BoundingBox3D Orientation Quat W": 0.1552849124500732,
            "BoundingBox3D Orientation Quat X": -0.0015332146528914,
            "BoundingBox3D Orientation Quat Y": 0.0077288020911432,
            "BoundingBox3D Orientation Quat Z": 0.9878383019687164,
            "ObjectType": "TRAFFIC_SIGN",
            "Occluded": {
                "F_MIDRANGECAM_C": 0.0001368795055896
            },
            "Truncated": 0,
            "ObjectMeta": {
                "SourceID": 73,
                "SubType": "us_white_ground_rectangle_unknown",
                "Text": "",
                "OcrVersion": 10006
            }
        },
        {
            "ActorName": "TRAFFIC_SIGN 74",
            "ObjectId": 74,
            "BoundingBox3D Origin X": 54.32608928099353,
            "BoundingBox3D Origin Y": -4.863676042979932,
            "BoundingBox3D Origin Z": 4.319243735633791,
            "BoundingBox3D Extent X": 0.1,
            "BoundingBox3D Extent Y": 1.0443760949039496,
            "BoundingBox3D Extent Z": 0.9445654290099652,
            "BoundingBox3D Orientation Quat W": 0.0641083295969807,
            "BoundingBox3D Orientation Quat X": -0.0008171495299331,
            "BoundingBox3D Orientation Quat Y": 0.0078367587295844,
            "BoundingBox3D Orientation Quat Z": 0.9979118395707832,
            "ObjectType": "TRAFFIC_SIGN",
            "Occluded": {
                "F_MIDRANGECAM_C": 7.584577019770222e-07
            },
            "Truncated": 0,
            "ObjectMeta": {
                "SourceID": 74,
                "SubType": "us_white_ground_rectangle_unknown",
                "Text": "Ho",
                "OcrVersion": 10006
            }
        },
        {
            "ActorName": "TRAFFIC_SIGN 75",
            "ObjectId": 75,
            "BoundingBox3D Origin X": 43.90021697084285,
            "BoundingBox3D Origin Y": 12.757037950883388,
            "BoundingBox3D Origin Z": 1.136294280178845,
            "BoundingBox3D Extent X": 0.1,
            "BoundingBox3D Extent Y": 0.9246897276089624,
            "BoundingBox3D Extent Z": 0.4851001072257914,
            "BoundingBox3D Orientation Quat W": -0.3160019257156632,
            "BoundingBox3D Orientation Quat X": 0.0021920089829073,
            "BoundingBox3D Orientation Quat Y": 0.0075675560186947,
            "BoundingBox3D Orientation Quat Z": 0.9487258350738188,
            "ObjectType": "TRAFFIC_SIGN",
            "Occluded": {
                "F_MIDRANGECAM_C": 0.7757927179336548
            },
            "Truncated": 0,
            "ObjectMeta": {
                "SourceID": 75,
                "SubType": "us_white_ground_rectangle_unknown",
                "Text": "",
                "OcrVersion": 10006
            }
        },
        {
            "ActorName": "TRAFFIC_SIGN 76",
            "ObjectId": 76,
            "BoundingBox3D Origin X": 54.27939815202899,
            "BoundingBox3D Origin Y": -4.874806951163919,
            "BoundingBox3D Origin Z": 3.629413416609168,
            "BoundingBox3D Extent X": 0.1,
            "BoundingBox3D Extent Y": 0.6871968100218089,
            "BoundingBox3D Extent Z": 0.273953078968039,
            "BoundingBox3D Orientation Quat W": 0.1576793548576032,
            "BoundingBox3D Orientation Quat X": -0.0015485340145014,
            "BoundingBox3D Orientation Quat Y": 0.0077256075104569,
            "BoundingBox3D Orientation Quat Z": 0.9874589298207244,
            "ObjectType": "TRAFFIC_SIGN",
            "Occluded": {
                "F_MIDRANGECAM_C": 0.908909559249878
            },
            "Truncated": 0,
            "ObjectMeta": {
                "SourceID": 76,
                "SubType": "us_white_ground_rectangle_unknown",
                "Text": "",
                "OcrVersion": 10006
            }
        },
        {
            "ActorName": "TRAFFIC_SIGN 77",
            "ObjectId": 77,
            "BoundingBox3D Origin X": 53.765388322337,
            "BoundingBox3D Origin Y": -4.872880097609595,
            "BoundingBox3D Origin Z": 3.2798951035365462,
            "BoundingBox3D Extent X": 0.0999999999999999,
            "BoundingBox3D Extent Y": 0.60407060371918,
            "BoundingBox3D Extent Z": 0.2037042366830296,
            "BoundingBox3D Orientation Quat W": 0.19692258265474,
            "BoundingBox3D Orientation Quat X": -0.0018556645036265,
            "BoundingBox3D Orientation Quat Y": 0.0076579473778102,
            "BoundingBox3D Orientation Quat Z": 0.9803873769035358,
            "ObjectType": "TRAFFIC_SIGN",
            "Occluded": {
                "F_MIDRANGECAM_C": 0.9963726997375488
            },
            "Truncated": 0,
            "ObjectMeta": {
                "SourceID": 77,
                "SubType": "us_white_ground_rectangle_unknown",
                "Text": "",
                "OcrVersion": 10006
            }
        },
        {
            "ActorName": "TRAFFIC_SIGN 78",
            "ObjectId": 78,
            "BoundingBox3D Origin X": 119.78800236626466,
            "BoundingBox3D Origin Y": -4.291645893536042,
            "BoundingBox3D Origin Z": 2.759432703256607,
            "BoundingBox3D Extent X": 0.1,
            "BoundingBox3D Extent Y": 0.3832816087039713,
            "BoundingBox3D Extent Z": 0.4357120768838613,
            "BoundingBox3D Orientation Quat W": 0.1048962753584231,
            "BoundingBox3D Orientation Quat X": -0.001130546657561,
            "BoundingBox3D Orientation Quat Y": 0.0077975050050652,
            "BoundingBox3D Orientation Quat Z": 0.994451955700164,
            "ObjectType": "TRAFFIC_SIGN",
            "Occluded": {
                "F_MIDRANGECAM_C": 0.9982638955116272
            },
            "Truncated": 0,
            "ObjectMeta": {
                "SourceID": 78,
                "SubType": "unknown",
                "Text": "",
                "OcrVersion": 10006
            }
        },
        {
            "ActorName": "TRAFFIC_SIGN 79",
            "ObjectId": 79,
            "BoundingBox3D Origin X": 129.58268243555494,
            "BoundingBox3D Origin Y": 23.241688483409234,
            "BoundingBox3D Origin Z": 5.850034442730248,
            "BoundingBox3D Extent X": 0.1,
            "BoundingBox3D Extent Y": 1.7107504098693462,
            "BoundingBox3D Extent Z": 0.6034869053535241,
            "BoundingBox3D Orientation Quat W": -0.3127266222946585,
            "BoundingBox3D Orientation Quat X": 0.0021731567841787,
            "BoundingBox3D Orientation Quat Y": 0.0075739708340266,
            "BoundingBox3D Orientation Quat Z": 0.94981049271082,
            "ObjectType": "TRAFFIC_SIGN",
            "Occluded": {
                "F_MIDRANGECAM_C": 0.9696913361549376
            },
            "Truncated": 0,
            "ObjectMeta": {
                "SourceID": 79,
                "SubType": "unknown",
                "Text": "",
                "OcrVersion": 10006
            }
        },
        {
            "ActorName": "TRAFFIC_SIGN 80",
            "ObjectId": 80,
            "BoundingBox3D Origin X": 167.33974488970853,
            "BoundingBox3D Origin Y": 9.42916981173039,
            "BoundingBox3D Origin Z": 6.8224781434983015,
            "BoundingBox3D Extent X": 0.0999999999999999,
            "BoundingBox3D Extent Y": 0.9914366721812164,
            "BoundingBox3D Extent Z": 1.020302161968541,
            "BoundingBox3D Orientation Quat W": -0.1139856111176189,
            "BoundingBox3D Orientation Quat X": 0.0005964494326188,