{
    "CapturedObjects": [
        {
            "ActorName": "TRAFFIC_SIGN 74",
            "ObjectId": 74,
            "BoundingBox3D Origin X": 3.5940674401444994,
            "BoundingBox3D Origin Y": -5.042384768632473,
            "BoundingBox3D Origin Z": 4.36967515014112,
            "BoundingBox3D Extent X": 0.1,
            "BoundingBox3D Extent Y": 1.0443760949039496,
            "BoundingBox3D Extent Z": 0.9445654290099652,
            "BoundingBox3D Orientation Quat W": 0.0621173756444123,
            "BoundingBox3D Orientation Quat X": -0.0012430851514922,
            "BoundingBox3D Orientation Quat Y": 0.0107511375598997,
            "BoundingBox3D Orientation Quat Z": 0.998010170000048,
            "ObjectType": "TRAFFIC_SIGN",
            "Occluded": {
                "F_CTCAM_L": 0.0
            },
            "Truncated": 0,
            "ObjectMeta": {
                "SourceID": 74,
                "SubType": "us_white_ground_rectangle_unknown",
                "Text": "Ho",
                "OcrVersion": 10006
            }
        },
        {
            "ActorName": "TRAFFIC_SIGN 76",
            "ObjectId": 76,
            "BoundingBox3D Origin X": 3.547742046368512,
            "BoundingBox3D Origin Y": -5.057753120927373,
            "BoundingBox3D Origin Z": 3.679901937022805,
            "BoundingBox3D Extent X": 0.1,
            "BoundingBox3D Extent Y": 0.6871968100218089,
            "BoundingBox3D Extent Z": 0.273953078968039,
            "BoundingBox3D Orientation Quat W": 0.1557073598183064,
            "BoundingBox3D Orientation Quat X": -0.0022466146425338,
            "BoundingBox3D Orientation Quat Y": 0.0105861954036924,
            "BoundingBox3D Orientation Quat Z": 0.9877439462167996,
            "ObjectType": "TRAFFIC_SIGN",
            "Occluded": {
                "F_CTCAM_L": 0.0
            },
            "Truncated": 0,
            "ObjectMeta": {
                "SourceID": 76,
                "SubType": "us_white_ground_rectangle_unknown",
                "Text": "",
                "OcrVersion": 10006
            }
        },
        {
            "ActorName": "TRAFFIC_SIGN 77",
            "ObjectId": 77,
            "BoundingBox3D Origin X": 3.033892376770382,
            "BoundingBox3D Origin Y": -5.059930105373496,
            "BoundingBox3D Origin Z": 3.3301595179364085,
            "BoundingBox3D Extent X": 0.0999999999999999,
            "BoundingBox3D Extent Y": 0.60407060371918,
            "BoundingBox3D Extent Z": 0.2037042366830296,
            "BoundingBox3D Orientation Quat W": 0.1949638691724854,
            "BoundingBox3D Orientation Quat X": -0.0026672875037502,
            "BoundingBox3D Orientation Quat Y": 0.010488082536353,
            "BoundingBox3D Orientation Quat Z": 0.9807507203256988,
            "ObjectType": "TRAFFIC_SIGN",
            "Occluded": {
                "F_CTCAM_L": 0.0
            },
            "Truncated": 0,
            "ObjectMeta": {
                "SourceID": 77,
                "SubType": "us_white_ground_rectangle_unknown",
                "Text": "",
                "OcrVersion": 10006
            }
        },
        {
            "ActorName": "TRAFFIC_SIGN 78",
            "ObjectId": 78,
            "BoundingBox3D Origin X": 69.05375922333224,
            "BoundingBox3D Origin Y": -4.218306941067567,
            "BoundingBox3D Origin Z": 2.83438640832901,
            "BoundingBox3D Extent X": 0.1,
            "BoundingBox3D Extent Y": 0.3832816087039713,
            "BoundingBox3D Extent Z": 0.4357120768838613,
            "BoundingBox3D Orientation Quat W": 0.1029114208477605,
            "BoundingBox3D Orientation Quat X": -0.0016753547530497,
            "BoundingBox3D Orientation Quat Y": 0.0106916688630036,
            "BoundingBox3D Orientation Quat Z": 0.9946316508449098,
            "ObjectType": "TRAFFIC_SIGN",
            "Occluded": {
                "F_MIDRANGECAM_C": 0.9954534769058228
            },
            "Truncated": 0,
            "ObjectMeta": {
                "SourceID": 78,
                "SubType": "unknown",
                "Text": "",
                "OcrVersion": 10006
            }
        },
        {
            "ActorName": "TRAFFIC_SIGN 79",
            "ObjectId": 79,
            "BoundingBox3D Origin X": 78.73719374698885,
            "BoundingBox3D Origin Y": 23.371756663749693,
            "BoundingBox3D Origin Z": 5.76752491760999,
            "BoundingBox3D Extent X": 0.1,
            "BoundingBox3D Extent Y": 1.7107504098693462,
            "BoundingBox3D Extent Z": 0.6034869053535241,
            "BoundingBox3D Orientation Quat W": -0.3146125314247515,
            "BoundingBox3D Orientation Quat X": 0.0028633697803685,
            "BoundingBox3D Orientation Quat Y": 0.010439458054769,
            "BoundingBox3D Orientation Quat Z": 0.9491584556329536,
            "ObjectType": "TRAFFIC_SIGN",
            "Occluded": {
                "F_MIDRANGECAM_C": 0.992644190788269
            },
            "Truncated": 0,
            "ObjectMeta": {
                "SourceID": 79,
                "SubType": "unknown",
                "Text": "",
                "OcrVersion": 10006
            }
        },
        {
            "ActorName": "TRAFFIC_SIGN 80",
            "ObjectId": 80,
            "BoundingBox3D Origin X": 116.54845539278632,
            "BoundingBox3D Origin Y": 9.715868693747325,
            "BoundingBox3D Origin Z": 6.8370754811912775,
            "BoundingBox3D Extent X": 0.0999999999999999,
            "BoundingBox3D Extent Y": 0.9914366721812164,
            "BoundingBox3D Extent Z": 1.020302161968541,
            "BoundingBox3D Orientation Quat W": -0.1159638544794147,
            "BoundingBox3D Orientation Quat X": 0.0006938882264141,
            "BoundingBox3D Orientation Quat Y": 0.0108013420588847,
            "BoundingBox3D Orientation Quat Z": 0.9931944592994534,
            "ObjectType": "TRAFFIC_SIGN",
            "Occluded": {
                "F_MIDRANGECAM_C": 0.9931671023368835
            },
            "Truncated": 0,
            "ObjectMeta": {
                "SourceID": 80,
                "SubType": "us_white_ground_rectangle_unknown",
                "Text": "Lt.",
                "OcrVersion": 10006
            }
        },
        {
            "ActorName": "TRAFFIC_SIGN 81",
            "ObjectId": 81,
            "BoundingBox3D Origin X": 117.73795923954911,
            "BoundingBox3D Origin Y": -4.397085576201789,
            "BoundingBox3D Origin Z": 5.371180281043053,
            "BoundingBox3D Extent X": 0.1,
            "BoundingBox3D Extent Y": 0.7463736033616835,
            "BoundingBox3D Extent Z": 0.983651782538956,
            "BoundingBox3D Orientation Quat W": 0.0690316987060974,
            "BoundingBox3D Orientation Quat X": -0.0013088305630597,
            "BoundingBox3D Orientation Quat Y": 0.0107429449371309,
            "BoundingBox3D Orientation Quat Z": 0.997555763188397,
            "ObjectType": "TRAFFIC_SIGN",
            "Occluded": {
                "F_MIDRANGECAM_C": 0.9685737490653992
            },
            "Truncated": 0,
            "ObjectMeta": {
                "SourceID": 81,
                "SubType": "us_white_ground_rectangle_unknown",
                "Text": "A",
                "OcrVersion": 10006
            }
        },
        {
            "ActorName": "TRAFFIC_SIGN 82",
            "ObjectId": 82,
            "BoundingBox3D Origin X": 117.61254381378876,
            "BoundingBox3D Origin Y": -0.2062656190537382,
            "BoundingBox3D Origin Z": 6.337276089005172,
            "BoundingBox3D Extent X": 0.1,
            "BoundingBox3D Extent Y": 2.213188412608715,
            "BoundingBox3D Extent Z": 0.5427212993728956,
            "BoundingBox3D Orientation Quat W": 0.0118763138279358,
            "BoundingBox3D Orientation Quat X": -0.0006918867411344,