{
    "CapturedObjects": [
        {
            "ActorName": "TRAFFIC_SIGN 74",
            "ObjectId": 74,
            "BoundingBox3D Origin X": 10.685861620731885,
            "BoundingBox3D Origin Y": -5.08614534499975,
            "BoundingBox3D Origin Z": 4.168581118807197,
            "BoundingBox3D Extent X": 0.1,
            "BoundingBox3D Extent Y": 1.0443760949039496,
            "BoundingBox3D Extent Z": 0.9445654290099652,
            "BoundingBox3D Orientation Quat W": 0.0622769033531061,
            "BoundingBox3D Orientation Quat X": 0.0031521169556738,
            "BoundingBox3D Orientation Quat Y": 0.0010871372365022,
            "BoundingBox3D Orientation Quat Z": 0.9980533400575716,
            "ObjectType": "TRAFFIC_SIGN",
            "Occluded": {
                "F_MIDRANGECAM_C": 9.560692433296936e-07
            },
            "Truncated": 0,
            "ObjectMeta": {
                "SourceID": 74,
                "SubType": "us_white_ground_rectangle_unknown",
                "Text": "Ho",
                "OcrVersion": 10006
            }
        },
        {
            "ActorName": "TRAFFIC_SIGN 76",
            "ObjectId": 76,
            "BoundingBox3D Origin X": 10.63430884553236,
            "BoundingBox3D Origin Y": -5.087812654868685,
            "BoundingBox3D Origin Z": 3.479013556614518,
            "BoundingBox3D Extent X": 0.1,
            "BoundingBox3D Extent Y": 0.6871968100218089,
            "BoundingBox3D Extent Z": 0.273953078968039,
            "BoundingBox3D Orientation Quat W": 0.1558687178457895,
            "BoundingBox3D Orientation Quat X": 0.0030380794478842,
            "BoundingBox3D Orientation Quat Y": 0.00137889629504,
            "BoundingBox3D Orientation Quat Z": 0.9877721455454116,
            "ObjectType": "TRAFFIC_SIGN",
            "Occluded": {
                "F_MIDRANGECAM_C": 1.6459312064398546e-06
            },
            "Truncated": 0,
            "ObjectMeta": {
                "SourceID": 76,
                "SubType": "us_white_ground_rectangle_unknown",
                "Text": "",
                "OcrVersion": 10006
            }
        },
        {
            "ActorName": "TRAFFIC_SIGN 77",
            "ObjectId": 77,
            "BoundingBox3D Origin X": 10.117823714725091,
            "BoundingBox3D Origin Y": -5.082891795995238,
            "BoundingBox3D Origin Z": 3.13319746311754,
            "BoundingBox3D Extent X": 0.0999999999999999,
            "BoundingBox3D Extent Y": 0.60407060371918,
            "BoundingBox3D Extent Z": 0.2037042366830296,
            "BoundingBox3D Orientation Quat W": 0.1951255248478961,
            "BoundingBox3D Orientation Quat X": 0.0029803588250458,
            "BoundingBox3D Orientation Quat Y": 0.0014989947483857,
            "BoundingBox3D Orientation Quat Z": 0.9807726036288188,
            "ObjectType": "TRAFFIC_SIGN",
            "Occluded": {
                "F_MIDRANGECAM_C": 0.0356954783201217
            },
            "Truncated": 0,
            "ObjectMeta": {
                "SourceID": 77,
                "SubType": "us_white_ground_rectangle_unknown",
                "Text": "",
                "OcrVersion": 10006
            }
        },
        {
            "ActorName": "TRAFFIC_SIGN 78",
            "ObjectId": 78,
            "BoundingBox3D Origin X": 76.1326257609253,
            "BoundingBox3D Origin Y": -4.252073147275951,
            "BoundingBox3D Origin Z": 2.1546424524858594,
            "BoundingBox3D Extent X": 0.1,
            "BoundingBox3D Extent Y": 0.3832816087039713,
            "BoundingBox3D Extent Z": 0.4357120768838613,
            "BoundingBox3D Orientation Quat W": 0.1030718942116719,
            "BoundingBox3D Orientation Quat X": 0.0031116991487978,
            "BoundingBox3D Orientation Quat Y": 0.0012158614644335,
            "BoundingBox3D Orientation Quat Z": 0.9946682982949264,
            "ObjectType": "TRAFFIC_SIGN",
            "Occluded": {
                "F_MIDRANGECAM_C": 0.994553565979004
            },
            "Truncated": 0,
            "ObjectMeta": {
                "SourceID": 78,
                "SubType": "unknown",
                "Text": "",
                "OcrVersion": 10006
            }
        },
        {
            "ActorName": "TRAFFIC_SIGN 79",
            "ObjectId": 79,
            "BoundingBox3D Origin X": 85.85030807919247,
            "BoundingBox3D Origin Y": 23.271154039850444,
            "BoundingBox3D Origin Z": 5.561019758693874,
            "BoundingBox3D Extent X": 0.1,
            "BoundingBox3D Extent Y": 1.7107504098693462,
            "BoundingBox3D Extent Z": 0.6034869053535241,
            "BoundingBox3D Orientation Quat W": 0.3144799328786408,
            "BoundingBox3D Orientation Quat X": -0.0033374891561334,
            "BoundingBox3D Orientation Quat Y": 0.0001681962595865,
            "BoundingBox3D Orientation Quat Z": -0.9492582392019552,
            "ObjectType": "TRAFFIC_SIGN",
            "Occluded": {
                "F_MIDRANGECAM_C": 0.9477713108062744
            },
            "Truncated": 0,
            "ObjectMeta": {
                "SourceID": 79,
                "SubType": "unknown",
                "Text": "",
                "OcrVersion": 10006
            }
        },
        {
            "ActorName": "TRAFFIC_SIGN 80",
            "ObjectId": 80,
            "BoundingBox3D Origin X": 123.66261707224476,
            "BoundingBox3D Origin Y": 9.585121805390372,
            "BoundingBox3D Origin Z": 6.073356945998967,
            "BoundingBox3D Extent X": 0.0999999999999999,
            "BoundingBox3D Extent Y": 0.9914366721812164,
            "BoundingBox3D Extent Z": 1.020302161968541,
            "BoundingBox3D Orientation Quat W": -0.1158129899480978,
            "BoundingBox3D Orientation Quat X": 0.003304630845045,
            "BoundingBox3D Orientation Quat Y": 0.0005098878354407,
            "BoundingBox3D Orientation Quat Z": 0.9932654080298252,
            "ObjectType": "TRAFFIC_SIGN",
            "Occluded": {
                "F_MIDRANGECAM_C": 0.4972338676452636
            },
            "Truncated": 0,
            "ObjectMeta": {
                "SourceID": 80,
                "SubType": "us_white_ground_rectangle_unknown",
                "Text": "Lt.",
                "OcrVersion": 10006
            }
        },
        {
            "ActorName": "TRAFFIC_SIGN 81",
            "ObjectId": 81,
            "BoundingBox3D Origin X": 124.83470641609892,
            "BoundingBox3D Origin Y": -4.496232327621328,
            "BoundingBox3D Origin Z": 4.318897057324648,
            "BoundingBox3D Extent X": 0.1,
            "BoundingBox3D Extent Y": 0.7463736033616835,
            "BoundingBox3D Extent Z": 0.983651782538956,
            "BoundingBox3D Orientation Quat W": 0.069191332491624,
            "BoundingBox3D Orientation Quat X": 0.0031532339780944,
            "BoundingBox3D Orientation Quat Y": 0.0011096679104884,
            "BoundingBox3D Orientation Quat Z": 0.997597807365594,
            "ObjectType": "TRAFFIC_SIGN",
            "Occluded": {
                "F_MIDRANGECAM_C": 0.9806381464004515
            },
            "Truncated": 0,
            "ObjectMeta": {
                "SourceID": 81,
                "SubType": "us_white_ground_rectangle_unknown",
                "Text": "A",
                "OcrVersion": 10006
            }
        },
        {
            "ActorName": "TRAFFIC_SIGN 82",
            "ObjectId": 82,
            "BoundingBox3D Origin X": 124.71847464409802,
            "BoundingBox3D Origin Y": -0.3253964828854805,
            "BoundingBox3D Origin Z": 5.368834795430303,
            "BoundingBox3D Extent X": 0.1,
            "BoundingBox3D Extent Y": 2.213188412608715,
            "BoundingBox3D Extent Z": 0.5427212993728956,
            "BoundingBox3D Orientation Quat W": 0.0120340332890524,