{
    "CapturedObjects": [
        {
            "ActorName": "TRAFFIC_SIGN 71",
            "ObjectId": 71,
            "BoundingBox3D Origin X": 22.995291004292085,
            "BoundingBox3D Origin Y": -6.876761146937497,
            "BoundingBox3D Origin Z": 1.2046884540468454,
            "BoundingBox3D Extent X": 0.1,
            "BoundingBox3D Extent Y": 0.4031856189935762,
            "BoundingBox3D Extent Z": 0.4997455218914134,
            "BoundingBox3D Orientation Quat W": 0.1120091282505486,
            "BoundingBox3D Orientation Quat X": 0.0036170152415829,
            "BoundingBox3D Orientation Quat Y": 0.0109602630016976,
            "BoundingBox3D Orientation Quat Z": 0.9936401486575654,
            "ObjectType": "TRAFFIC_SIGN",
            "Occluded": {
                "F_MIDRANGECAM_C": 4.3093315582609655e-08
            },
            "Truncated": 0,
            "ObjectMeta": {
                "SourceID": 71,
                "SubType": "unknown",
                "Text": "",
                "OcrVersion": 10006
            }
        },
        {
            "ActorName": "TRAFFIC_SIGN 72",
            "ObjectId": 72,
            "BoundingBox3D Origin X": 24.909289190014533,
            "BoundingBox3D Origin Y": -7.41535828623455,
            "BoundingBox3D Origin Z": 1.740389839746058,
            "BoundingBox3D Extent X": 0.1,
            "BoundingBox3D Extent Y": 0.9388444663395614,
            "BoundingBox3D Extent Z": 0.3092811740232059,
            "BoundingBox3D Orientation Quat W": 0.2838942861316857,
            "BoundingBox3D Orientation Quat X": 0.0016460326910002,
            "BoundingBox3D Orientation Quat Y": 0.0114232495871869,
            "BoundingBox3D Orientation Quat Z": 0.9587861253934736,
            "ObjectType": "TRAFFIC_SIGN",
            "Occluded": {
                "F_MIDRANGECAM_C": 8.252383850049227e-05
            },
            "Truncated": 0,
            "ObjectMeta": {
                "SourceID": 72,
                "SubType": "us_yellow_ground_rectangle_unknown",
                "Text": "Chock and Shol Chun",
                "OcrVersion": 10006
            }
        },
        {
            "ActorName": "TRAFFIC_SIGN 73",
            "ObjectId": 73,
            "BoundingBox3D Origin X": 37.5035337502195,
            "BoundingBox3D Origin Y": -5.1855997792154085,
            "BoundingBox3D Origin Z": 2.602795634418726,
            "BoundingBox3D Extent X": 0.1,
            "BoundingBox3D Extent Y": 0.3362411013069622,
            "BoundingBox3D Extent Z": 0.4807453413399092,
            "BoundingBox3D Orientation Quat W": 0.1608291215573674,
            "BoundingBox3D Orientation Quat X": 0.0030736598280659,
            "BoundingBox3D Orientation Quat Y": 0.0111253292295202,
            "BoundingBox3D Orientation Quat Z": 0.9869147751066866,
            "ObjectType": "TRAFFIC_SIGN",
            "Occluded": {
                "F_MIDRANGECAM_C": 0.0776219740509986
            },
            "Truncated": 0,
            "ObjectMeta": {
                "SourceID": 73,
                "SubType": "us_white_ground_rectangle_unknown",
                "Text": "",
                "OcrVersion": 10006
            }
        },
        {
            "ActorName": "TRAFFIC_SIGN 74",
            "ObjectId": 74,
            "BoundingBox3D Origin X": 80.46128679459798,
            "BoundingBox3D Origin Y": -5.405338286014739,
            "BoundingBox3D Origin Z": 3.557813067920506,
            "BoundingBox3D Extent X": 0.1,
            "BoundingBox3D Extent Y": 1.0443760949039496,
            "BoundingBox3D Extent Z": 0.9445654290099652,
            "BoundingBox3D Orientation Quat W": 0.0697140392785856,
            "BoundingBox3D Orientation Quat X": 0.0040817066127497,
            "BoundingBox3D Orientation Quat Y": 0.0107974747163526,
            "BoundingBox3D Orientation Quat Z": 0.9975002290417486,
            "ObjectType": "TRAFFIC_SIGN",
            "Occluded": {
                "F_MIDRANGECAM_C": 0.5873511433601379
            },
            "Truncated": 0,
            "ObjectMeta": {
                "SourceID": 74,
                "SubType": "us_white_ground_rectangle_unknown",
                "Text": "Ho",
                "OcrVersion": 10006
            }
        },
        {
            "ActorName": "TRAFFIC_SIGN 75",
            "ObjectId": 75,
            "BoundingBox3D Origin X": 70.20332160888938,
            "BoundingBox3D Origin Y": 12.315833210333947,
            "BoundingBox3D Origin Z": 0.3858251860365271,
            "BoundingBox3D Extent X": 0.1,
            "BoundingBox3D Extent Y": 0.9246897276089624,
            "BoundingBox3D Extent Z": 0.4851001072257914,
            "BoundingBox3D Orientation Quat W": -0.3106548910434479,
            "BoundingBox3D Orientation Quat X": 0.007843846888195,
            "BoundingBox3D Orientation Quat Y": 0.0084702196819856,
            "BoundingBox3D Orientation Quat Z": 0.950452664847291,
            "ObjectType": "TRAFFIC_SIGN",
            "Occluded": {
                "F_MIDRANGECAM_C": 0.9987618923187256
            },
            "Truncated": 0,
            "ObjectMeta": {
                "SourceID": 75,
                "SubType": "us_white_ground_rectangle_unknown",
                "Text": "",
                "OcrVersion": 10006
            }
        },
        {
            "ActorName": "TRAFFIC_SIGN 76",
            "ObjectId": 76,
            "BoundingBox3D Origin X": 80.40751412419922,
            "BoundingBox3D Origin Y": -5.419540787377628,
            "BoundingBox3D Origin Z": 2.868555713444948,
            "BoundingBox3D Extent X": 0.1,
            "BoundingBox3D Extent Y": 0.6871968100218089,
            "BoundingBox3D Extent Z": 0.273953078968039,
            "BoundingBox3D Orientation Quat W": 0.1632213063558563,
            "BoundingBox3D Orientation Quat X": 0.0030500907764298,
            "BoundingBox3D Orientation Quat Y": 0.0111332572330145,
            "BoundingBox3D Orientation Quat Z": 0.9865219473894776,
            "ObjectType": "TRAFFIC_SIGN",
            "Occluded": {
                "F_MIDRANGECAM_C": 0.3396245837211609
            },
            "Truncated": 0,
            "ObjectMeta": {
                "SourceID": 76,
                "SubType": "us_white_ground_rectangle_unknown",
                "Text": "",
                "OcrVersion": 10006
            }
        },
        {
            "ActorName": "TRAFFIC_SIGN 77",
            "ObjectId": 77,
            "BoundingBox3D Origin X": 79.8900550684848,
            "BoundingBox3D Origin Y": -5.413605856185313,
            "BoundingBox3D Origin Z": 2.5242130467668176,
            "BoundingBox3D Extent X": 0.0999999999999999,
            "BoundingBox3D Extent Y": 0.60407060371918,
            "BoundingBox3D Extent Z": 0.2037042366830296,
            "BoundingBox3D Orientation Quat W": 0.2024226055666111,
            "BoundingBox3D Orientation Quat X": 0.0026033587394092,
            "BoundingBox3D Orientation Quat Y": 0.0112459560159345,
            "BoundingBox3D Orientation Quat Z": 0.9792302281650552,
            "ObjectType": "TRAFFIC_SIGN",
            "Occluded": {
                "F_MIDRANGECAM_C": 0.9990542531013488
            },
            "Truncated": 0,
            "ObjectMeta": {
                "SourceID": 77,
                "SubType": "us_white_ground_rectangle_unknown",
                "Text": "",
                "OcrVersion": 10006
            }
        },
        {
            "ActorName": "TRAFFIC_SIGN 78",
            "ObjectId": 78,
            "BoundingBox3D Origin X": 145.90678890099662,
            "BoundingBox3D Origin Y": -5.584406523237703,
            "BoundingBox3D Origin Z": 1.337473537772894,
            "BoundingBox3D Extent X": 0.1,
            "BoundingBox3D Extent Y": 0.3832816087039713,
            "BoundingBox3D Extent Z": 0.4357120768838613,
            "BoundingBox3D Orientation Quat W": 0.11048040260028,