{
    "CapturedObjects": [
        {
            "ActorName": "TRAFFIC_SIGN 74",
            "ObjectId": 74,
            "BoundingBox3D Origin X": 32.490502593316705,
            "BoundingBox3D Origin Y": -4.938024432922248,
            "BoundingBox3D Origin Z": 4.359499283134937,
            "BoundingBox3D Extent X": 0.1,
            "BoundingBox3D Extent Y": 1.0443760949039496,
            "BoundingBox3D Extent Z": 0.9445654290099652,
            "BoundingBox3D Orientation Quat W": 0.0640215721648729,
            "BoundingBox3D Orientation Quat X": -0.0015002342916365,
            "BoundingBox3D Orientation Quat Y": 0.0059339834733956,
            "BoundingBox3D Orientation Quat Z": 0.9979297447389496,
            "ObjectType": "TRAFFIC_SIGN",
            "Occluded": {
                "F_MIDRANGECAM_C": 2.271719677082729e-05
            },
            "Truncated": 0,
            "ObjectMeta": {
                "SourceID": 74,
                "SubType": "us_white_ground_rectangle_unknown",
                "Text": "Ho",
                "OcrVersion": 10006
            }
        },
        {
            "ActorName": "TRAFFIC_SIGN 75",
            "ObjectId": 75,
            "BoundingBox3D Origin X": 22.06638437658512,
            "BoundingBox3D Origin Y": 12.692469439512934,
            "BoundingBox3D Origin Z": 1.2252617422491312,
            "BoundingBox3D Extent X": 0.1,
            "BoundingBox3D Extent Y": 0.9246897276089624,
            "BoundingBox3D Extent Z": 0.4851001072257914,
            "BoundingBox3D Orientation Quat W": -0.3160908080144164,
            "BoundingBox3D Orientation Quat X": 0.0008428091943366,
            "BoundingBox3D Orientation Quat Y": 0.0060639510938166,
            "BoundingBox3D Orientation Quat Z": 0.948709185819652,
            "ObjectType": "TRAFFIC_SIGN",
            "Occluded": {
                "F_MIDRANGECAM_C": 0.0092397099360823
            },
            "Truncated": 0,
            "ObjectMeta": {
                "SourceID": 75,
                "SubType": "us_white_ground_rectangle_unknown",
                "Text": "",
                "OcrVersion": 10006
            }
        },
        {
            "ActorName": "TRAFFIC_SIGN 76",
            "ObjectId": 76,
            "BoundingBox3D Origin X": 32.44492620313031,
            "BoundingBox3D Origin Y": -4.946605140197789,
            "BoundingBox3D Origin Z": 3.6695581087842575,
            "BoundingBox3D Extent X": 0.1,
            "BoundingBox3D Extent Y": 0.6871968100218089,
            "BoundingBox3D Extent Z": 0.273953078968039,
            "BoundingBox3D Orientation Quat W": 0.157595062359404,
            "BoundingBox3D Orientation Quat X": -0.0020498158823995,
            "BoundingBox3D Orientation Quat Y": 0.0057663782131561,
            "BoundingBox3D Orientation Quat Z": 0.9874848573305244,
            "ObjectType": "TRAFFIC_SIGN",
            "Occluded": {
                "F_MIDRANGECAM_C": 0.0014777960022911
            },
            "Truncated": 0,
            "ObjectMeta": {
                "SourceID": 76,
                "SubType": "us_white_ground_rectangle_unknown",
                "Text": "",
                "OcrVersion": 10006
            }
        },
        {
            "ActorName": "TRAFFIC_SIGN 77",
            "ObjectId": 77,
            "BoundingBox3D Origin X": 31.93148180652497,
            "BoundingBox3D Origin Y": -4.943477831489872,
            "BoundingBox3D Origin Z": 3.319227625615895,
            "BoundingBox3D Extent X": 0.0999999999999999,
            "BoundingBox3D Extent Y": 0.60407060371918,
            "BoundingBox3D Extent Z": 0.2037042366830296,
            "BoundingBox3D Orientation Quat W": 0.1968395184608232,
            "BoundingBox3D Orientation Quat X": -0.0022785740151261,
            "BoundingBox3D Orientation Quat Y": 0.0056800412701406,
            "BoundingBox3D Orientation Quat Z": 0.9804166202200664,
            "ObjectType": "TRAFFIC_SIGN",
            "Occluded": {
                "F_MIDRANGECAM_C": 0.7737039923667908
            },
            "Truncated": 0,
            "ObjectMeta": {
                "SourceID": 77,
                "SubType": "us_white_ground_rectangle_unknown",
                "Text": "",
                "OcrVersion": 10006
            }
        },
        {
            "ActorName": "TRAFFIC_SIGN 78",
            "ObjectId": 78,
            "BoundingBox3D Origin X": 97.95454017581324,
            "BoundingBox3D Origin Y": -4.347978473160765,
            "BoundingBox3D Origin Z": 2.906494521535933,
            "BoundingBox3D Extent X": 0.1,
            "BoundingBox3D Extent Y": 0.3832816087039713,
            "BoundingBox3D Extent Z": 0.4357120768838613,
            "BoundingBox3D Orientation Quat W": 0.1048105015365177,
            "BoundingBox3D Orientation Quat X": -0.0017352494616582,
            "BoundingBox3D Orientation Quat Y": 0.0058680831618723,
            "BoundingBox3D Orientation Quat Z": 0.9944733849012624,
            "ObjectType": "TRAFFIC_SIGN",
            "Occluded": {
                "F_MIDRANGECAM_C": 0.9670053720474244
            },
            "Truncated": 0,
            "ObjectMeta": {
                "SourceID": 78,
                "SubType": "unknown",
                "Text": "",
                "OcrVersion": 10006
            }
        },
        {
            "ActorName": "TRAFFIC_SIGN 79",
            "ObjectId": 79,
            "BoundingBox3D Origin X": 107.73884595769232,
            "BoundingBox3D Origin Y": 23.17559860699112,
            "BoundingBox3D Origin Z": 6.1148625472560525,
            "BoundingBox3D Extent X": 0.1,
            "BoundingBox3D Extent Y": 1.7107504098693462,
            "BoundingBox3D Extent Z": 0.6034869053535241,
            "BoundingBox3D Orientation Quat W": -0.3128155667403921,
            "BoundingBox3D Orientation Quat X": 0.0008291733309189,
            "BoundingBox3D Orientation Quat Y": 0.006065706527029,
            "BoundingBox3D Orientation Quat Z": 0.9497941571102668,
            "ObjectType": "TRAFFIC_SIGN",
            "Occluded": {
                "F_MIDRANGECAM_C": 0.9924200177192688
            },
            "Truncated": 0,
            "ObjectMeta": {
                "SourceID": 79,
                "SubType": "unknown",
                "Text": "",
                "OcrVersion": 10006
            }
        },
        {
            "ActorName": "TRAFFIC_SIGN 80",
            "ObjectId": 80,
            "BoundingBox3D Origin X": 145.4968622974775,
            "BoundingBox3D Origin Y": 9.36658989841817,
            "BoundingBox3D Origin Z": 7.096438431181014,
            "BoundingBox3D Extent X": 0.0999999999999999,
            "BoundingBox3D Extent Y": 0.9914366721812164,
            "BoundingBox3D Extent Z": 1.020302161968541,
            "BoundingBox3D Orientation Quat W": -0.1140751419719539,
            "BoundingBox3D Orientation Quat X": -0.0004134273530544,
            "BoundingBox3D Orientation Quat Y": 0.0061060692920538,
            "BoundingBox3D Orientation Quat Z": 0.993453273677078,
            "ObjectType": "TRAFFIC_SIGN",
            "Occluded": {
                "F_MIDRANGECAM_C": 0.9762991070747375
            },
            "Truncated": 0,
            "ObjectMeta": {
                "SourceID": 80,
                "SubType": "us_white_ground_rectangle_unknown",
                "Text": "Lt.",
                "OcrVersion": 10006
            }
        },
        {
            "ActorName": "TRAFFIC_SIGN 81",
            "ObjectId": 81,
            "BoundingBox3D Origin X": 146.63467457450133,
            "BoundingBox3D Origin Y": -4.736023500256124,
            "BoundingBox3D Origin Z": 5.496729330159724,
            "BoundingBox3D Extent X": 0.1,
            "BoundingBox3D Extent Y": 0.7463736033616835,
            "BoundingBox3D Extent Z": 0.983651782538956,
            "BoundingBox3D Orientation Quat W": 0.070935218992354,