{
    "CapturedObjects": [
        {
            "ActorName": "TRAFFIC_SIGN 78",
            "ObjectId": 78,
            "BoundingBox3D Origin X": 43.16786568879979,
            "BoundingBox3D Origin Y": -4.950291342682249,
            "BoundingBox3D Origin Z": 2.580936587415636,
            "BoundingBox3D Extent X": 0.1,
            "BoundingBox3D Extent Y": 0.3832816087039713,
            "BoundingBox3D Extent Z": 0.4357120768838613,
            "BoundingBox3D Orientation Quat W": 0.1071250388289027,
            "BoundingBox3D Orientation Quat X": 0.0006383877502392,
            "BoundingBox3D Orientation Quat Y": 0.0007296707376771,
            "BoundingBox3D Orientation Quat Z": 0.9942450835169372,
            "ObjectType": "TRAFFIC_SIGN",
            "Occluded": {
                "F_MIDRANGECAM_C": 0.998550832271576
            },
            "Truncated": 0,
            "ObjectMeta": {
                "SourceID": 78,
                "SubType": "unknown",
                "Text": "",
                "OcrVersion": 10006
            }
        },
        {
            "ActorName": "TRAFFIC_SIGN 79",
            "ObjectId": 79,
            "BoundingBox3D Origin X": 53.09229033374504,
            "BoundingBox3D Origin Y": 22.49157323002873,
            "BoundingBox3D Origin Z": 6.048506833612919,
            "BoundingBox3D Extent X": 0.1,
            "BoundingBox3D Extent Y": 1.7107504098693462,
            "BoundingBox3D Extent Z": 0.6034869053535241,
            "BoundingBox3D Orientation Quat W": -0.310611068942354,
            "BoundingBox3D Orientation Quat X": 0.0008820191360229,
            "BoundingBox3D Orientation Quat Y": 0.0004065231079509,
            "BoundingBox3D Orientation Quat Z": 0.9505365961559264,
            "ObjectType": "TRAFFIC_SIGN",
            "Occluded": {
                "F_MIDRANGECAM_C": 0.009644417092204
            },
            "Truncated": 0,
            "ObjectMeta": {
                "SourceID": 79,
                "SubType": "unknown",
                "Text": "",
                "OcrVersion": 10006
            }
        },
        {
            "ActorName": "TRAFFIC_SIGN 80",
            "ObjectId": 80,
            "BoundingBox3D Origin X": 90.78872208075882,
            "BoundingBox3D Origin Y": 8.497665378436068,
            "BoundingBox3D Origin Z": 6.7444412019103765,
            "BoundingBox3D Extent X": 0.0999999999999999,
            "BoundingBox3D Extent Y": 0.9914366721812164,
            "BoundingBox3D Extent Z": 1.020302161968541,
            "BoundingBox3D Orientation Quat W": -0.1117657887570755,
            "BoundingBox3D Orientation Quat X": 0.0007846878316567,
            "BoundingBox3D Orientation Quat Y": 0.0005748549018942,
            "BoundingBox3D Orientation Quat Z": 0.9937341003861936,
            "ObjectType": "TRAFFIC_SIGN",
            "Occluded": {
                "F_MIDRANGECAM_C": 0.966824471950531
            },
            "Truncated": 0,
            "ObjectMeta": {
                "SourceID": 80,
                "SubType": "us_white_ground_rectangle_unknown",
                "Text": "Lt.",
                "OcrVersion": 10006
            }
        },
        {
            "ActorName": "TRAFFIC_SIGN 81",
            "ObjectId": 81,
            "BoundingBox3D Origin X": 91.85481447614802,
            "BoundingBox3D Origin Y": -5.592112078542414,
            "BoundingBox3D Origin Z": 4.989512195810676,
            "BoundingBox3D Extent X": 0.1,
            "BoundingBox3D Extent Y": 0.7463736033616835,
            "BoundingBox3D Extent Z": 0.983651782538956,
            "BoundingBox3D Orientation Quat W": 0.07325630968927,
            "BoundingBox3D Orientation Quat X": 0.0006648476202088,
            "BoundingBox3D Orientation Quat Y": 0.0007080699288988,
            "BoundingBox3D Orientation Quat Z": 0.9973126739921276,
            "ObjectType": "TRAFFIC_SIGN",
            "Occluded": {
                "F_MIDRANGECAM_C": 0.975203275680542
            },
            "Truncated": 0,
            "ObjectMeta": {
                "SourceID": 81,
                "SubType": "us_white_ground_rectangle_unknown",
                "Text": "A",
                "OcrVersion": 10006
            }
        },
        {
            "ActorName": "TRAFFIC_SIGN 82",
            "ObjectId": 82,
            "BoundingBox3D Origin X": 91.7672975431542,
            "BoundingBox3D Origin Y": -1.4208797476803738,
            "BoundingBox3D Origin Z": 6.040742568671703,
            "BoundingBox3D Extent X": 0.1,
            "BoundingBox3D Extent Y": 2.213188412608715,
            "BoundingBox3D Extent Z": 0.5427212993728956,
            "BoundingBox3D Orientation Quat W": 0.0161083518819922,
            "BoundingBox3D Orientation Quat X": 0.0007047495198264,
            "BoundingBox3D Orientation Quat Y": 0.0006692843966699,
            "BoundingBox3D Orientation Quat Z": 0.999869779714417,
            "ObjectType": "TRAFFIC_SIGN",
            "Occluded": {
                "F_MIDRANGECAM_C": 0.879935085773468
            },
            "Truncated": 0,
            "ObjectMeta": {
                "SourceID": 82,
                "SubType": "unknown",
                "Text": "",
                "OcrVersion": 10006
            }
        },
        {
            "ActorName": "TRAFFIC_SIGN 83",
            "ObjectId": 83,
            "BoundingBox3D Origin X": 87.81202434210354,
            "BoundingBox3D Origin Y": -10.759906637213136,
            "BoundingBox3D Origin Z": 3.2695175679400563,
            "BoundingBox3D Extent X": 0.1,
            "BoundingBox3D Extent Y": 0.5022577767826779,
            "BoundingBox3D Extent Z": 0.4764159543296132,
            "BoundingBox3D Orientation Quat W": 0.1580942289177356,
            "BoundingBox3D Orientation Quat X": 0.0006032915515598,
            "BoundingBox3D Orientation Quat Y": 0.0007614168240767,
            "BoundingBox3D Orientation Quat Z": 0.9874235520113092,
            "ObjectType": "TRAFFIC_SIGN",
            "Occluded": {
                "F_MIDRANGECAM_C": 0.9904664754867554
            },
            "Truncated": 0,
            "ObjectMeta": {
                "SourceID": 83,
                "SubType": "unknown",
                "Text": "",
                "OcrVersion": 10006
            }
        },
        {
            "ActorName": "TRAFFIC_SIGN 84",
            "ObjectId": 84,
            "BoundingBox3D Origin X": 88.50776564473381,
            "BoundingBox3D Origin Y": -10.819870540104604,
            "BoundingBox3D Origin Z": 2.5102577917277813,
            "BoundingBox3D Extent X": 0.1,
            "BoundingBox3D Extent Y": 0.5902100148686099,
            "BoundingBox3D Extent Z": 0.6262998747597067,
            "BoundingBox3D Orientation Quat W": 0.4128268988437132,
            "BoundingBox3D Orientation Quat X": 0.0003805616118539,
            "BoundingBox3D Orientation Quat Y": 0.0008926406385698,
            "BoundingBox3D Orientation Quat Z": 0.9108089865370416,
            "ObjectType": "TRAFFIC_SIGN",
            "Occluded": {
                "F_MIDRANGECAM_C": 0.9986143112182616
            },
            "Truncated": 0,
            "ObjectMeta": {
                "SourceID": 84,
                "SubType": "us_white_ground_rectangle_unknown",
                "Text": "",
                "OcrVersion": 10006
            }
        },
        {
            "ActorName": "TRAFFIC_SIGN 85",
            "ObjectId": 85,
            "BoundingBox3D Origin X": 91.420266643192,
            "BoundingBox3D Origin Y": -9.226731475375344,
            "BoundingBox3D Origin Z": 2.4674269258975983,
            "BoundingBox3D Extent X": 0.1,
            "BoundingBox3D Extent Y": 0.4321764308658682,
            "BoundingBox3D Extent Z": 0.619127164289498,
            "BoundingBox3D Orientation Quat W": 0.149928128875973,
            "BoundingBox3D Orientation Quat X": 0.0006091330774138,
            "BoundingBox3D Orientation Quat Y": 0.0007567080769973,