{
    "CapturedObjects": [
        {
            "ActorName": "TRAFFIC_SIGN 74",
            "ObjectId": 74,
            "BoundingBox3D Origin X": 36.99727921097656,
            "BoundingBox3D Origin Y": -4.849216598842759,
            "BoundingBox3D Origin Z": 4.232134668156505,
            "BoundingBox3D Extent X": 0.1,
            "BoundingBox3D Extent Y": 1.0443760949039496,
            "BoundingBox3D Extent Z": 0.9445654290099652,
            "BoundingBox3D Orientation Quat W": 0.0631512512489811,
            "BoundingBox3D Orientation Quat X": 0.0001991625726272,
            "BoundingBox3D Orientation Quat Y": 0.0060056485439944,
            "BoundingBox3D Orientation Quat Z": 0.9979858776483382,
            "ObjectType": "TRAFFIC_SIGN",
            "Occluded": {
                "F_MIDRANGECAM_C": 5.000538658350706e-05
            },
            "Truncated": 0,
            "ObjectMeta": {
                "SourceID": 74,
                "SubType": "us_white_ground_rectangle_unknown",
                "Text": "Ho",
                "OcrVersion": 10006
            }
        },
        {
            "ActorName": "TRAFFIC_SIGN 75",
            "ObjectId": 75,
            "BoundingBox3D Origin X": 26.531992828946382,
            "BoundingBox3D Origin Y": 12.763500536952051,
            "BoundingBox3D Origin Z": 1.1349607445299623,
            "BoundingBox3D Extent X": 0.1,
            "BoundingBox3D Extent Y": 0.9246897276089624,
            "BoundingBox3D Extent Z": 0.4851001072257914,
            "BoundingBox3D Orientation Quat W": -0.3169178927008989,
            "BoundingBox3D Orientation Quat X": 0.0024427640541829,
            "BoundingBox3D Orientation Quat Y": 0.00549041630741,
            "BoundingBox3D Orientation Quat Z": 0.9484339394594482,
            "ObjectType": "TRAFFIC_SIGN",
            "Occluded": {
                "F_MIDRANGECAM_C": 0.1454827934503555
            },
            "Truncated": 0,
            "ObjectMeta": {
                "SourceID": 75,
                "SubType": "us_white_ground_rectangle_unknown",
                "Text": "",
                "OcrVersion": 10006
            }
        },
        {
            "ActorName": "TRAFFIC_SIGN 76",
            "ObjectId": 76,
            "BoundingBox3D Origin X": 36.94936376092937,
            "BoundingBox3D Origin Y": -4.8578277275082655,
            "BoundingBox3D Origin Z": 3.542352235876024,
            "BoundingBox3D Extent X": 0.1,
            "BoundingBox3D Extent Y": 0.6871968100218089,
            "BoundingBox3D Extent Z": 0.273953078968039,
            "BoundingBox3D Orientation Quat W": 0.1567331485477623,
            "BoundingBox3D Orientation Quat X": -0.0003642346790218,
            "BoundingBox3D Orientation Quat Y": 0.0059975184276521,
            "BoundingBox3D Orientation Quat Z": 0.9876227099718362,
            "ObjectType": "TRAFFIC_SIGN",
            "Occluded": {
                "F_MIDRANGECAM_C": 0.0105452388525009
            },
            "Truncated": 0,
            "ObjectMeta": {
                "SourceID": 76,
                "SubType": "us_white_ground_rectangle_unknown",
                "Text": "",
                "OcrVersion": 10006
            }
        },
        {
            "ActorName": "TRAFFIC_SIGN 77",
            "ObjectId": 77,
            "BoundingBox3D Origin X": 36.43471984629287,
            "BoundingBox3D Origin Y": -4.855560760843218,
            "BoundingBox3D Origin Z": 3.1937748240306973,
            "BoundingBox3D Extent X": 0.0999999999999999,
            "BoundingBox3D Extent Y": 0.60407060371918,
            "BoundingBox3D Extent Z": 0.2037042366830296,
            "BoundingBox3D Orientation Quat W": 0.195983447579778,
            "BoundingBox3D Orientation Quat X": -0.0006033623726758,
            "BoundingBox3D Orientation Quat Y": 0.0059781389798192,
            "BoundingBox3D Orientation Quat Z": 0.9805887956135996,
            "ObjectType": "TRAFFIC_SIGN",
            "Occluded": {
                "F_MIDRANGECAM_C": 0.9520795345306396
            },
            "Truncated": 0,
            "ObjectMeta": {
                "SourceID": 77,
                "SubType": "us_white_ground_rectangle_unknown",
                "Text": "",
                "OcrVersion": 10006
            }
        },
        {
            "ActorName": "TRAFFIC_SIGN 78",
            "ObjectId": 78,
            "BoundingBox3D Origin X": 102.45518757060836,
            "BoundingBox3D Origin Y": -4.146263786664349,
            "BoundingBox3D Origin Z": 2.555969803594053,
            "BoundingBox3D Extent X": 0.1,
            "BoundingBox3D Extent Y": 0.3832816087039713,
            "BoundingBox3D Extent Z": 0.4357120768838613,
            "BoundingBox3D Orientation Quat W": 0.1039429038090213,
            "BoundingBox3D Orientation Quat X": -4.000965562398958e-05,
            "BoundingBox3D Orientation Quat Y": 0.0060092383721188,
            "BoundingBox3D Orientation Quat Z": 0.9945651110918596,
            "ObjectType": "TRAFFIC_SIGN",
            "Occluded": {
                "F_MIDRANGECAM_C": 0.9711390733718872
            },
            "Truncated": 0,
            "ObjectMeta": {
                "SourceID": 78,
                "SubType": "unknown",
                "Text": "",
                "OcrVersion": 10006
            }
        },
        {
            "ActorName": "TRAFFIC_SIGN 79",
            "ObjectId": 79,
            "BoundingBox3D Origin X": 112.20280512154112,
            "BoundingBox3D Origin Y": 23.3938989633316,
            "BoundingBox3D Origin Z": 5.733299775980413,
            "BoundingBox3D Extent X": 0.1,
            "BoundingBox3D Extent Y": 1.7107504098693462,
            "BoundingBox3D Extent Z": 0.6034869053535241,
            "BoundingBox3D Orientation Quat W": -0.3136435777762188,
            "BoundingBox3D Orientation Quat X": 0.0024311051417753,
            "BoundingBox3D Orientation Quat Y": 0.0054977171910384,
            "BoundingBox3D Orientation Quat Z": 0.949521759073066,
            "ObjectType": "TRAFFIC_SIGN",
            "Occluded": {
                "F_MIDRANGECAM_C": 0.9918606877326964
            },
            "Truncated": 0,
            "ObjectMeta": {
                "SourceID": 79,
                "SubType": "unknown",
                "Text": "",
                "OcrVersion": 10006
            }
        },
        {
            "ActorName": "TRAFFIC_SIGN 80",
            "ObjectId": 80,
            "BoundingBox3D Origin X": 149.9879712259726,
            "BoundingBox3D Origin Y": 9.649911370623158,
            "BoundingBox3D Origin Z": 6.584947118535638,
            "BoundingBox3D Extent X": 0.0999999999999999,
            "BoundingBox3D Extent Y": 0.9914366721812164,
            "BoundingBox3D Extent Z": 1.020302161968541,
            "BoundingBox3D Orientation Quat W": -0.114940796700009,
            "BoundingBox3D Orientation Quat X": 0.0012708783528893,
            "BoundingBox3D Orientation Quat Y": 0.0058748977964359,
            "BoundingBox3D Orientation Quat Z": 0.9933541582426986,
            "ObjectType": "TRAFFIC_SIGN",
            "Occluded": {
                "F_MIDRANGECAM_C": 0.9970303773880004
            },
            "Truncated": 0,
            "ObjectMeta": {
                "SourceID": 80,
                "SubType": "us_white_ground_rectangle_unknown",
                "Text": "Lt.",
                "OcrVersion": 10006
            }
        },
        {
            "ActorName": "TRAFFIC_SIGN 81",
            "ObjectId": 81,
            "BoundingBox3D Origin X": 151.14471856024102,
            "BoundingBox3D Origin Y": -4.450603800491081,
            "BoundingBox3D Origin Z": 4.980167059227824,
            "BoundingBox3D Extent X": 0.1,
            "BoundingBox3D Extent Y": 0.7463736033616835,
            "BoundingBox3D Extent Z": 0.983651782538956,
            "BoundingBox3D Orientation Quat W": 0.0700652574494511,