{
    "CapturedObjects": [
        {
            "ActorName": "TRAFFIC_SIGN 70",
            "ObjectId": 70,
            "BoundingBox3D Origin X": 1.1710883941377688,
            "BoundingBox3D Origin Y": -4.891514999180799,
            "BoundingBox3D Origin Z": 2.7375597171485424,
            "BoundingBox3D Extent X": 0.1,
            "BoundingBox3D Extent Y": 0.3835351811205211,
            "BoundingBox3D Extent Z": 0.510645001842084,
            "BoundingBox3D Orientation Quat W": 0.1044728491217651,
            "BoundingBox3D Orientation Quat X": 0.0009720413390101,
            "BoundingBox3D Orientation Quat Y": 0.010743803468676,
            "BoundingBox3D Orientation Quat Z": 0.9944692301016872,
            "ObjectType": "TRAFFIC_SIGN",
            "Occluded": {
                "F_CTCAM_L": 0.0
            },
            "Truncated": 0,
            "ObjectMeta": {
                "SourceID": 70,
                "SubType": "us_white_ground_rectangle_unknown",
                "Text": "",
                "OcrVersion": 10006
            }
        },
        {
            "ActorName": "TRAFFIC_SIGN 71",
            "ObjectId": 71,
            "BoundingBox3D Origin X": 27.93809953581149,
            "BoundingBox3D Origin Y": -6.884245158435078,
            "BoundingBox3D Origin Z": 1.304392482154071,
            "BoundingBox3D Extent X": 0.1,
            "BoundingBox3D Extent Y": 0.4031856189935762,
            "BoundingBox3D Extent Z": 0.4997455218914134,
            "BoundingBox3D Orientation Quat W": 0.1127403367074055,
            "BoundingBox3D Orientation Quat X": 0.0008877424746721,
            "BoundingBox3D Orientation Quat Y": 0.0107512964625952,
            "BoundingBox3D Orientation Quat Z": 0.9935659203177076,
            "ObjectType": "TRAFFIC_SIGN",
            "Occluded": {
                "F_MIDRANGECAM_C": 1.308328955929028e-05
            },
            "Truncated": 0,
            "ObjectMeta": {
                "SourceID": 71,
                "SubType": "unknown",
                "Text": "",
                "OcrVersion": 10006
            }
        },
        {
            "ActorName": "TRAFFIC_SIGN 72",
            "ObjectId": 72,
            "BoundingBox3D Origin X": 29.84834411729753,
            "BoundingBox3D Origin Y": -7.425425509165507,
            "BoundingBox3D Origin Z": 1.850695585832,
            "BoundingBox3D Extent X": 0.1,
            "BoundingBox3D Extent Y": 0.9388444663395614,
            "BoundingBox3D Extent Z": 0.3092811740232059,
            "BoundingBox3D Orientation Quat W": 0.2846028178872746,
            "BoundingBox3D Orientation Quat X": -0.0010042126669556,
            "BoundingBox3D Orientation Quat Y": 0.010740697938623,
            "BoundingBox3D Orientation Quat Z": 0.9585848241106956,
            "ObjectType": "TRAFFIC_SIGN",
            "Occluded": {
                "F_MIDRANGECAM_C": 0.0002060989645542
            },
            "Truncated": 0,
            "ObjectMeta": {
                "SourceID": 72,
                "SubType": "us_yellow_ground_rectangle_unknown",
                "Text": "Chock and Shol Chun",
                "OcrVersion": 10006
            }
        },
        {
            "ActorName": "TRAFFIC_SIGN 73",
            "ObjectId": 73,
            "BoundingBox3D Origin X": 42.44066217393993,
            "BoundingBox3D Origin Y": -5.213240865705302,
            "BoundingBox3D Origin Z": 2.781784064136445,
            "BoundingBox3D Extent X": 0.1,
            "BoundingBox3D Extent Y": 0.3362411013069622,
            "BoundingBox3D Extent Z": 0.4807453413399092,
            "BoundingBox3D Orientation Quat W": 0.1615562555322124,
            "BoundingBox3D Orientation Quat X": 0.0003581473252338,
            "BoundingBox3D Orientation Quat Y": 0.0107821828818681,
            "BoundingBox3D Orientation Quat Z": 0.9868045361474608,
            "ObjectType": "TRAFFIC_SIGN",
            "Occluded": {
                "F_MIDRANGECAM_C": 0.4563508331775665
            },
            "Truncated": 0,
            "ObjectMeta": {
                "SourceID": 73,
                "SubType": "us_white_ground_rectangle_unknown",
                "Text": "",
                "OcrVersion": 10006
            }
        },
        {
            "ActorName": "TRAFFIC_SIGN 74",
            "ObjectId": 74,
            "BoundingBox3D Origin X": 85.39166805303103,
            "BoundingBox3D Origin Y": -5.493297752662329,
            "BoundingBox3D Origin Z": 3.9726161919534206,
            "BoundingBox3D Extent X": 0.1,
            "BoundingBox3D Extent Y": 1.0443760949039496,
            "BoundingBox3D Extent Z": 0.9445654290099652,
            "BoundingBox3D Orientation Quat W": 0.0704473384800141,
            "BoundingBox3D Orientation Quat X": 0.0013458967477571,
            "BoundingBox3D Orientation Quat Y": 0.0107045468949323,
            "BoundingBox3D Orientation Quat Z": 0.9974571538360936,
            "ObjectType": "TRAFFIC_SIGN",
            "Occluded": {
                "F_MIDRANGECAM_C": 0.2249906212091446
            },
            "Truncated": 0,
            "ObjectMeta": {
                "SourceID": 74,
                "SubType": "us_white_ground_rectangle_unknown",
                "Text": "Ho",
                "OcrVersion": 10006
            }
        },
        {
            "ActorName": "TRAFFIC_SIGN 75",
            "ObjectId": 75,
            "BoundingBox3D Origin X": 75.17645977364373,
            "BoundingBox3D Origin Y": 12.241589797195047,
            "BoundingBox3D Origin Z": 0.7409421233460307,
            "BoundingBox3D Extent X": 0.1,
            "BoundingBox3D Extent Y": 0.9246897276089624,
            "BoundingBox3D Extent Z": 0.4851001072257914,
            "BoundingBox3D Orientation Quat W": -0.3099609155652794,
            "BoundingBox3D Orientation Quat X": 0.0052732692341163,
            "BoundingBox3D Orientation Quat Y": 0.0094124843422229,
            "BoundingBox3D Orientation Quat Z": 0.9506880816503516,
            "ObjectType": "TRAFFIC_SIGN",
            "Occluded": {
                "F_MIDRANGECAM_C": 0.9727745056152344
            },
            "Truncated": 0,
            "ObjectMeta": {
                "SourceID": 75,
                "SubType": "us_white_ground_rectangle_unknown",
                "Text": "",
                "OcrVersion": 10006
            }
        },
        {
            "ActorName": "TRAFFIC_SIGN 76",
            "ObjectId": 76,
            "BoundingBox3D Origin X": 85.34165716068674,
            "BoundingBox3D Origin Y": -5.507566905405838,
            "BoundingBox3D Origin Z": 3.283076849766076,
            "BoundingBox3D Extent X": 0.1,
            "BoundingBox3D Extent Y": 0.6871968100218089,
            "BoundingBox3D Extent Z": 0.273953078968039,
            "BoundingBox3D Orientation Quat W": 0.163948195663485,
            "BoundingBox3D Orientation Quat X": 0.0003354260889231,
            "BoundingBox3D Orientation Quat Y": 0.0107835270685344,
            "BoundingBox3D Orientation Quat Z": 0.986409951375182,
            "ObjectType": "TRAFFIC_SIGN",
            "Occluded": {
                "F_MIDRANGECAM_C": 0.7197514176368713
            },
            "Truncated": 0,
            "ObjectMeta": {
                "SourceID": 76,
                "SubType": "us_white_ground_rectangle_unknown",
                "Text": "",
                "OcrVersion": 10006
            }
        },
        {
            "ActorName": "TRAFFIC_SIGN 77",
            "ObjectId": 77,
            "BoundingBox3D Origin X": 84.82610955362543,
            "BoundingBox3D Origin Y": -5.500974203518126,
            "BoundingBox3D Origin Z": 2.9358980068936944,
            "BoundingBox3D Extent X": 0.0999999999999999,
            "BoundingBox3D Extent Y": 0.60407060371918,
            "BoundingBox3D Extent Z": 0.2037042366830296,
            "BoundingBox3D Orientation Quat W": 0.2031448217210446,