{
    "CapturedObjects": [
        {
            "ActorName": "TRAFFIC_SIGN 74",
            "ObjectId": 74,
            "BoundingBox3D Origin X": 29.52013402688456,
            "BoundingBox3D Origin Y": -4.980039290894638,
            "BoundingBox3D Origin Z": 4.28980250749737,
            "BoundingBox3D Extent X": 0.1,
            "BoundingBox3D Extent Y": 1.0443760949039496,
            "BoundingBox3D Extent Z": 0.9445654290099652,
            "BoundingBox3D Orientation Quat W": 0.0642485448625665,
            "BoundingBox3D Orientation Quat X": -0.000308968320677,
            "BoundingBox3D Orientation Quat Y": 0.0048298878942764,
            "BoundingBox3D Orientation Quat Z": 0.9979221919591468,
            "ObjectType": "TRAFFIC_SIGN",
            "Occluded": {
                "F_MIDRANGECAM_C": 2.737755039561307e-06
            },
            "Truncated": 0,
            "ObjectMeta": {
                "SourceID": 74,
                "SubType": "us_white_ground_rectangle_unknown",
                "Text": "Ho",
                "OcrVersion": 10006
            }
        },
        {
            "ActorName": "TRAFFIC_SIGN 75",
            "ObjectId": 75,
            "BoundingBox3D Origin X": 19.09724258568373,
            "BoundingBox3D Origin Y": 12.662637223605998,
            "BoundingBox3D Origin Z": 1.220477727241814,
            "BoundingBox3D Extent X": 0.1,
            "BoundingBox3D Extent Y": 0.9246897276089624,
            "BoundingBox3D Extent Z": 0.4851001072257914,
            "BoundingBox3D Orientation Quat W": -0.3158777928077542,
            "BoundingBox3D Orientation Quat X": 0.0015304885774735,
            "BoundingBox3D Orientation Quat Y": 0.0045914390421444,
            "BoundingBox3D Orientation Quat Z": 0.948787540128525,
            "ObjectType": "TRAFFIC_SIGN",
            "Occluded": {
                "F_MIDRANGECAM_C": 1.7067804947146217e-06
            },
            "Truncated": 0,
            "ObjectMeta": {
                "SourceID": 75,
                "SubType": "us_white_ground_rectangle_unknown",
                "Text": "",
                "OcrVersion": 10006
            }
        },
        {
            "ActorName": "TRAFFIC_SIGN 76",
            "ObjectId": 76,
            "BoundingBox3D Origin X": 29.47301094474019,
            "BoundingBox3D Origin Y": -4.986972263701318,
            "BoundingBox3D Origin Z": 3.5999466087669134,
            "BoundingBox3D Extent X": 0.1,
            "BoundingBox3D Extent Y": 0.6871968100218089,
            "BoundingBox3D Extent Z": 0.273953078968039,
            "BoundingBox3D Orientation Quat W": 0.1578202651747448,
            "BoundingBox3D Orientation Quat X": -0.0007596421463133,
            "BoundingBox3D Orientation Quat Y": 0.0047794550336345,
            "BoundingBox3D Orientation Quat Z": 0.9874559958061748,
            "ObjectType": "TRAFFIC_SIGN",
            "Occluded": {
                "F_MIDRANGECAM_C": 0.0003769712056964
            },
            "Truncated": 0,
            "ObjectMeta": {
                "SourceID": 76,
                "SubType": "us_white_ground_rectangle_unknown",
                "Text": "",
                "OcrVersion": 10006
            }
        },
        {
            "ActorName": "TRAFFIC_SIGN 77",
            "ObjectId": 77,
            "BoundingBox3D Origin X": 28.95878517472632,
            "BoundingBox3D Origin Y": -4.982781697784958,
            "BoundingBox3D Origin Z": 3.250770558603108,
            "BoundingBox3D Extent X": 0.0999999999999999,
            "BoundingBox3D Extent Y": 0.60407060371918,
            "BoundingBox3D Extent Z": 0.2037042366830296,
            "BoundingBox3D Orientation Quat W": 0.1970633625722395,
            "BoundingBox3D Orientation Quat X": -0.0009499124058764,
            "BoundingBox3D Orientation Quat Y": 0.0047454057186285,
            "BoundingBox3D Orientation Quat Z": 0.980378809401095,
            "ObjectType": "TRAFFIC_SIGN",
            "Occluded": {
                "F_MIDRANGECAM_C": 0.9725281000137328
            },
            "Truncated": 0,
            "ObjectMeta": {
                "SourceID": 77,
                "SubType": "us_white_ground_rectangle_unknown",
                "Text": "",
                "OcrVersion": 10006
            }
        },
        {
            "ActorName": "TRAFFIC_SIGN 78",
            "ObjectId": 78,
            "BoundingBox3D Origin X": 94.98113147059308,
            "BoundingBox3D Origin Y": -4.416823522922641,
            "BoundingBox3D Origin Z": 2.69220444187522,
            "BoundingBox3D Extent X": 0.1,
            "BoundingBox3D Extent Y": 0.3832816087039713,
            "BoundingBox3D Extent Z": 0.4357120768838613,
            "BoundingBox3D Orientation Quat W": 0.1050369477893855,
            "BoundingBox3D Orientation Quat X": -0.0004996485258756,
            "BoundingBox3D Orientation Quat Y": 0.0048137781550117,
            "BoundingBox3D Orientation Quat Z": 0.9944565437917912,
            "ObjectType": "TRAFFIC_SIGN",
            "Occluded": {
                "F_MIDRANGECAM_C": 0.9999111890792848
            },
            "Truncated": 0,
            "ObjectMeta": {
                "SourceID": 78,
                "SubType": "unknown",
                "Text": "",
                "OcrVersion": 10006
            }
        },
        {
            "ActorName": "TRAFFIC_SIGN 79",
            "ObjectId": 79,
            "BoundingBox3D Origin X": 104.78544088636453,
            "BoundingBox3D Origin Y": 23.09462902059749,
            "BoundingBox3D Origin Z": 5.943751196376979,
            "BoundingBox3D Extent X": 0.1,
            "BoundingBox3D Extent Y": 1.7107504098693462,
            "BoundingBox3D Extent Z": 0.6034869053535241,
            "BoundingBox3D Orientation Quat W": -0.3126022868164846,
            "BoundingBox3D Orientation Quat X": 0.0015219247296557,
            "BoundingBox3D Orientation Quat Y": 0.0045955891259319,
            "BoundingBox3D Orientation Quat Z": 0.9498717674416932,
            "ObjectType": "TRAFFIC_SIGN",
            "Occluded": {
                "F_MIDRANGECAM_C": 0.9901582598686218
            },
            "Truncated": 0,
            "ObjectMeta": {
                "SourceID": 79,
                "SubType": "unknown",
                "Text": "",
                "OcrVersion": 10006
            }
        },
        {
            "ActorName": "TRAFFIC_SIGN 80",
            "ObjectId": 80,
            "BoundingBox3D Origin X": 142.53917197473146,
            "BoundingBox3D Origin Y": 9.265874906668614,
            "BoundingBox3D Origin Z": 6.808494786731899,
            "BoundingBox3D Extent X": 0.0999999999999999,
            "BoundingBox3D Extent Y": 0.9914366721812164,
            "BoundingBox3D Extent Z": 1.020302161968541,
            "BoundingBox3D Orientation Quat W": -0.1138504362802329,
            "BoundingBox3D Orientation Quat X": 0.0005625121677383,
            "BoundingBox3D Orientation Quat Y": 0.0048075047800825,
            "BoundingBox3D Orientation Quat Z": 0.9934861094331672,
            "ObjectType": "TRAFFIC_SIGN",
            "Occluded": {
                "F_MIDRANGECAM_C": 0.9966363906860352
            },
            "Truncated": 0,
            "ObjectMeta": {
                "SourceID": 80,
                "SubType": "us_white_ground_rectangle_unknown",
                "Text": "Lt.",
                "OcrVersion": 10006
            }
        },
        {
            "ActorName": "TRAFFIC_SIGN 81",
            "ObjectId": 81,
            "BoundingBox3D Origin X": 143.66682733131594,
            "BoundingBox3D Origin Y": -4.833473129983759,
            "BoundingBox3D Origin Z": 5.172943388111889,
            "BoundingBox3D Extent X": 0.1,
            "BoundingBox3D Extent Y": 0.7463736033616835,
            "BoundingBox3D Extent Z": 0.983651782538956,
            "BoundingBox3D Orientation Quat W": 0.0711621201185157,