{
    "CapturedObjects": [
        {
            "ActorName": "TRAFFIC_SIGN 71",
            "ObjectId": 71,
            "BoundingBox3D Origin X": 1.4167236914618115,
            "BoundingBox3D Origin Y": -6.940642212852254,
            "BoundingBox3D Origin Z": 1.362859986722469,
            "BoundingBox3D Extent X": 0.1,
            "BoundingBox3D Extent Y": 0.4031856189935762,
            "BoundingBox3D Extent Z": 0.4997455218914134,
            "BoundingBox3D Orientation Quat W": 0.1085373771580657,
            "BoundingBox3D Orientation Quat X": 0.0011870714068226,
            "BoundingBox3D Orientation Quat Y": 0.0072736701274348,
            "BoundingBox3D Orientation Quat Z": 0.9940650493524054,
            "ObjectType": "TRAFFIC_SIGN",
            "Occluded": {
                "F_CTCAM_L": 0.0
            },
            "Truncated": 0,
            "ObjectMeta": {
                "SourceID": 71,
                "SubType": "unknown",
                "Text": "",
                "OcrVersion": 10006
            }
        },
        {
            "ActorName": "TRAFFIC_SIGN 72",
            "ObjectId": 72,
            "BoundingBox3D Origin X": 3.331449362853164,
            "BoundingBox3D Origin Y": -7.469470909010852,
            "BoundingBox3D Origin Z": 1.905615828000009,
            "BoundingBox3D Extent X": 0.1,
            "BoundingBox3D Extent Y": 0.9388444663395614,
            "BoundingBox3D Extent Z": 0.3092811740232059,
            "BoundingBox3D Orientation Quat W": 0.2805505033114238,
            "BoundingBox3D Orientation Quat X": -0.0001014103143359,
            "BoundingBox3D Orientation Quat Y": 0.007369147332302,
            "BoundingBox3D Orientation Quat Z": 0.9598109712205054,
            "ObjectType": "TRAFFIC_SIGN",
            "Occluded": {
                "F_CTCAM_L": 0.0
            },
            "Truncated": 0,
            "ObjectMeta": {
                "SourceID": 72,
                "SubType": "us_yellow_ground_rectangle_unknown",
                "Text": "Chock and Shol Chun",
                "OcrVersion": 10006
            }
        },
        {
            "ActorName": "TRAFFIC_SIGN 73",
            "ObjectId": 73,
            "BoundingBox3D Origin X": 15.90463566984181,
            "BoundingBox3D Origin Y": -5.15753886110906,
            "BoundingBox3D Origin Z": 2.8538359394297004,
            "BoundingBox3D Extent X": 0.1,
            "BoundingBox3D Extent Y": 0.3362411013069622,
            "BoundingBox3D Extent Z": 0.4807453413399092,
            "BoundingBox3D Orientation Quat W": 0.157382593884447,
            "BoundingBox3D Orientation Quat X": 0.0008285753064478,
            "BoundingBox3D Orientation Quat Y": 0.00732362940196,
            "BoundingBox3D Orientation Quat Z": 0.9875102009891074,
            "ObjectType": "TRAFFIC_SIGN",
            "Occluded": {
                "F_MIDRANGECAM_C": 8.667669135320466e-06
            },
            "Truncated": 0,
            "ObjectMeta": {
                "SourceID": 73,
                "SubType": "us_white_ground_rectangle_unknown",
                "Text": "",
                "OcrVersion": 10006
            }
        },
        {
            "ActorName": "TRAFFIC_SIGN 74",
            "ObjectId": 74,
            "BoundingBox3D Origin X": 58.856666319217766,
            "BoundingBox3D Origin Y": -5.082995435863268,
            "BoundingBox3D Origin Z": 4.048375413753092,
            "BoundingBox3D Extent X": 0.1,
            "BoundingBox3D Extent Y": 1.0443760949039496,
            "BoundingBox3D Extent Z": 0.9445654290099652,
            "BoundingBox3D Orientation Quat W": 0.0662273202142323,
            "BoundingBox3D Orientation Quat X": 0.0014971805886596,
            "BoundingBox3D Orientation Quat Y": 0.0072172649826096,
            "BoundingBox3D Orientation Quat Z": 0.9977773356785058,
            "ObjectType": "TRAFFIC_SIGN",
            "Occluded": {
                "F_MIDRANGECAM_C": 9.945581780357317e-08
            },
            "Truncated": 0,
            "ObjectMeta": {
                "SourceID": 74,
                "SubType": "us_white_ground_rectangle_unknown",
                "Text": "Ho",
                "OcrVersion": 10006
            }
        },
        {
            "ActorName": "TRAFFIC_SIGN 75",
            "ObjectId": 75,
            "BoundingBox3D Origin X": 48.49207291168205,
            "BoundingBox3D Origin Y": 12.5870936573192,
            "BoundingBox3D Origin Z": 0.9395525036379696,
            "BoundingBox3D Extent X": 0.1,
            "BoundingBox3D Extent Y": 0.9246897276089624,
            "BoundingBox3D Extent Z": 0.4851001072257914,
            "BoundingBox3D Orientation Quat W": -0.3139894418341295,
            "BoundingBox3D Orientation Quat X": 0.0041012001975357,
            "BoundingBox3D Orientation Quat Y": 0.0061234367579734,
            "BoundingBox3D Orientation Quat Z": 0.949397869228651,
            "ObjectType": "TRAFFIC_SIGN",
            "Occluded": {
                "F_MIDRANGECAM_C": 0.8284957408905029
            },
            "Truncated": 0,
            "ObjectMeta": {
                "SourceID": 75,
                "SubType": "us_white_ground_rectangle_unknown",
                "Text": "",
                "OcrVersion": 10006
            }
        },
        {
            "ActorName": "TRAFFIC_SIGN 76",
            "ObjectId": 76,
            "BoundingBox3D Origin X": 58.80682441008321,
            "BoundingBox3D Origin Y": -5.092861603596248,
            "BoundingBox3D Origin Z": 3.3587456149980426,
            "BoundingBox3D Extent X": 0.1,
            "BoundingBox3D Extent Y": 0.6871968100218089,
            "BoundingBox3D Extent Z": 0.273953078968039,
            "BoundingBox3D Orientation Quat W": 0.1597762263827289,
            "BoundingBox3D Orientation Quat X": 0.00081424185416,
            "BoundingBox3D Orientation Quat Y": 0.0073261428629934,
            "BoundingBox3D Orientation Quat Z": 0.9871257377476538,
            "ObjectType": "TRAFFIC_SIGN",
            "Occluded": {
                "F_MIDRANGECAM_C": 0.7882062792778015
            },
            "Truncated": 0,
            "ObjectMeta": {
                "SourceID": 76,
                "SubType": "us_white_ground_rectangle_unknown",
                "Text": "",
                "OcrVersion": 10006
            }
        },
        {
            "ActorName": "TRAFFIC_SIGN 77",
            "ObjectId": 77,
            "BoundingBox3D Origin X": 58.29125983457561,
            "BoundingBox3D Origin Y": -5.088196245240397,
            "BoundingBox3D Origin Z": 3.0115526346489787,
            "BoundingBox3D Extent X": 0.0999999999999999,
            "BoundingBox3D Extent Y": 0.60407060371918,
            "BoundingBox3D Extent Z": 0.2037042366830296,
            "BoundingBox3D Orientation Quat W": 0.1990044119130957,
            "BoundingBox3D Orientation Quat X": 0.0005213053128123,
            "BoundingBox3D Orientation Quat Y": 0.0073528023417215,
            "BoundingBox3D Orientation Quat Z": 0.9799708712903752,
            "ObjectType": "TRAFFIC_SIGN",
            "Occluded": {
                "F_MIDRANGECAM_C": 0.9920986890792848
            },
            "Truncated": 0,
            "ObjectMeta": {
                "SourceID": 77,
                "SubType": "us_white_ground_rectangle_unknown",
                "Text": "",
                "OcrVersion": 10006
            }
        },
        {
            "ActorName": "TRAFFIC_SIGN 78",
            "ObjectId": 78,
            "BoundingBox3D Origin X": 124.31276840679492,
            "BoundingBox3D Origin Y": -4.788611596173723,
            "BoundingBox3D Origin Z": 2.194142250344157,
            "BoundingBox3D Extent X": 0.1,
            "BoundingBox3D Extent Y": 0.3832816087039713,
            "BoundingBox3D Extent Z": 0.4357120768838613,
            "BoundingBox3D Orientation Quat W": 0.1070079722651588,
            "BoundingBox3D Orientation Quat X": 0.0012074001662219,