{
    "CapturedObjects": [
        {
            "ActorName": "TRAFFIC_SIGN 74",
            "ObjectId": 74,
            "BoundingBox3D Origin X": 7.092584633028309,
            "BoundingBox3D Origin Y": -5.044047999457689,
            "BoundingBox3D Origin Z": 4.35882222186774,
            "BoundingBox3D Extent X": 0.1,
            "BoundingBox3D Extent Y": 1.0443760949039496,
            "BoundingBox3D Extent Z": 0.9445654290099652,
            "BoundingBox3D Orientation Quat W": 0.061936902178122,
            "BoundingBox3D Orientation Quat X": -0.0048797516540449,
            "BoundingBox3D Orientation Quat Y": 0.0075102725072601,
            "BoundingBox3D Orientation Quat Z": 0.9980398809562868,
            "ObjectType": "TRAFFIC_SIGN",
            "Occluded": {
                "F_MIDRANGECAM_C": 0.0006823156145401
            },
            "Truncated": 0,
            "ObjectMeta": {
                "SourceID": 74,
                "SubType": "us_white_ground_rectangle_unknown",
                "Text": "Ho",
                "OcrVersion": 10006
            }
        },
        {
            "ActorName": "TRAFFIC_SIGN 76",
            "ObjectId": 76,
            "BoundingBox3D Origin X": 7.051548591327446,
            "BoundingBox3D Origin Y": -5.055284098372795,
            "BoundingBox3D Origin Z": 3.6686384957283735,
            "BoundingBox3D Extent X": 0.1,
            "BoundingBox3D Extent Y": 0.6871968100218089,
            "BoundingBox3D Extent Z": 0.273953078968039,
            "BoundingBox3D Orientation Quat W": 0.1555301456729074,
            "BoundingBox3D Orientation Quat X": -0.0055621241689731,
            "BoundingBox3D Orientation Quat Y": 0.0070176566324731,
            "BoundingBox3D Orientation Quat Z": 0.9877905593075296,
            "ObjectType": "TRAFFIC_SIGN",
            "Occluded": {
                "F_MIDRANGECAM_C": 0.2240583896636963
            },
            "Truncated": 0,
            "ObjectMeta": {
                "SourceID": 76,
                "SubType": "us_white_ground_rectangle_unknown",
                "Text": "",
                "OcrVersion": 10006
            }
        },
        {
            "ActorName": "TRAFFIC_SIGN 77",
            "ObjectId": 77,
            "BoundingBox3D Origin X": 6.540392633047304,
            "BoundingBox3D Origin Y": -5.055575314676389,
            "BoundingBox3D Origin Z": 3.3149657119065523,
            "BoundingBox3D Extent X": 0.0999999999999999,
            "BoundingBox3D Extent Y": 0.60407060371918,
            "BoundingBox3D Extent Z": 0.2037042366830296,
            "BoundingBox3D Orientation Quat W": 0.1947884717412373,
            "BoundingBox3D Orientation Quat X": -0.0058377938611615,
            "BoundingBox3D Orientation Quat Y": 0.0067901728805667,
            "BoundingBox3D Orientation Quat Z": 0.980804396906845,
            "ObjectType": "TRAFFIC_SIGN",
            "Occluded": {
                "F_MIDRANGECAM_C": 0.0627975538372993
            },
            "Truncated": 0,
            "ObjectMeta": {
                "SourceID": 77,
                "SubType": "us_white_ground_rectangle_unknown",
                "Text": "",
                "OcrVersion": 10006
            }
        },
        {
            "ActorName": "TRAFFIC_SIGN 78",
            "ObjectId": 78,
            "BoundingBox3D Origin X": 72.56170115009445,
            "BoundingBox3D Origin Y": -4.182800017151749,
            "BoundingBox3D Origin Z": 3.329978708177805,
            "BoundingBox3D Extent X": 0.1,
            "BoundingBox3D Extent Y": 0.3832816087039713,
            "BoundingBox3D Extent Z": 0.4357120768838613,
            "BoundingBox3D Orientation Quat W": 0.1027321737950852,
            "BoundingBox3D Orientation Quat X": -0.0051762356122202,
            "BoundingBox3D Orientation Quat Y": 0.0073046848438318,
            "BoundingBox3D Orientation Quat Z": 0.9946687632732596,
            "ObjectType": "TRAFFIC_SIGN",
            "Occluded": {
                "F_MIDRANGECAM_C": 0.9981051683425904
            },
            "Truncated": 0,
            "ObjectMeta": {
                "SourceID": 78,
                "SubType": "unknown",
                "Text": "",
                "OcrVersion": 10006
            }
        },
        {
            "ActorName": "TRAFFIC_SIGN 79",
            "ObjectId": 79,
            "BoundingBox3D Origin X": 82.20918235911813,
            "BoundingBox3D Origin Y": 23.39320676022908,
            "BoundingBox3D Origin Z": 6.5032224943861365,
            "BoundingBox3D Extent X": 0.1,
            "BoundingBox3D Extent Y": 1.7107504098693462,
            "BoundingBox3D Extent Z": 0.6034869053535241,
            "BoundingBox3D Orientation Quat W": -0.3147917031427757,
            "BoundingBox3D Orientation Quat X": -0.0017204008647267,
            "BoundingBox3D Orientation Quat Y": 0.0087885461426959,
            "BoundingBox3D Orientation Quat Z": 0.949118530695736,
            "ObjectType": "TRAFFIC_SIGN",
            "Occluded": {
                "F_MIDRANGECAM_C": 0.9668512344360352
            },
            "Truncated": 0,
            "ObjectMeta": {
                "SourceID": 79,
                "SubType": "unknown",
                "Text": "",
                "OcrVersion": 10006
            }
        },
        {
            "ActorName": "TRAFFIC_SIGN 80",
            "ObjectId": 80,
            "BoundingBox3D Origin X": 120.01767823067348,
            "BoundingBox3D Origin Y": 9.747288564001792,
            "BoundingBox3D Origin Z": 7.780132104642689,
            "BoundingBox3D Extent X": 0.0999999999999999,
            "BoundingBox3D Extent Y": 0.9914366721812164,
            "BoundingBox3D Extent Z": 1.020302161968541,
            "BoundingBox3D Orientation Quat W": -0.1161466736088312,
            "BoundingBox3D Orientation Quat X": -0.0034605546714902,
            "BoundingBox3D Orientation Quat Y": 0.0082571284134936,
            "BoundingBox3D Orientation Quat Z": 0.9931917209689842,
            "ObjectType": "TRAFFIC_SIGN",
            "Occluded": {
                "F_MIDRANGECAM_C": 0.3932734727859497
            },
            "Truncated": 0,
            "ObjectMeta": {
                "SourceID": 80,
                "SubType": "us_white_ground_rectangle_unknown",
                "Text": "Lt.",
                "OcrVersion": 10006
            }
        },
        {
            "ActorName": "TRAFFIC_SIGN 81",
            "ObjectId": 81,
            "BoundingBox3D Origin X": 121.22512761201506,
            "BoundingBox3D Origin Y": -4.356060389996856,
            "BoundingBox3D Origin Z": 6.238467779010534,
            "BoundingBox3D Extent X": 0.1,
            "BoundingBox3D Extent Y": 0.7463736033616835,
            "BoundingBox3D Extent Z": 0.983651782538956,
            "BoundingBox3D Orientation Quat W": 0.0688513935186053,
            "BoundingBox3D Orientation Quat X": -0.0049229355258419,
            "BoundingBox3D Orientation Quat Y": 0.0074769601870318,
            "BoundingBox3D Orientation Quat Z": 0.9975867608297116,
            "ObjectType": "TRAFFIC_SIGN",
            "Occluded": {
                "F_MIDRANGECAM_C": 0.9252970814704896
            },
            "Truncated": 0,
            "ObjectMeta": {
                "SourceID": 81,
                "SubType": "us_white_ground_rectangle_unknown",
                "Text": "A",
                "OcrVersion": 10006
            }
        },
        {
            "ActorName": "TRAFFIC_SIGN 82",
            "ObjectId": 82,
            "BoundingBox3D Origin X": 121.09031296276952,
            "BoundingBox3D Origin Y": -0.1711903420073213,
            "BoundingBox3D Origin Z": 7.228779688477516,
            "BoundingBox3D Extent X": 0.1,
            "BoundingBox3D Extent Y": 2.213188412608715,
            "BoundingBox3D Extent Z": 0.5427212993728956,
            "BoundingBox3D Orientation Quat W": 0.0116946503345967,