{
    "CapturedObjects": [
        {
            "ActorName": "TRAFFIC_SIGN 78",
            "ObjectId": 78,
            "BoundingBox3D Origin X": 52.477482391106605,
            "BoundingBox3D Origin Y": -4.796837090951158,
            "BoundingBox3D Origin Z": 2.602787080220878,
            "BoundingBox3D Extent X": 0.1,
            "BoundingBox3D Extent Y": 0.3832816087039713,
            "BoundingBox3D Extent Z": 0.4357120768838613,
            "BoundingBox3D Orientation Quat W": 0.1064895023113155,
            "BoundingBox3D Orientation Quat X": 0.000491415121698,
            "BoundingBox3D Orientation Quat Y": 0.0071456968623608,
            "BoundingBox3D Orientation Quat Z": 0.9942880284027448,
            "ObjectType": "TRAFFIC_SIGN",
            "Occluded": {
                "F_MIDRANGECAM_C": 0.9998749494552612
            },
            "Truncated": 0,
            "ObjectMeta": {
                "SourceID": 78,
                "SubType": "unknown",
                "Text": "",
                "OcrVersion": 10006
            }
        },
        {
            "ActorName": "TRAFFIC_SIGN 79",
            "ObjectId": 79,
            "BoundingBox3D Origin X": 62.37024612756613,
            "BoundingBox3D Origin Y": 22.69983935638448,
            "BoundingBox3D Origin Z": 5.708412586711347,
            "BoundingBox3D Extent X": 0.1,
            "BoundingBox3D Extent Y": 1.7107504098693462,
            "BoundingBox3D Extent Z": 0.6034869053535241,
            "BoundingBox3D Orientation Quat W": -0.3112096706518703,
            "BoundingBox3D Orientation Quat X": 0.0033830574070883,
            "BoundingBox3D Orientation Quat Y": 0.0063144289902618,
            "BoundingBox3D Orientation Quat Z": 0.9503142763327626,
            "ObjectType": "TRAFFIC_SIGN",
            "Occluded": {
                "F_MIDRANGECAM_C": 0.8591007590293884
            },
            "Truncated": 0,
            "ObjectMeta": {
                "SourceID": 79,
                "SubType": "unknown",
                "Text": "",
                "OcrVersion": 10006
            }
        },
        {
            "ActorName": "TRAFFIC_SIGN 80",
            "ObjectId": 80,
            "BoundingBox3D Origin X": 100.08535516717892,
            "BoundingBox3D Origin Y": 8.764027173805516,
            "BoundingBox3D Origin Z": 6.54234791919589,
            "BoundingBox3D Extent X": 0.0999999999999999,
            "BoundingBox3D Extent Y": 0.9914366721812164,
            "BoundingBox3D Extent Z": 1.020302161968541,
            "BoundingBox3D Orientation Quat W": -0.1123963870638367,
            "BoundingBox3D Orientation Quat X": 0.0020370931851373,
            "BoundingBox3D Orientation Quat Y": 0.0068677117432667,
            "BoundingBox3D Orientation Quat Z": 0.9936376285959398,
            "ObjectType": "TRAFFIC_SIGN",
            "Occluded": {
                "F_MIDRANGECAM_C": 0.5952985882759094
            },
            "Truncated": 0,
            "ObjectMeta": {
                "SourceID": 80,
                "SubType": "us_white_ground_rectangle_unknown",
                "Text": "Lt.",
                "OcrVersion": 10006
            }
        },
        {
            "ActorName": "TRAFFIC_SIGN 81",
            "ObjectId": 81,
            "BoundingBox3D Origin X": 101.16771190299914,
            "BoundingBox3D Origin Y": -5.345708368869964,
            "BoundingBox3D Origin Z": 4.966572616249323,
            "BoundingBox3D Extent X": 0.1,
            "BoundingBox3D Extent Y": 0.7463736033616835,
            "BoundingBox3D Extent Z": 0.983651782538956,
            "BoundingBox3D Orientation Quat W": 0.0726195494217229,
            "BoundingBox3D Orientation Quat X": 0.0007360591053705,
            "BoundingBox3D Orientation Quat Y": 0.0071251618407206,
            "BoundingBox3D Orientation Quat Z": 0.9973339918640712,
            "ObjectType": "TRAFFIC_SIGN",
            "Occluded": {
                "F_MIDRANGECAM_C": 0.9722663164138794
            },
            "Truncated": 0,
            "ObjectMeta": {
                "SourceID": 81,
                "SubType": "us_white_ground_rectangle_unknown",
                "Text": "A",
                "OcrVersion": 10006
            }
        },
        {
            "ActorName": "TRAFFIC_SIGN 82",
            "ObjectId": 82,
            "BoundingBox3D Origin X": 101.07595430544644,
            "BoundingBox3D Origin Y": -1.1614774476911407,
            "BoundingBox3D Origin Z": 5.96447288710624,
            "BoundingBox3D Extent X": 0.1,
            "BoundingBox3D Extent Y": 2.213188412608715,
            "BoundingBox3D Extent Z": 0.5427212993728956,
            "BoundingBox3D Orientation Quat W": 0.0154711624650604,
            "BoundingBox3D Orientation Quat X": 0.0011427296699701,
            "BoundingBox3D Orientation Quat Y": 0.0070714202747316,
            "BoundingBox3D Orientation Quat Z": 0.9998546555955916,
            "ObjectType": "TRAFFIC_SIGN",
            "Occluded": {
                "F_MIDRANGECAM_C": 0.9977083206176758
            },
            "Truncated": 0,
            "ObjectMeta": {
                "SourceID": 82,
                "SubType": "unknown",
                "Text": "",
                "OcrVersion": 10006
            }
        },
        {
            "ActorName": "TRAFFIC_SIGN 83",
            "ObjectId": 83,
            "BoundingBox3D Origin X": 97.1297368545147,
            "BoundingBox3D Origin Y": -10.540242061280878,
            "BoundingBox3D Origin Z": 3.3171859700232744,
            "BoundingBox3D Extent X": 0.1,
            "BoundingBox3D Extent Y": 0.5022577767826779,
            "BoundingBox3D Extent Z": 0.4764159543296132,
            "BoundingBox3D Orientation Quat W": 0.1574619586670268,
            "BoundingBox3D Orientation Quat X": 0.0001268076475597,
            "BoundingBox3D Orientation Quat Y": 0.0071617336773311,
            "BoundingBox3D Orientation Quat Z": 0.9874990759809849,
            "ObjectType": "TRAFFIC_SIGN",
            "Occluded": {
                "F_MIDRANGECAM_C": 0.9960797429084778
            },
            "Truncated": 0,
            "ObjectMeta": {
                "SourceID": 83,
                "SubType": "unknown",
                "Text": "",
                "OcrVersion": 10006
            }
        },
        {
            "ActorName": "TRAFFIC_SIGN 84",
            "ObjectId": 84,
            "BoundingBox3D Origin X": 97.82473211833168,
            "BoundingBox3D Origin Y": -10.609023058990717,
            "BoundingBox3D Origin Z": 2.558002633042633,
            "BoundingBox3D Extent X": 0.1,
            "BoundingBox3D Extent Y": 0.5902100148686099,
            "BoundingBox3D Extent Z": 0.6262998747597067,
            "BoundingBox3D Orientation Quat W": 0.4122373078901708,
            "BoundingBox3D Orientation Quat X": -0.0017653059438405,
            "BoundingBox3D Orientation Quat Y": 0.0069421892118973,
            "BoundingBox3D Orientation Quat Z": 0.9110483476124276,
            "ObjectType": "TRAFFIC_SIGN",
            "Occluded": {
                "F_MIDRANGECAM_C": 0.9875717163085938
            },
            "Truncated": 0,
            "ObjectMeta": {
                "SourceID": 84,
                "SubType": "us_white_ground_rectangle_unknown",
                "Text": "",
                "OcrVersion": 10006
            }
        },
        {
            "ActorName": "TRAFFIC_SIGN 85",
            "ObjectId": 85,
            "BoundingBox3D Origin X": 100.73512370590288,
            "BoundingBox3D Origin Y": -9.012844024589867,
            "BoundingBox3D Origin Z": 2.491646266542375,
            "BoundingBox3D Extent X": 0.1,
            "BoundingBox3D Extent Y": 0.4321764308658682,
            "BoundingBox3D Extent Z": 0.619127164289498,
            "BoundingBox3D Orientation Quat W": 0.14929522306252,
            "BoundingBox3D Orientation Quat X": 0.0001855372094248,
            "BoundingBox3D Orientation Quat Y": 0.0071606934399947,