{
    "CapturedObjects": [
        {
            "ActorName": "TRAFFIC_SIGN 74",
            "ObjectId": 74,
            "BoundingBox3D Origin X": 42.268273893000014,
            "BoundingBox3D Origin Y": -4.693015982615179,
            "BoundingBox3D Origin Z": 4.278096109628677,
            "BoundingBox3D Extent X": 0.1,
            "BoundingBox3D Extent Y": 1.0443760949039496,
            "BoundingBox3D Extent Z": 0.9445654290099652,
            "BoundingBox3D Orientation Quat W": 0.0617883053622604,
            "BoundingBox3D Orientation Quat X": -0.0003969812721025,
            "BoundingBox3D Orientation Quat Y": 0.0079489400111315,
            "BoundingBox3D Orientation Quat Z": 0.998057544472777,
            "ObjectType": "TRAFFIC_SIGN",
            "Occluded": {
                "F_MIDRANGECAM_C": 8.613416866865009e-06
            },
            "Truncated": 0,
            "ObjectMeta": {
                "SourceID": 74,
                "SubType": "us_white_ground_rectangle_unknown",
                "Text": "Ho",
                "OcrVersion": 10006
            }
        },
        {
            "ActorName": "TRAFFIC_SIGN 75",
            "ObjectId": 75,
            "BoundingBox3D Origin X": 31.757756050527405,
            "BoundingBox3D Origin Y": 12.878622742122388,
            "BoundingBox3D Origin Z": 1.1015110928565264,
            "BoundingBox3D Extent X": 0.1,
            "BoundingBox3D Extent Y": 0.9246897276089624,
            "BoundingBox3D Extent Z": 0.4851001072257914,
            "BoundingBox3D Orientation Quat W": -0.3182086323638579,
            "BoundingBox3D Orientation Quat X": 0.002622842615163,
            "BoundingBox3D Orientation Quat Y": 0.0075146662527658,
            "BoundingBox3D Orientation Quat Z": 0.947987297792987,
            "ObjectType": "TRAFFIC_SIGN",
            "Occluded": {
                "F_MIDRANGECAM_C": 0.5336793065071106
            },
            "Truncated": 0,
            "ObjectMeta": {
                "SourceID": 75,
                "SubType": "us_white_ground_rectangle_unknown",
                "Text": "",
                "OcrVersion": 10006
            }
        },
        {
            "ActorName": "TRAFFIC_SIGN 76",
            "ObjectId": 76,
            "BoundingBox3D Origin X": 42.22102430552741,
            "BoundingBox3D Origin Y": -4.704483635519864,
            "BoundingBox3D Origin Z": 3.58830894716084,
            "BoundingBox3D Extent X": 0.1,
            "BoundingBox3D Extent Y": 0.6871968100218089,
            "BoundingBox3D Extent Z": 0.273953078968039,
            "BoundingBox3D Orientation Quat W": 0.1553833292021159,
            "BoundingBox3D Orientation Quat X": -0.0011407683985763,
            "BoundingBox3D Orientation Quat Y": 0.0078764336614819,
            "BoundingBox3D Orientation Quat Z": 0.9878221912096852,
            "ObjectType": "TRAFFIC_SIGN",
            "Occluded": {
                "F_MIDRANGECAM_C": 0.0672445967793464
            },
            "Truncated": 0,
            "ObjectMeta": {
                "SourceID": 76,
                "SubType": "us_white_ground_rectangle_unknown",
                "Text": "",
                "OcrVersion": 10006
            }
        },
        {
            "ActorName": "TRAFFIC_SIGN 77",
            "ObjectId": 77,
            "BoundingBox3D Origin X": 41.7067016630333,
            "BoundingBox3D Origin Y": -4.705003901079181,
            "BoundingBox3D Origin Z": 3.23924947809428,
            "BoundingBox3D Extent X": 0.0999999999999999,
            "BoundingBox3D Extent Y": 0.60407060371918,
            "BoundingBox3D Extent Z": 0.2037042366830296,
            "BoundingBox3D Orientation Quat W": 0.1946427826868502,
            "BoundingBox3D Orientation Quat X": -0.0014542678857929,
            "BoundingBox3D Orientation Quat Y": 0.0078247512962791,
            "BoundingBox3D Orientation Quat Z": 0.9808419064864564,
            "ObjectType": "TRAFFIC_SIGN",
            "Occluded": {
                "F_MIDRANGECAM_C": 0.9710383415222168
            },
            "Truncated": 0,
            "ObjectMeta": {
                "SourceID": 77,
                "SubType": "us_white_ground_rectangle_unknown",
                "Text": "",
                "OcrVersion": 10006
            }
        },
        {
            "ActorName": "TRAFFIC_SIGN 78",
            "ObjectId": 78,
            "BoundingBox3D Origin X": 107.72543442535584,
            "BoundingBox3D Origin Y": -3.817356118015596,
            "BoundingBox3D Origin Z": 2.6596828307956457,
            "BoundingBox3D Extent X": 0.1,
            "BoundingBox3D Extent Y": 0.3832816087039713,
            "BoundingBox3D Extent Z": 0.4357120768838613,
            "BoundingBox3D Orientation Quat W": 0.1025841994940656,
            "BoundingBox3D Orientation Quat X": -0.0007153098346801,
            "BoundingBox3D Orientation Quat Y": 0.0079266384905495,
            "BoundingBox3D Orientation Quat Z": 0.9946924845138028,
            "ObjectType": "TRAFFIC_SIGN",
            "Occluded": {
                "F_MIDRANGECAM_C": 0.9994831085205078
            },
            "Truncated": 0,
            "ObjectMeta": {
                "SourceID": 78,
                "SubType": "unknown",
                "Text": "",
                "OcrVersion": 10006
            }
        },
        {
            "ActorName": "TRAFFIC_SIGN 79",
            "ObjectId": 79,
            "BoundingBox3D Origin X": 117.39470708772068,
            "BoundingBox3D Origin Y": 23.76180095548625,
            "BoundingBox3D Origin Z": 5.736920839175582,
            "BoundingBox3D Extent X": 0.1,
            "BoundingBox3D Extent Y": 1.7107504098693462,
            "BoundingBox3D Extent Z": 0.6034869053535241,
            "BoundingBox3D Orientation Quat W": -0.31493583575555,
            "BoundingBox3D Orientation Quat X": 0.0026041860899977,
            "BoundingBox3D Orientation Quat Y": 0.0075225808240877,
            "BoundingBox3D Orientation Quat Z": 0.9490795795661748,
            "ObjectType": "TRAFFIC_SIGN",
            "Occluded": {
                "F_MIDRANGECAM_C": 0.999135434627533
            },
            "Truncated": 0,
            "ObjectMeta": {
                "SourceID": 79,
                "SubType": "unknown",
                "Text": "",
                "OcrVersion": 10006
            }
        },
        {
            "ActorName": "TRAFFIC_SIGN 80",
            "ObjectId": 80,
            "BoundingBox3D Origin X": 155.21645188315233,
            "BoundingBox3D Origin Y": 10.124831282475498,
            "BoundingBox3D Origin Z": 6.677934050559998,
            "BoundingBox3D Extent X": 0.0999999999999999,
            "BoundingBox3D Extent Y": 0.9914366721812164,
            "BoundingBox3D Extent Z": 1.020302161968541,
            "BoundingBox3D Orientation Quat W": -0.1162954419311028,
            "BoundingBox3D Orientation Quat X": 0.0010296528874928,
            "BoundingBox3D Orientation Quat Y": 0.007892732673395,
            "BoundingBox3D Orientation Quat Z": 0.9931827700740322,
            "ObjectType": "TRAFFIC_SIGN",
            "Occluded": {
                "F_MIDRANGECAM_C": 0.9988611936569214
            },
            "Truncated": 0,
            "ObjectMeta": {
                "SourceID": 80,
                "SubType": "us_white_ground_rectangle_unknown",
                "Text": "Lt.",
                "OcrVersion": 10006
            }
        },
        {
            "ActorName": "TRAFFIC_SIGN 81",
            "ObjectId": 81,
            "BoundingBox3D Origin X": 156.4132550055931,
            "BoundingBox3D Origin Y": -3.9787195048847934,
            "BoundingBox3D Origin Z": 5.1300847278907895,
            "BoundingBox3D Extent X": 0.1,
            "BoundingBox3D Extent Y": 0.7463736033616835,
            "BoundingBox3D Extent Z": 0.983651782538956,
            "BoundingBox3D Orientation Quat W": 0.0687028846743274,