{
    "CapturedObjects": [
        {
            "ActorName": "TRAFFIC_SIGN 78",
            "ObjectId": 78,
            "BoundingBox3D Origin X": 36.06165500260977,
            "BoundingBox3D Origin Y": -5.022661835908366,
            "BoundingBox3D Origin Z": 2.7455965569242835,
            "BoundingBox3D Extent X": 0.1,
            "BoundingBox3D Extent Y": 0.3832816087039713,
            "BoundingBox3D Extent Z": 0.4357120768838613,
            "BoundingBox3D Orientation Quat W": 0.1075043579583759,
            "BoundingBox3D Orientation Quat X": -0.0013032738250289,
            "BoundingBox3D Orientation Quat Y": 0.0019925751069196,
            "BoundingBox3D Orientation Quat Z": 0.9942017622906012,
            "ObjectType": "TRAFFIC_SIGN",
            "Occluded": {
                "F_MIDRANGECAM_C": 0.7103307247161865
            },
            "Truncated": 0,
            "ObjectMeta": {
                "SourceID": 78,
                "SubType": "unknown",
                "Text": "",
                "OcrVersion": 10006
            }
        },
        {
            "ActorName": "TRAFFIC_SIGN 79",
            "ObjectId": 79,
            "BoundingBox3D Origin X": 45.99460842165172,
            "BoundingBox3D Origin Y": 22.421737924436457,
            "BoundingBox3D Origin Z": 6.168227389454842,
            "BoundingBox3D Extent X": 0.1,
            "BoundingBox3D Extent Y": 1.7107504098693462,
            "BoundingBox3D Extent Z": 0.6034869053535241,
            "BoundingBox3D Orientation Quat W": -0.3102471680582475,
            "BoundingBox3D Orientation Quat X": -0.0003681961672594,
            "BoundingBox3D Orientation Quat Y": 0.0023554969311631,
            "BoundingBox3D Orientation Quat Z": 0.9506529391831844,
            "ObjectType": "TRAFFIC_SIGN",
            "Occluded": {
                "F_MIDRANGECAM_C": 0.9954166412353516
            },
            "Truncated": 0,
            "ObjectMeta": {
                "SourceID": 79,
                "SubType": "unknown",
                "Text": "",
                "OcrVersion": 10006
            }
        },
        {
            "ActorName": "TRAFFIC_SIGN 80",
            "ObjectId": 80,
            "BoundingBox3D Origin X": 83.67750960905687,
            "BoundingBox3D Origin Y": 8.401533258675045,
            "BoundingBox3D Origin Z": 7.040594793856144,
            "BoundingBox3D Extent X": 0.0999999999999999,
            "BoundingBox3D Extent Y": 0.9914366721812164,
            "BoundingBox3D Extent Z": 1.020302161968541,
            "BoundingBox3D Orientation Quat W": -0.1113862423842276,
            "BoundingBox3D Orientation Quat X": -0.0008347949124263,
            "BoundingBox3D Orientation Quat Y": 0.0022298519187555,
            "BoundingBox3D Orientation Quat Z": 0.993774338512218,
            "ObjectType": "TRAFFIC_SIGN",
            "Occluded": {
                "F_MIDRANGECAM_C": 0.9613308906555176
            },
            "Truncated": 0,
            "ObjectMeta": {
                "SourceID": 80,
                "SubType": "us_white_ground_rectangle_unknown",
                "Text": "Lt.",
                "OcrVersion": 10006
            }
        },
        {
            "ActorName": "TRAFFIC_SIGN 81",
            "ObjectId": 81,
            "BoundingBox3D Origin X": 84.73908292642409,
            "BoundingBox3D Origin Y": -5.694114685673412,
            "BoundingBox3D Origin Z": 5.330867146141827,
            "BoundingBox3D Extent X": 0.1,
            "BoundingBox3D Extent Y": 0.7463736033616835,
            "BoundingBox3D Extent Z": 0.983651782538956,
            "BoundingBox3D Orientation Quat W": 0.0736368316290024,
            "BoundingBox3D Orientation Quat X": -0.0012326133164817,
            "BoundingBox3D Orientation Quat Y": 0.0020362210265245,
            "BoundingBox3D Orientation Quat Z": 0.9972822827544794,
            "ObjectType": "TRAFFIC_SIGN",
            "Occluded": {
                "F_MIDRANGECAM_C": 0.997125804424286
            },
            "Truncated": 0,
            "ObjectMeta": {
                "SourceID": 81,
                "SubType": "us_white_ground_rectangle_unknown",
                "Text": "A",
                "OcrVersion": 10006
            }
        },
        {
            "ActorName": "TRAFFIC_SIGN 82",
            "ObjectId": 82,
            "BoundingBox3D Origin X": 84.65099391896729,
            "BoundingBox3D Origin Y": -1.519759014063311,
            "BoundingBox3D Origin Z": 6.369527489878237,
            "BoundingBox3D Extent X": 0.1,
            "BoundingBox3D Extent Y": 2.213188412608715,
            "BoundingBox3D Extent Z": 0.5427212993728956,
            "BoundingBox3D Orientation Quat W": 0.0164899268077609,
            "BoundingBox3D Orientation Quat X": -0.0011134251481995,
            "BoundingBox3D Orientation Quat Y": 0.0021037182319589,
            "BoundingBox3D Orientation Quat Z": 0.9998611988510776,
            "ObjectType": "TRAFFIC_SIGN",
            "Occluded": {
                "F_MIDRANGECAM_C": 0.9983130693435668
            },
            "Truncated": 0,
            "ObjectMeta": {
                "SourceID": 82,
                "SubType": "unknown",
                "Text": "",
                "OcrVersion": 10006
            }
        },
        {
            "ActorName": "TRAFFIC_SIGN 83",
            "ObjectId": 83,
            "BoundingBox3D Origin X": 80.69853306133336,
            "BoundingBox3D Origin Y": -10.863873637183133,
            "BoundingBox3D Origin Z": 3.6115436432883135,
            "BoundingBox3D Extent X": 0.1,
            "BoundingBox3D Extent Y": 0.5022577767826779,
            "BoundingBox3D Extent Z": 0.4764159543296132,
            "BoundingBox3D Orientation Quat W": 0.1584709273437134,
            "BoundingBox3D Orientation Quat X": -0.0014009233532418,
            "BoundingBox3D Orientation Quat Y": 0.0019229187256769,
            "BoundingBox3D Orientation Quat Z": 0.9873607775196236,
            "ObjectType": "TRAFFIC_SIGN",
            "Occluded": {
                "F_MIDRANGECAM_C": 0.997955322265625
            },
            "Truncated": 0,
            "ObjectMeta": {
                "SourceID": 83,
                "SubType": "unknown",
                "Text": "",
                "OcrVersion": 10006
            }
        },
        {
            "ActorName": "TRAFFIC_SIGN 84",
            "ObjectId": 84,
            "BoundingBox3D Origin X": 81.39694770466849,
            "BoundingBox3D Origin Y": -10.926585369590612,
            "BoundingBox3D Origin Z": 2.8549690460786223,
            "BoundingBox3D Extent X": 0.1,
            "BoundingBox3D Extent Y": 0.5902100148686099,
            "BoundingBox3D Extent Z": 0.6262998747597067,
            "BoundingBox3D Orientation Quat W": 0.4131744131232932,
            "BoundingBox3D Orientation Quat X": -0.0018597360746162,
            "BoundingBox3D Orientation Quat Y": 0.0014853930777721,
            "BoundingBox3D Orientation Quat Z": 0.9106488013111088,
            "ObjectType": "TRAFFIC_SIGN",
            "Occluded": {
                "F_MIDRANGECAM_C": 0.9872884750366212
            },
            "Truncated": 0,
            "ObjectMeta": {
                "SourceID": 84,
                "SubType": "us_white_ground_rectangle_unknown",
                "Text": "",
                "OcrVersion": 10006
            }
        },
        {
            "ActorName": "TRAFFIC_SIGN 85",
            "ObjectId": 85,
            "BoundingBox3D Origin X": 84.31080156108692,
            "BoundingBox3D Origin Y": -9.335774844046682,
            "BoundingBox3D Origin Z": 2.817922933958471,
            "BoundingBox3D Extent X": 0.1,
            "BoundingBox3D Extent Y": 0.4321764308658682,
            "BoundingBox3D Extent Z": 0.619127164289498,
            "BoundingBox3D Orientation Quat W": 0.150305314955561,
            "BoundingBox3D Orientation Quat X": -0.0013853832601693,