{
    "CapturedObjects": [
        {
            "ActorName": "TRAFFIC_SIGN 71",
            "ObjectId": 71,
            "BoundingBox3D Origin X": 5.176133224089426,
            "BoundingBox3D Origin Y": -6.92059611636796,
            "BoundingBox3D Origin Z": 1.3672726126387715,
            "BoundingBox3D Extent X": 0.1,
            "BoundingBox3D Extent Y": 0.4031856189935762,
            "BoundingBox3D Extent Z": 0.4997455218914134,
            "BoundingBox3D Orientation Quat W": 0.1094663979878003,
            "BoundingBox3D Orientation Quat X": 0.0005355116491541,
            "BoundingBox3D Orientation Quat Y": 0.0080929218274694,
            "BoundingBox3D Orientation Quat Z": 0.993957406308311,
            "ObjectType": "TRAFFIC_SIGN",
            "Occluded": {
                "F_CTCAM_L": 0.0
            },
            "Truncated": 0,
            "ObjectMeta": {
                "SourceID": 71,
                "SubType": "unknown",
                "Text": "",
                "OcrVersion": 10006
            }
        },
        {
            "ActorName": "TRAFFIC_SIGN 72",
            "ObjectId": 72,
            "BoundingBox3D Origin X": 7.089251768135,
            "BoundingBox3D Origin Y": -7.4520157787483186,
            "BoundingBox3D Origin Z": 1.9131343681365247,
            "BoundingBox3D Extent X": 0.1,
            "BoundingBox3D Extent Y": 0.9388444663395614,
            "BoundingBox3D Extent Z": 0.3092811740232059,
            "BoundingBox3D Orientation Quat W": 0.2814470441226768,
            "BoundingBox3D Orientation Quat X": -0.000886306095514,
            "BoundingBox3D Orientation Quat Y": 0.0080622327882741,
            "BoundingBox3D Orientation Quat Z": 0.9595424827586224,
            "ObjectType": "TRAFFIC_SIGN",
            "Occluded": {
                "F_MIDRANGECAM_C": 0.9979885816574096
            },
            "Truncated": 0,
            "ObjectMeta": {
                "SourceID": 72,
                "SubType": "us_yellow_ground_rectangle_unknown",
                "Text": "Chock and Shol Chun",
                "OcrVersion": 10006
            }
        },
        {
            "ActorName": "TRAFFIC_SIGN 73",
            "ObjectId": 73,
            "BoundingBox3D Origin X": 19.665601232583867,
            "BoundingBox3D Origin Y": -5.161758645277587,
            "BoundingBox3D Origin Z": 2.8714868277311325,
            "BoundingBox3D Extent X": 0.1,
            "BoundingBox3D Extent Y": 0.3362411013069622,
            "BoundingBox3D Extent Z": 0.4807453413399092,
            "BoundingBox3D Orientation Quat W": 0.1583053717241883,
            "BoundingBox3D Orientation Quat X": 0.0001373709289067,
            "BoundingBox3D Orientation Quat Y": 0.0081098537724754,
            "BoundingBox3D Orientation Quat Z": 0.9873568861785912,
            "ObjectType": "TRAFFIC_SIGN",
            "Occluded": {
                "F_MIDRANGECAM_C": 6.626387039432302e-05
            },
            "Truncated": 0,
            "ObjectMeta": {
                "SourceID": 73,
                "SubType": "us_white_ground_rectangle_unknown",
                "Text": "",
                "OcrVersion": 10006
            }
        },
        {
            "ActorName": "TRAFFIC_SIGN 74",
            "ObjectId": 74,
            "BoundingBox3D Origin X": 62.61618377086779,
            "BoundingBox3D Origin Y": -5.1648636871395865,
            "BoundingBox3D Origin Z": 4.114548069424927,
            "BoundingBox3D Extent X": 0.1,
            "BoundingBox3D Extent Y": 1.0443760949039496,
            "BoundingBox3D Extent Z": 0.9445654290099652,
            "BoundingBox3D Orientation Quat W": 0.0671599158665237,
            "BoundingBox3D Orientation Quat X": 0.0008810654183847,
            "BoundingBox3D Orientation Quat Y": 0.0080633881437721,
            "BoundingBox3D Orientation Quat Z": 0.9977092518345072,
            "ObjectType": "TRAFFIC_SIGN",
            "Occluded": {
                "F_MIDRANGECAM_C": 4.114647254027659e-06
            },
            "Truncated": 0,
            "ObjectMeta": {
                "SourceID": 74,
                "SubType": "us_white_ground_rectangle_unknown",
                "Text": "Ho",
                "OcrVersion": 10006
            }
        },
        {
            "ActorName": "TRAFFIC_SIGN 75",
            "ObjectId": 75,
            "BoundingBox3D Origin X": 52.28804142471563,
            "BoundingBox3D Origin Y": 12.518899336253526,
            "BoundingBox3D Origin Z": 0.9626086642965674,
            "BoundingBox3D Extent X": 0.1,
            "BoundingBox3D Extent Y": 0.9246897276089624,
            "BoundingBox3D Extent Z": 0.4851001072257914,
            "BoundingBox3D Orientation Quat W": -0.3131003834300623,
            "BoundingBox3D Orientation Quat X": 0.0038493391300347,
            "BoundingBox3D Orientation Quat Y": 0.007139022305176,
            "BoundingBox3D Orientation Quat Z": 0.9496854041443072,
            "ObjectType": "TRAFFIC_SIGN",
            "Occluded": {
                "F_MIDRANGECAM_C": 0.9975458979606628
            },
            "Truncated": 0,
            "ObjectMeta": {
                "SourceID": 75,
                "SubType": "us_white_ground_rectangle_unknown",
                "Text": "",
                "OcrVersion": 10006
            }
        },
        {
            "ActorName": "TRAFFIC_SIGN 76",
            "ObjectId": 76,
            "BoundingBox3D Origin X": 62.5671016811466,
            "BoundingBox3D Origin Y": -5.175861164563685,
            "BoundingBox3D Origin Z": 3.424882769584656,
            "BoundingBox3D Extent X": 0.1,
            "BoundingBox3D Extent Y": 0.6871968100218089,
            "BoundingBox3D Extent Z": 0.273953078968039,
            "BoundingBox3D Orientation Quat W": 0.1606986423331417,
            "BoundingBox3D Orientation Quat X": 0.0001211307114649,
            "BoundingBox3D Orientation Quat Y": 0.0081106898207364,
            "BoundingBox3D Orientation Quat Z": 0.9869701861709234,
            "ObjectType": "TRAFFIC_SIGN",
            "Occluded": {
                "F_MIDRANGECAM_C": 0.9933939576148988
            },
            "Truncated": 0,
            "ObjectMeta": {
                "SourceID": 76,
                "SubType": "us_white_ground_rectangle_unknown",
                "Text": "",
                "OcrVersion": 10006
            }
        },
        {
            "ActorName": "TRAFFIC_SIGN 77",
            "ObjectId": 77,
            "BoundingBox3D Origin X": 62.05194029697668,
            "BoundingBox3D Origin Y": -5.170854516123654,
            "BoundingBox3D Origin Z": 3.077099151909352,
            "BoundingBox3D Extent X": 0.0999999999999999,
            "BoundingBox3D Extent Y": 0.60407060371918,
            "BoundingBox3D Extent Z": 0.2037042366830296,
            "BoundingBox3D Orientation Quat W": 0.1999200406932115,
            "BoundingBox3D Orientation Quat X": -0.0002025828896765,
            "BoundingBox3D Orientation Quat Y": 0.0081091574171316,
            "BoundingBox3D Orientation Quat Z": 0.9797786371703466,
            "ObjectType": "TRAFFIC_SIGN",
            "Occluded": {
                "F_MIDRANGECAM_C": 0.9968084692955016
            },
            "Truncated": 0,
            "ObjectMeta": {
                "SourceID": 77,
                "SubType": "us_white_ground_rectangle_unknown",
                "Text": "",
                "OcrVersion": 10006
            }
        },
        {
            "ActorName": "TRAFFIC_SIGN 78",
            "ObjectId": 78,
            "BoundingBox3D Origin X": 128.07456049269967,
            "BoundingBox3D Origin Y": -4.9953331250872,
            "BoundingBox3D Origin Z": 2.333956087939441,
            "BoundingBox3D Extent X": 0.1,
            "BoundingBox3D Extent Y": 0.3832816087039713,
            "BoundingBox3D Extent Z": 0.4357120768838613,
            "BoundingBox3D Orientation Quat W": 0.1079371605196837,