{
    "CapturedObjects": [
        {
            "ActorName": "TRAFFIC_SIGN 78",
            "ObjectId": 78,
            "BoundingBox3D Origin X": 53.15292194221911,
            "BoundingBox3D Origin Y": -4.78694337750494,
            "BoundingBox3D Origin Z": 2.611733947880566,
            "BoundingBox3D Extent X": 0.1,
            "BoundingBox3D Extent Y": 0.3832816087039713,
            "BoundingBox3D Extent Z": 0.4357120768838613,
            "BoundingBox3D Orientation Quat W": 0.1064368818773514,
            "BoundingBox3D Orientation Quat X": 0.0003949851329919,
            "BoundingBox3D Orientation Quat Y": 0.0071238432665765,
            "BoundingBox3D Orientation Quat Z": 0.9942938625075006,
            "ObjectType": "TRAFFIC_SIGN",
            "Occluded": {
                "F_MIDRANGECAM_C": 0.9999079704284668
            },
            "Truncated": 0,
            "ObjectMeta": {
                "SourceID": 78,
                "SubType": "unknown",
                "Text": "",
                "OcrVersion": 10006
            }
        },
        {
            "ActorName": "TRAFFIC_SIGN 79",
            "ObjectId": 79,
            "BoundingBox3D Origin X": 63.04212663542967,
            "BoundingBox3D Origin Y": 22.710626251224312,
            "BoundingBox3D Origin Z": 5.719801106490195,
            "BoundingBox3D Extent X": 0.1,
            "BoundingBox3D Extent Y": 1.7107504098693462,
            "BoundingBox3D Extent Z": 0.6034869053535241,
            "BoundingBox3D Orientation Quat W": -0.3112601115726262,
            "BoundingBox3D Orientation Quat X": 0.0032870996409937,
            "BoundingBox3D Orientation Quat Y": 0.0063344483941275,
            "BoundingBox3D Orientation Quat Z": 0.95029795994903,
            "ObjectType": "TRAFFIC_SIGN",
            "Occluded": {
                "F_MIDRANGECAM_C": 0.9204296469688416
            },
            "Truncated": 0,
            "ObjectMeta": {
                "SourceID": 79,
                "SubType": "unknown",
                "Text": "",
                "OcrVersion": 10006
            }
        },
        {
            "ActorName": "TRAFFIC_SIGN 80",
            "ObjectId": 80,
            "BoundingBox3D Origin X": 100.7583697564205,
            "BoundingBox3D Origin Y": 8.77890078049677,
            "BoundingBox3D Origin Z": 6.56082621216774,
            "BoundingBox3D Extent X": 0.0999999999999999,
            "BoundingBox3D Extent Y": 0.9914366721812164,
            "BoundingBox3D Extent Z": 1.020302161968541,
            "BoundingBox3D Orientation Quat W": -0.1124492340731631,
            "BoundingBox3D Orientation Quat X": 0.0019387819836733,
            "BoundingBox3D Orientation Quat Y": 0.006867446891655,
            "BoundingBox3D Orientation Quat Z": 0.9936318478460568,
            "ObjectType": "TRAFFIC_SIGN",
            "Occluded": {
                "F_MIDRANGECAM_C": 0.865234911441803
            },
            "Truncated": 0,
            "ObjectMeta": {
                "SourceID": 80,
                "SubType": "us_white_ground_rectangle_unknown",
                "Text": "Lt.",
                "OcrVersion": 10006
            }
        },
        {
            "ActorName": "TRAFFIC_SIGN 81",
            "ObjectId": 81,
            "BoundingBox3D Origin X": 101.84252070758156,
            "BoundingBox3D Origin Y": -5.33063126806519,
            "BoundingBox3D Origin Z": 4.984995786100626,
            "BoundingBox3D Extent X": 0.1,
            "BoundingBox3D Extent Y": 0.7463736033616835,
            "BoundingBox3D Extent Z": 0.983651782538956,
            "BoundingBox3D Orientation Quat W": 0.0725667049539403,
            "BoundingBox3D Orientation Quat X": 0.0006390330408295,
            "BoundingBox3D Orientation Quat Y": 0.007106596535649,
            "BoundingBox3D Orientation Quat Z": 0.9973380376053947,
            "ObjectType": "TRAFFIC_SIGN",
            "Occluded": {
                "F_MIDRANGECAM_C": 0.977822244167328
            },
            "Truncated": 0,
            "ObjectMeta": {
                "SourceID": 81,
                "SubType": "us_white_ground_rectangle_unknown",
                "Text": "A",
                "OcrVersion": 10006
            }
        },
        {
            "ActorName": "TRAFFIC_SIGN 82",
            "ObjectId": 82,
            "BoundingBox3D Origin X": 101.7501261044472,
            "BoundingBox3D Origin Y": -1.1464481920556864,
            "BoundingBox3D Origin Z": 5.982960940338671,
            "BoundingBox3D Extent X": 0.1,
            "BoundingBox3D Extent Y": 2.213188412608715,
            "BoundingBox3D Extent Z": 0.5427212993728956,
            "BoundingBox3D Orientation Quat W": 0.0154180947785623,
            "BoundingBox3D Orientation Quat X": 0.0010449534852893,
            "BoundingBox3D Orientation Quat Y": 0.0070584470315793,
            "BoundingBox3D Orientation Quat Z": 0.999855673960555,
            "ObjectType": "TRAFFIC_SIGN",
            "Occluded": {
                "F_MIDRANGECAM_C": 0.9964996576309204
            },
            "Truncated": 0,
            "ObjectMeta": {
                "SourceID": 82,
                "SubType": "unknown",
                "Text": "",
                "OcrVersion": 10006
            }
        },
        {
            "ActorName": "TRAFFIC_SIGN 83",
            "ObjectId": 83,
            "BoundingBox3D Origin X": 97.80543611015491,
            "BoundingBox3D Origin Y": -10.525542605741066,
            "BoundingBox3D Origin Z": 3.334718127734959,
            "BoundingBox3D Extent X": 0.1,
            "BoundingBox3D Extent Y": 0.5022577767826779,
            "BoundingBox3D Extent Z": 0.4764159543296132,
            "BoundingBox3D Orientation Quat W": 0.1574098024951815,
            "BoundingBox3D Orientation Quat X": 3.149151247943425e-05,
            "BoundingBox3D Orientation Quat Y": 0.0071349686422288,
            "BoundingBox3D Orientation Quat Z": 0.987507592532426,
            "ObjectType": "TRAFFIC_SIGN",
            "Occluded": {
                "F_MIDRANGECAM_C": 0.9992450475692748
            },
            "Truncated": 0,
            "ObjectMeta": {
                "SourceID": 83,
                "SubType": "unknown",
                "Text": "",
                "OcrVersion": 10006
            }
        },
        {
            "ActorName": "TRAFFIC_SIGN 84",
            "ObjectId": 84,
            "BoundingBox3D Origin X": 98.5005840282738,
            "BoundingBox3D Origin Y": -10.594231246112033,
            "BoundingBox3D Origin Z": 2.5756630348041654,
            "BoundingBox3D Extent X": 0.1,
            "BoundingBox3D Extent Y": 0.5902100148686099,
            "BoundingBox3D Extent Z": 0.6262998747597067,
            "BoundingBox3D Orientation Quat W": 0.4121897415501755,
            "BoundingBox3D Orientation Quat X": -0.0018507973734698,
            "BoundingBox3D Orientation Quat Y": 0.0068915617381529,
            "BoundingBox3D Orientation Quat Z": 0.9110700839598956,
            "ObjectType": "TRAFFIC_SIGN",
            "Occluded": {
                "F_MIDRANGECAM_C": 0.9978458881378174
            },
            "Truncated": 0,
            "ObjectMeta": {
                "SourceID": 84,
                "SubType": "us_white_ground_rectangle_unknown",
                "Text": "",
                "OcrVersion": 10006
            }
        },
        {
            "ActorName": "TRAFFIC_SIGN 85",
            "ObjectId": 85,
            "BoundingBox3D Origin X": 101.4108064501288,
            "BoundingBox3D Origin Y": -8.997743521016673,
            "BoundingBox3D Origin Z": 2.509900855831802,
            "BoundingBox3D Extent X": 0.1,
            "BoundingBox3D Extent Y": 0.4321764308658682,
            "BoundingBox3D Extent Z": 0.619127164289498,
            "BoundingBox3D Orientation Quat W": 0.1492429823171162,
            "BoundingBox3D Orientation Quat X": 9.002482010335178e-05,
            "BoundingBox3D Orientation Quat Y": 0.0071347123073853,