{
    "CapturedObjects": [
        {
            "ActorName": "TRAFFIC_SIGN 78",
            "ObjectId": 78,
            "BoundingBox3D Origin X": 55.18838689566656,
            "BoundingBox3D Origin Y": -4.7561929652583785,
            "BoundingBox3D Origin Z": 2.6141502680256963,
            "BoundingBox3D Extent X": 0.1,
            "BoundingBox3D Extent Y": 0.3832816087039713,
            "BoundingBox3D Extent Z": 0.4357120768838613,
            "BoundingBox3D Orientation Quat W": 0.1062746983468824,
            "BoundingBox3D Orientation Quat X": 0.0003540278417204,
            "BoundingBox3D Orientation Quat Y": 0.0071291638704082,
            "BoundingBox3D Orientation Quat Z": 0.9943111877968964,
            "ObjectType": "TRAFFIC_SIGN",
            "Occluded": {
                "F_MIDRANGECAM_C": 0.9998997449874878
            },
            "Truncated": 0,
            "ObjectMeta": {
                "SourceID": 78,
                "SubType": "unknown",
                "Text": "",
                "OcrVersion": 10006
            }
        },
        {
            "ActorName": "TRAFFIC_SIGN 79",
            "ObjectId": 79,
            "BoundingBox3D Origin X": 65.06849924536073,
            "BoundingBox3D Origin Y": 22.74465399851033,
            "BoundingBox3D Origin Z": 5.722624836489558,
            "BoundingBox3D Extent X": 0.1,
            "BoundingBox3D Extent Y": 1.7107504098693462,
            "BoundingBox3D Extent Z": 0.6034869053535241,
            "BoundingBox3D Orientation Quat W": -0.3114125178266626,
            "BoundingBox3D Orientation Quat X": 0.003250239998537,
            "BoundingBox3D Orientation Quat Y": 0.0063575874828657,
            "BoundingBox3D Orientation Quat Z": 0.9502479996096852,
            "ObjectType": "TRAFFIC_SIGN",
            "Occluded": {
                "F_MIDRANGECAM_C": 0.7642801403999329
            },
            "Truncated": 0,
            "ObjectMeta": {
                "SourceID": 79,
                "SubType": "unknown",
                "Text": "",
                "OcrVersion": 10006
            }
        },
        {
            "ActorName": "TRAFFIC_SIGN 80",
            "ObjectId": 80,
            "BoundingBox3D Origin X": 102.78945113436748,
            "BoundingBox3D Origin Y": 8.825215686796582,
            "BoundingBox3D Origin Z": 6.566618677228689,
            "BoundingBox3D Extent X": 0.0999999999999999,
            "BoundingBox3D Extent Y": 0.9914366721812164,
            "BoundingBox3D Extent Z": 1.020302161968541,
            "BoundingBox3D Orientation Quat W": -0.1126097658112094,
            "BoundingBox3D Orientation Quat X": 0.0018991859315315,
            "BoundingBox3D Orientation Quat Y": 0.0068825586978964,
            "BoundingBox3D Orientation Quat Z": 0.9936136392595024,
            "ObjectType": "TRAFFIC_SIGN",
            "Occluded": {
                "F_MIDRANGECAM_C": 0.9912074208259584
            },
            "Truncated": 0,
            "ObjectMeta": {
                "SourceID": 80,
                "SubType": "us_white_ground_rectangle_unknown",
                "Text": "Lt.",
                "OcrVersion": 10006
            }
        },
        {
            "ActorName": "TRAFFIC_SIGN 81",
            "ObjectId": 81,
            "BoundingBox3D Origin X": 103.87830960638348,
            "BoundingBox3D Origin Y": -5.283994236931903,
            "BoundingBox3D Origin Z": 4.991036924533546,
            "BoundingBox3D Extent X": 0.1,
            "BoundingBox3D Extent Y": 0.7463736033616835,
            "BoundingBox3D Extent Z": 0.983651782538956,
            "BoundingBox3D Orientation Quat W": 0.0724042377817315,
            "BoundingBox3D Orientation Quat X": 0.0005981877738437,
            "BoundingBox3D Orientation Quat Y": 0.0071134876717036,
            "BoundingBox3D Orientation Quat Z": 0.9973498216853396,
            "ObjectType": "TRAFFIC_SIGN",
            "Occluded": {
                "F_MIDRANGECAM_C": 0.6284490823745728
            },
            "Truncated": 0,
            "ObjectMeta": {
                "SourceID": 81,
                "SubType": "us_white_ground_rectangle_unknown",
                "Text": "A",
                "OcrVersion": 10006
            }
        },
        {
            "ActorName": "TRAFFIC_SIGN 82",
            "ObjectId": 82,
            "BoundingBox3D Origin X": 103.78447653128204,
            "BoundingBox3D Origin Y": -1.0998215465806425,
            "BoundingBox3D Origin Z": 5.988945255056024,
            "BoundingBox3D Extent X": 0.1,
            "BoundingBox3D Extent Y": 2.213188412608715,
            "BoundingBox3D Extent Z": 0.5427212993728956,
            "BoundingBox3D Orientation Quat W": 0.0152556118046561,
            "BoundingBox3D Orientation Quat X": 0.0010043767243914,
            "BoundingBox3D Orientation Quat Y": 0.0070679447397631,
            "BoundingBox3D Orientation Quat Z": 0.9998581407844898,
            "ObjectType": "TRAFFIC_SIGN",
            "Occluded": {
                "F_MIDRANGECAM_C": 0.9970449805259703
            },
            "Truncated": 0,
            "ObjectMeta": {
                "SourceID": 82,
                "SubType": "unknown",
                "Text": "",
                "OcrVersion": 10006
            }
        },
        {
            "ActorName": "TRAFFIC_SIGN 83",
            "ObjectId": 83,
            "BoundingBox3D Origin X": 99.8430156980994,
            "BoundingBox3D Origin Y": -10.480251516681165,
            "BoundingBox3D Origin Z": 3.3405213188380003,
            "BoundingBox3D Extent X": 0.1,
            "BoundingBox3D Extent Y": 0.5022577767826779,
            "BoundingBox3D Extent Z": 0.4764159543296132,
            "BoundingBox3D Orientation Quat W": 0.1572484468635508,
            "BoundingBox3D Orientation Quat X": -9.569424321099412e-06,
            "BoundingBox3D Orientation Quat Y": 0.0071378938409006,
            "BoundingBox3D Orientation Quat Z": 0.9875332785982166,
            "ObjectType": "TRAFFIC_SIGN",
            "Occluded": {
                "F_MIDRANGECAM_C": 0.9998297691345216
            },
            "Truncated": 0,
            "ObjectMeta": {
                "SourceID": 83,
                "SubType": "unknown",
                "Text": "",
                "OcrVersion": 10006
            }
        },
        {
            "ActorName": "TRAFFIC_SIGN 84",
            "ObjectId": 84,
            "BoundingBox3D Origin X": 100.53825383805996,
            "BoundingBox3D Origin Y": -10.548729189962614,
            "BoundingBox3D Origin Z": 2.581518863327801,
            "BoundingBox3D Extent X": 0.1,
            "BoundingBox3D Extent Y": 0.5902100148686099,
            "BoundingBox3D Extent Z": 0.6262998747597067,
            "BoundingBox3D Orientation Quat W": 0.4120405414349201,
            "BoundingBox3D Orientation Quat X": -0.0018911563000323,
            "BoundingBox3D Orientation Quat Y": 0.0068820460388505,
            "BoundingBox3D Orientation Quat Z": 0.91113755996786,
            "ObjectType": "TRAFFIC_SIGN",
            "Occluded": {
                "F_MIDRANGECAM_C": 0.9998998641967772
            },
            "Truncated": 0,
            "ObjectMeta": {
                "SourceID": 84,
                "SubType": "us_white_ground_rectangle_unknown",
                "Text": "",
                "OcrVersion": 10006
            }
        },
        {
            "ActorName": "TRAFFIC_SIGN 85",
            "ObjectId": 85,
            "BoundingBox3D Origin X": 103.44798537230054,
            "BoundingBox3D Origin Y": -8.951296167782857,
            "BoundingBox3D Origin Z": 2.515954015776515,
            "BoundingBox3D Extent X": 0.1,
            "BoundingBox3D Extent Y": 0.4321764308658682,
            "BoundingBox3D Extent Z": 0.619127164289498,
            "BoundingBox3D Orientation Quat W": 0.1490814608984986,
            "BoundingBox3D Orientation Quat X": 4.89752103638934e-05,