{
    "CapturedObjects": [
        {
            "ActorName": "TRAFFIC_SIGN 71",
            "ObjectId": 71,
            "BoundingBox3D Origin X": 14.932311473836307,
            "BoundingBox3D Origin Y": -6.889167339322739,
            "BoundingBox3D Origin Z": 1.2844966426491735,
            "BoundingBox3D Extent X": 0.1,
            "BoundingBox3D Extent Y": 0.4031856189935762,
            "BoundingBox3D Extent Z": 0.4997455218914134,
            "BoundingBox3D Orientation Quat W": 0.1109417916882652,
            "BoundingBox3D Orientation Quat X": 0.0022005419168875,
            "BoundingBox3D Orientation Quat Y": 0.0081762501909451,
            "BoundingBox3D Orientation Quat Z": 0.9937908358427768,
            "ObjectType": "TRAFFIC_SIGN",
            "Occluded": {
                "F_MIDRANGECAM_C": 8.795903454483778e-07
            },
            "Truncated": 0,
            "ObjectMeta": {
                "SourceID": 71,
                "SubType": "unknown",
                "Text": "",
                "OcrVersion": 10006
            }
        },
        {
            "ActorName": "TRAFFIC_SIGN 72",
            "ObjectId": 72,
            "BoundingBox3D Origin X": 16.845632582728285,
            "BoundingBox3D Origin Y": -7.4264282251824625,
            "BoundingBox3D Origin Z": 1.8239249987527728,
            "BoundingBox3D Extent X": 0.1,
            "BoundingBox3D Extent Y": 0.9388444663395614,
            "BoundingBox3D Extent Z": 0.3092811740232059,
            "BoundingBox3D Orientation Quat W": 0.2828700541491585,
            "BoundingBox3D Orientation Quat X": 0.0007384831799713,
            "BoundingBox3D Orientation Quat Y": 0.0084348890726729,
            "BoundingBox3D Orientation Quat Z": 0.9591208681676032,
            "ObjectType": "TRAFFIC_SIGN",
            "Occluded": {
                "F_MIDRANGECAM_C": 1.0496707545826212e-05
            },
            "Truncated": 0,
            "ObjectMeta": {
                "SourceID": 72,
                "SubType": "us_yellow_ground_rectangle_unknown",
                "Text": "Chock and Shol Chun",
                "OcrVersion": 10006
            }
        },
        {
            "ActorName": "TRAFFIC_SIGN 73",
            "ObjectId": 73,
            "BoundingBox3D Origin X": 29.431906149795395,
            "BoundingBox3D Origin Y": -5.174029485002393,
            "BoundingBox3D Origin Z": 2.741116779856384,
            "BoundingBox3D Extent X": 0.1,
            "BoundingBox3D Extent Y": 0.3362411013069622,
            "BoundingBox3D Extent Z": 0.4807453413399092,
            "BoundingBox3D Orientation Quat W": 0.1597707075382595,
            "BoundingBox3D Orientation Quat X": 0.0017962638918985,
            "BoundingBox3D Orientation Quat Y": 0.008275025483125,
            "BoundingBox3D Orientation Quat Z": 0.9871178341018912,
            "ObjectType": "TRAFFIC_SIGN",
            "Occluded": {
                "F_MIDRANGECAM_C": 0.001219157828018
            },
            "Truncated": 0,
            "ObjectMeta": {
                "SourceID": 73,
                "SubType": "us_white_ground_rectangle_unknown",
                "Text": "",
                "OcrVersion": 10006
            }
        },
        {
            "ActorName": "TRAFFIC_SIGN 74",
            "ObjectId": 74,
            "BoundingBox3D Origin X": 72.38630202510831,
            "BoundingBox3D Origin Y": -5.306044887343887,
            "BoundingBox3D Origin Z": 3.8421441623941055,
            "BoundingBox3D Extent X": 0.1,
            "BoundingBox3D Extent Y": 1.0443760949039496,
            "BoundingBox3D Extent Z": 0.9445654290099652,
            "BoundingBox3D Orientation Quat W": 0.0686410273129256,
            "BoundingBox3D Orientation Quat X": 0.0025481353420178,
            "BoundingBox3D Orientation Quat Y": 0.0080760105052941,
            "BoundingBox3D Orientation Quat Z": 0.9976054803528412,
            "ObjectType": "TRAFFIC_SIGN",
            "Occluded": {
                "F_MIDRANGECAM_C": 2.8745239433192182e-06
            },
            "Truncated": 0,
            "ObjectMeta": {
                "SourceID": 74,
                "SubType": "us_white_ground_rectangle_unknown",
                "Text": "Ho",
                "OcrVersion": 10006
            }
        },
        {
            "ActorName": "TRAFFIC_SIGN 75",
            "ObjectId": 75,
            "BoundingBox3D Origin X": 62.10064662420336,
            "BoundingBox3D Origin Y": 12.409334253388806,
            "BoundingBox3D Origin Z": 0.7277538245543838,
            "BoundingBox3D Extent X": 0.1,
            "BoundingBox3D Extent Y": 0.9246897276089624,
            "BoundingBox3D Extent Z": 0.4851001072257914,
            "BoundingBox3D Orientation Quat W": -0.3116915554917587,
            "BoundingBox3D Orientation Quat X": 0.0053984439065165,
            "BoundingBox3D Orientation Quat Y": 0.006524143813172,
            "BoundingBox3D Orientation Quat Z": 0.9501456028346504,
            "ObjectType": "TRAFFIC_SIGN",
            "Occluded": {
                "F_MIDRANGECAM_C": 0.9986360669136048
            },
            "Truncated": 0,
            "ObjectMeta": {
                "SourceID": 75,
                "SubType": "us_white_ground_rectangle_unknown",
                "Text": "",
                "OcrVersion": 10006
            }
        },
        {
            "ActorName": "TRAFFIC_SIGN 76",
            "ObjectId": 76,
            "BoundingBox3D Origin X": 72.33490978338523,
            "BoundingBox3D Origin Y": -5.316757863969542,
            "BoundingBox3D Origin Z": 3.152647390961647,
            "BoundingBox3D Extent X": 0.1,
            "BoundingBox3D Extent Y": 0.6871968100218089,
            "BoundingBox3D Extent Z": 0.273953078968039,
            "BoundingBox3D Orientation Quat W": 0.1621633878529125,
            "BoundingBox3D Orientation Quat X": 0.0017796182084989,
            "BoundingBox3D Orientation Quat Y": 0.0082798734163735,
            "BoundingBox3D Orientation Quat Z": 0.9867275775487916,
            "ObjectType": "TRAFFIC_SIGN",
            "Occluded": {
                "F_MIDRANGECAM_C": 0.3952266275882721
            },
            "Truncated": 0,
            "ObjectMeta": {
                "SourceID": 76,
                "SubType": "us_white_ground_rectangle_unknown",
                "Text": "",
                "OcrVersion": 10006
            }
        },
        {
            "ActorName": "TRAFFIC_SIGN 77",
            "ObjectId": 77,
            "BoundingBox3D Origin X": 71.81861818933248,
            "BoundingBox3D Origin Y": -5.310138648113934,
            "BoundingBox3D Origin Z": 2.8065723292529583,
            "BoundingBox3D Extent X": 0.0999999999999999,
            "BoundingBox3D Extent Y": 0.60407060371918,
            "BoundingBox3D Extent Z": 0.2037042366830296,
            "BoundingBox3D Orientation Quat W": 0.2013738333107333,
            "BoundingBox3D Orientation Quat X": 0.001447823020895,
            "BoundingBox3D Orientation Quat Y": 0.0083442583948049,
            "BoundingBox3D Orientation Quat Z": 0.9794778488654464,
            "ObjectType": "TRAFFIC_SIGN",
            "Occluded": {
                "F_MIDRANGECAM_C": 0.9989670515060424
            },
            "Truncated": 0,
            "ObjectMeta": {
                "SourceID": 77,
                "SubType": "us_white_ground_rectangle_unknown",
                "Text": "",
                "OcrVersion": 10006
            }
        },
        {
            "ActorName": "TRAFFIC_SIGN 78",
            "ObjectId": 78,
            "BoundingBox3D Origin X": 137.83887409793533,
            "BoundingBox3D Origin Y": -5.332245591300307,
            "BoundingBox3D Origin Z": 1.8451644768938424,
            "BoundingBox3D Extent X": 0.1,
            "BoundingBox3D Extent Y": 0.3832816087039713,
            "BoundingBox3D Extent Z": 0.4357120768838613,
            "BoundingBox3D Orientation Quat W": 0.1094128061207957,