{
    "CapturedObjects": [
        {
            "ActorName": "TRAFFIC_SIGN 71",
            "ObjectId": 71,
            "BoundingBox3D Origin X": 6.679394618438892,
            "BoundingBox3D Origin Y": -6.915397841105005,
            "BoundingBox3D Origin Z": 1.362665575928986,
            "BoundingBox3D Extent X": 0.1,
            "BoundingBox3D Extent Y": 0.4031856189935762,
            "BoundingBox3D Extent Z": 0.4997455218914134,
            "BoundingBox3D Orientation Quat W": 0.1097823777735611,
            "BoundingBox3D Orientation Quat X": 0.0002491760627674,
            "BoundingBox3D Orientation Quat Y": 0.0079379164275724,
            "BoundingBox3D Orientation Quat Z": 0.9939239190825732,
            "ObjectType": "TRAFFIC_SIGN",
            "Occluded": {
                "F_MIDRANGECAM_C": 1.149671425082488e-05
            },
            "Truncated": 0,
            "ObjectMeta": {
                "SourceID": 71,
                "SubType": "unknown",
                "Text": "",
                "OcrVersion": 10006
            }
        },
        {
            "ActorName": "TRAFFIC_SIGN 72",
            "ObjectId": 72,
            "BoundingBox3D Origin X": 8.591849947064475,
            "BoundingBox3D Origin Y": -7.448159995721653,
            "BoundingBox3D Origin Z": 1.9095455603674047,
            "BoundingBox3D Extent X": 0.1,
            "BoundingBox3D Extent Y": 0.9388444663395614,
            "BoundingBox3D Extent Z": 0.3092811740232059,
            "BoundingBox3D Orientation Quat W": 0.2817523672462352,
            "BoundingBox3D Orientation Quat X": -0.0011418067339306,
            "BoundingBox3D Orientation Quat Y": 0.007858545757812,
            "BoundingBox3D Orientation Quat Z": 0.959454294423188,
            "ObjectType": "TRAFFIC_SIGN",
            "Occluded": {
                "F_MIDRANGECAM_C": 2.942629180324729e-06
            },
            "Truncated": 0,
            "ObjectMeta": {
                "SourceID": 72,
                "SubType": "us_yellow_ground_rectangle_unknown",
                "Text": "Chock and Shol Chun",
                "OcrVersion": 10006
            }
        },
        {
            "ActorName": "TRAFFIC_SIGN 73",
            "ObjectId": 73,
            "BoundingBox3D Origin X": 21.16910467174239,
            "BoundingBox3D Origin Y": -5.1660616806912,
            "BoundingBox3D Origin Z": 2.876002850010991,
            "BoundingBox3D Extent X": 0.1,
            "BoundingBox3D Extent Y": 0.3362411013069622,
            "BoundingBox3D Extent Z": 0.4807453413399092,
            "BoundingBox3D Orientation Quat W": 0.1586193386424424,
            "BoundingBox3D Orientation Quat X": -0.0001411274281637,
            "BoundingBox3D Orientation Quat Y": 0.0079406108039264,
            "BoundingBox3D Orientation Quat Z": 0.9873078710269372,
            "ObjectType": "TRAFFIC_SIGN",
            "Occluded": {
                "F_MIDRANGECAM_C": 0.0003244528488721
            },
            "Truncated": 0,
            "ObjectMeta": {
                "SourceID": 73,
                "SubType": "us_white_ground_rectangle_unknown",
                "Text": "",
                "OcrVersion": 10006
            }
        },
        {
            "ActorName": "TRAFFIC_SIGN 74",
            "ObjectId": 74,
            "BoundingBox3D Origin X": 64.11909237545115,
            "BoundingBox3D Origin Y": -5.196574183675693,
            "BoundingBox3D Origin Z": 4.144854788668454,
            "BoundingBox3D Extent X": 0.1,
            "BoundingBox3D Extent Y": 1.0443760949039496,
            "BoundingBox3D Extent Z": 0.9445654290099652,
            "BoundingBox3D Orientation Quat W": 0.067477012086194,
            "BoundingBox3D Orientation Quat X": 0.0005885078019871,
            "BoundingBox3D Orientation Quat Y": 0.0079209653306501,
            "BoundingBox3D Orientation Quat Z": 0.997689212534002,
            "ObjectType": "TRAFFIC_SIGN",
            "Occluded": {
                "F_MIDRANGECAM_C": 1.5261522321452503e-06
            },
            "Truncated": 0,
            "ObjectMeta": {
                "SourceID": 74,
                "SubType": "us_white_ground_rectangle_unknown",
                "Text": "Ho",
                "OcrVersion": 10006
            }
        },
        {
            "ActorName": "TRAFFIC_SIGN 75",
            "ObjectId": 75,
            "BoundingBox3D Origin X": 53.80399988406498,
            "BoundingBox3D Origin Y": 12.49455603810202,
            "BoundingBox3D Origin Z": 0.9910093732178212,
            "BoundingBox3D Extent X": 0.1,
            "BoundingBox3D Extent Y": 0.9246897276089624,
            "BoundingBox3D Extent Z": 0.4851001072257914,
            "BoundingBox3D Orientation Quat W": -0.312799208952002,
            "BoundingBox3D Orientation Quat X": 0.0035243788656829,
            "BoundingBox3D Orientation Quat Y": 0.0071195791537678,
            "BoundingBox3D Orientation Quat Z": 0.9497860523429928,
            "ObjectType": "TRAFFIC_SIGN",
            "Occluded": {
                "F_MIDRANGECAM_C": 0.9958055019378662
            },
            "Truncated": 0,
            "ObjectMeta": {
                "SourceID": 75,
                "SubType": "us_white_ground_rectangle_unknown",
                "Text": "",
                "OcrVersion": 10006
            }
        },
        {
            "ActorName": "TRAFFIC_SIGN 76",
            "ObjectId": 76,
            "BoundingBox3D Origin X": 64.07042730194735,
            "BoundingBox3D Origin Y": -5.2073731384880375,
            "BoundingBox3D Origin Z": 3.455159873701632,
            "BoundingBox3D Extent X": 0.1,
            "BoundingBox3D Extent Y": 0.6871968100218089,
            "BoundingBox3D Extent Z": 0.273953078968039,
            "BoundingBox3D Orientation Quat W": 0.1610124901608632,
            "BoundingBox3D Orientation Quat X": -0.0001569651661235,
            "BoundingBox3D Orientation Quat Y": 0.0079407562484143,
            "BoundingBox3D Orientation Quat Z": 0.9869204110587326,
            "ObjectType": "TRAFFIC_SIGN",
            "Occluded": {
                "F_MIDRANGECAM_C": 0.9853572249412536
            },
            "Truncated": 0,
            "ObjectMeta": {
                "SourceID": 76,
                "SubType": "us_white_ground_rectangle_unknown",
                "Text": "",
                "OcrVersion": 10006
            }
        },
        {
            "ActorName": "TRAFFIC_SIGN 77",
            "ObjectId": 77,
            "BoundingBox3D Origin X": 63.555480905650256,
            "BoundingBox3D Origin Y": -5.201956839926424,
            "BoundingBox3D Origin Z": 3.107069338671863,
            "BoundingBox3D Extent X": 0.0999999999999999,
            "BoundingBox3D Extent Y": 0.60407060371918,
            "BoundingBox3D Extent Z": 0.2037042366830296,
            "BoundingBox3D Orientation Quat W": 0.2002316684619876,
            "BoundingBox3D Orientation Quat X": -0.0004738382474474,
            "BoundingBox3D Orientation Quat Y": 0.0079280345402129,
            "BoundingBox3D Orientation Quat Z": 0.9797163878850724,
            "ObjectType": "TRAFFIC_SIGN",
            "Occluded": {
                "F_MIDRANGECAM_C": 0.9965586066246032
            },
            "Truncated": 0,
            "ObjectMeta": {
                "SourceID": 77,
                "SubType": "us_white_ground_rectangle_unknown",
                "Text": "",
                "OcrVersion": 10006
            }
        },
        {
            "ActorName": "TRAFFIC_SIGN 78",
            "ObjectId": 78,
            "BoundingBox3D Origin X": 129.57893263576625,
            "BoundingBox3D Origin Y": -5.0679197510908125,
            "BoundingBox3D Origin Z": 2.403624546714127,
            "BoundingBox3D Extent X": 0.1,
            "BoundingBox3D Extent Y": 0.3832816087039713,
            "BoundingBox3D Extent Z": 0.4357120768838613,
            "BoundingBox3D Orientation Quat W": 0.1082531899815816,