{
    "CapturedObjects": [
        {
            "ActorName": "TRAFFIC_SIGN 73",
            "ObjectId": 73,
            "BoundingBox3D Origin X": 8.379197888218187,
            "BoundingBox3D Origin Y": -5.12226626338088,
            "BoundingBox3D Origin Z": 2.888367154635489,
            "BoundingBox3D Extent X": 0.1,
            "BoundingBox3D Extent Y": 0.3362411013069622,
            "BoundingBox3D Extent Z": 0.4807453413399092,
            "BoundingBox3D Orientation Quat W": 0.153936508892817,
            "BoundingBox3D Orientation Quat X": 0.0008895864391769,
            "BoundingBox3D Orientation Quat Y": 0.0070529509070085,
            "BoundingBox3D Orientation Quat Z": 0.9880551683733872,
            "ObjectType": "TRAFFIC_SIGN",
            "Occluded": {
                "F_MIDRANGECAM_C": 0.0017076234798878
            },
            "Truncated": 0,
            "ObjectMeta": {
                "SourceID": 73,
                "SubType": "us_white_ground_rectangle_unknown",
                "Text": "",
                "OcrVersion": 10006
            }
        },
        {
            "ActorName": "TRAFFIC_SIGN 74",
            "ObjectId": 74,
            "BoundingBox3D Origin X": 51.32947697967029,
            "BoundingBox3D Origin Y": -4.748698350318591,
            "BoundingBox3D Origin Z": 4.07917114533484,
            "BoundingBox3D Extent X": 0.1,
            "BoundingBox3D Extent Y": 1.0443760949039496,
            "BoundingBox3D Extent Z": 0.9445654290099652,
            "BoundingBox3D Orientation Quat W": 0.0627454224944777,
            "BoundingBox3D Orientation Quat X": 0.0015336583450922,
            "BoundingBox3D Orientation Quat Y": 0.006942223044243,
            "BoundingBox3D Orientation Quat Z": 0.9980042411669772,
            "ObjectType": "TRAFFIC_SIGN",
            "Occluded": {
                "F_MIDRANGECAM_C": 2.848218173312489e-06
            },
            "Truncated": 0,
            "ObjectMeta": {
                "SourceID": 74,
                "SubType": "us_white_ground_rectangle_unknown",
                "Text": "Ho",
                "OcrVersion": 10006
            }
        },
        {
            "ActorName": "TRAFFIC_SIGN 75",
            "ObjectId": 75,
            "BoundingBox3D Origin X": 40.84159222286689,
            "BoundingBox3D Origin Y": 12.85038378792524,
            "BoundingBox3D Origin Z": 0.9811309678480028,
            "BoundingBox3D Extent X": 0.1,
            "BoundingBox3D Extent Y": 0.9246897276089624,
            "BoundingBox3D Extent Z": 0.4851001072257914,
            "BoundingBox3D Orientation Quat W": -0.3173030831433713,
            "BoundingBox3D Orientation Quat X": 0.004033062860184,
            "BoundingBox3D Orientation Quat Y": 0.0058562226846928,
            "BoundingBox3D Orientation Quat Z": 0.9482975231896072,
            "ObjectType": "TRAFFIC_SIGN",
            "Occluded": {
                "F_MIDRANGECAM_C": 0.054770465940237
            },
            "Truncated": 0,
            "ObjectMeta": {
                "SourceID": 75,
                "SubType": "us_white_ground_rectangle_unknown",
                "Text": "",
                "OcrVersion": 10006
            }
        },
        {
            "ActorName": "TRAFFIC_SIGN 76",
            "ObjectId": 76,
            "BoundingBox3D Origin X": 51.27964641187282,
            "BoundingBox3D Origin Y": -4.758521089344868,
            "BoundingBox3D Origin Z": 3.389546184800565,
            "BoundingBox3D Extent X": 0.1,
            "BoundingBox3D Extent Y": 0.6871968100218089,
            "BoundingBox3D Extent Z": 0.273953078968039,
            "BoundingBox3D Orientation Quat W": 0.1563314790880473,
            "BoundingBox3D Orientation Quat X": 0.0008758929849823,
            "BoundingBox3D Orientation Quat Y": 0.0070556240811091,
            "BoundingBox3D Orientation Quat Z": 0.9876790569949572,
            "ObjectType": "TRAFFIC_SIGN",
            "Occluded": {
                "F_MIDRANGECAM_C": 0.5086202621459961
            },
            "Truncated": 0,
            "ObjectMeta": {
                "SourceID": 76,
                "SubType": "us_white_ground_rectangle_unknown",
                "Text": "",
                "OcrVersion": 10006
            }
        },
        {
            "ActorName": "TRAFFIC_SIGN 77",
            "ObjectId": 77,
            "BoundingBox3D Origin X": 50.76403553451382,
            "BoundingBox3D Origin Y": -4.757256444194354,
            "BoundingBox3D Origin Z": 3.0424040211364627,
            "BoundingBox3D Extent X": 0.0999999999999999,
            "BoundingBox3D Extent Y": 0.60407060371918,
            "BoundingBox3D Extent Z": 0.2037042366830296,
            "BoundingBox3D Orientation Quat W": 0.1955845636503574,
            "BoundingBox3D Orientation Quat X": 0.0005934590339039,
            "BoundingBox3D Orientation Quat Y": 0.0070849506609736,
            "BoundingBox3D Orientation Quat Z": 0.9806610677202424,
            "ObjectType": "TRAFFIC_SIGN",
            "Occluded": {
                "F_MIDRANGECAM_C": 0.9953763484954834
            },
            "Truncated": 0,
            "ObjectMeta": {
                "SourceID": 77,
                "SubType": "us_white_ground_rectangle_unknown",
                "Text": "",
                "OcrVersion": 10006
            }
        },
        {
            "ActorName": "TRAFFIC_SIGN 78",
            "ObjectId": 78,
            "BoundingBox3D Origin X": 116.78133304453875,
            "BoundingBox3D Origin Y": -3.996542047316325,
            "BoundingBox3D Origin Z": 2.2193778809159994,
            "BoundingBox3D Extent X": 0.1,
            "BoundingBox3D Extent Y": 0.3832816087039713,
            "BoundingBox3D Extent Z": 0.4357120768838613,
            "BoundingBox3D Orientation Quat W": 0.1035384632166458,
            "BoundingBox3D Orientation Quat X": 0.0012548725845671,
            "BoundingBox3D Orientation Quat Y": 0.0069997139194165,
            "BoundingBox3D Orientation Quat Z": 0.994600028119132,
            "ObjectType": "TRAFFIC_SIGN",
            "Occluded": {
                "F_MIDRANGECAM_C": 0.9987096786499025
            },
            "Truncated": 0,
            "ObjectMeta": {
                "SourceID": 78,
                "SubType": "unknown",
                "Text": "",
                "OcrVersion": 10006
            }
        },
        {
            "ActorName": "TRAFFIC_SIGN 79",
            "ObjectId": 79,
            "BoundingBox3D Origin X": 126.51564291970136,
            "BoundingBox3D Origin Y": 23.55671101996268,
            "BoundingBox3D Origin Z": 5.322465308010578,
            "BoundingBox3D Extent X": 0.1,
            "BoundingBox3D Extent Y": 1.7107504098693462,
            "BoundingBox3D Extent Z": 0.6034869053535241,
            "BoundingBox3D Orientation Quat W": -0.3140292207084919,
            "BoundingBox3D Orientation Quat X": 0.0040201224903159,
            "BoundingBox3D Orientation Quat Y": 0.005869000737849,
            "BoundingBox3D Orientation Quat Z": 0.9493866662149408,
            "ObjectType": "TRAFFIC_SIGN",
            "Occluded": {
                "F_MIDRANGECAM_C": 0.996702253818512
            },
            "Truncated": 0,
            "ObjectMeta": {
                "SourceID": 79,
                "SubType": "unknown",
                "Text": "",
                "OcrVersion": 10006
            }
        },
        {
            "ActorName": "TRAFFIC_SIGN 80",
            "ObjectId": 80,
            "BoundingBox3D Origin X": 164.3137108449264,
            "BoundingBox3D Origin Y": 9.84425540731172,
            "BoundingBox3D Origin Z": 6.092253722250462,
            "BoundingBox3D Extent X": 0.0999999999999999,
            "BoundingBox3D Extent Y": 0.9914366721812164,
            "BoundingBox3D Extent Z": 1.020302161968541,
            "BoundingBox3D Orientation Quat W": -0.1153447700482124,
            "BoundingBox3D Orientation Quat X": 0.002751133767088,