{
    "CapturedObjects": [
        {
            "ActorName": "TRAFFIC_SIGN 74",
            "ObjectId": 74,
            "BoundingBox3D Origin X": 17.123942193953553,
            "BoundingBox3D Origin Y": -5.071372600217387,
            "BoundingBox3D Origin Z": 4.089218523353338,
            "BoundingBox3D Extent X": 0.1,
            "BoundingBox3D Extent Y": 1.0443760949039496,
            "BoundingBox3D Extent Z": 0.9445654290099652,
            "BoundingBox3D Orientation Quat W": 0.0633614927574727,
            "BoundingBox3D Orientation Quat X": 0.0054452471828622,
            "BoundingBox3D Orientation Quat Y": 0.0004117936558203,
            "BoundingBox3D Orientation Quat Z": 0.9979757015802776,
            "ObjectType": "TRAFFIC_SIGN",
            "Occluded": {
                "F_MIDRANGECAM_C": 3.838791963062249e-05
            },
            "Truncated": 0,
            "ObjectMeta": {
                "SourceID": 74,
                "SubType": "us_white_ground_rectangle_unknown",
                "Text": "Ho",
                "OcrVersion": 10006
            }
        },
        {
            "ActorName": "TRAFFIC_SIGN 75",
            "ObjectId": 75,
            "BoundingBox3D Origin X": 6.638613782124594,
            "BoundingBox3D Origin Y": 12.581234435814167,
            "BoundingBox3D Origin Z": 1.302663940936327,
            "BoundingBox3D Extent X": 0.1,
            "BoundingBox3D Extent Y": 0.9246897276089624,
            "BoundingBox3D Extent Z": 0.4851001072257914,
            "BoundingBox3D Orientation Quat W": 0.3167185599431721,
            "BoundingBox3D Orientation Quat X": -0.0052012889842138,
            "BoundingBox3D Orientation Quat Y": 0.001665540297273,
            "BoundingBox3D Orientation Quat Z": -0.9485038357096632,
            "ObjectType": "TRAFFIC_SIGN",
            "Occluded": {
                "F_CTCAM_L": 0.0
            },
            "Truncated": 0,
            "ObjectMeta": {
                "SourceID": 75,
                "SubType": "us_white_ground_rectangle_unknown",
                "Text": "",
                "OcrVersion": 10006
            }
        },
        {
            "ActorName": "TRAFFIC_SIGN 76",
            "ObjectId": 76,
            "BoundingBox3D Origin X": 17.069292537125875,
            "BoundingBox3D Origin Y": -5.071802714525006,
            "BoundingBox3D Origin Z": 3.3998856991529465,
            "BoundingBox3D Extent X": 0.1,
            "BoundingBox3D Extent Y": 0.6871968100218089,
            "BoundingBox3D Extent Z": 0.273953078968039,
            "BoundingBox3D Orientation Quat W": 0.1569417965473868,
            "BoundingBox3D Orientation Quat X": 0.0053841324803088,
            "BoundingBox3D Orientation Quat Y": 0.0009220066847106,
            "BoundingBox3D Orientation Quat Z": 0.9875927467927188,
            "ObjectType": "TRAFFIC_SIGN",
            "Occluded": {
                "F_MIDRANGECAM_C": 0.0020751461852341
            },
            "Truncated": 0,
            "ObjectMeta": {
                "SourceID": 76,
                "SubType": "us_white_ground_rectangle_unknown",
                "Text": "",
                "OcrVersion": 10006
            }
        },
        {
            "ActorName": "TRAFFIC_SIGN 77",
            "ObjectId": 77,
            "BoundingBox3D Origin X": 16.55127292878751,
            "BoundingBox3D Origin Y": -5.065191975787457,
            "BoundingBox3D Origin Z": 3.05640301387757,
            "BoundingBox3D Extent X": 0.0999999999999999,
            "BoundingBox3D Extent Y": 0.60407060371918,
            "BoundingBox3D Extent Z": 0.2037042366830296,
            "BoundingBox3D Orientation Quat W": 0.196190913783002,
            "BoundingBox3D Orientation Quat X": 0.0053425636109844,
            "BoundingBox3D Orientation Quat Y": 0.0011359570877048,
            "BoundingBox3D Orientation Quat Z": 0.980550504545558,
            "ObjectType": "TRAFFIC_SIGN",
            "Occluded": {
                "F_MIDRANGECAM_C": 0.1061089858412742
            },
            "Truncated": 0,
            "ObjectMeta": {
                "SourceID": 77,
                "SubType": "us_white_ground_rectangle_unknown",
                "Text": "",
                "OcrVersion": 10006
            }
        },
        {
            "ActorName": "TRAFFIC_SIGN 78",
            "ObjectId": 78,
            "BoundingBox3D Origin X": 82.56270726837101,
            "BoundingBox3D Origin Y": -4.376670142266335,
            "BoundingBox3D Origin Z": 1.7823245087638495,
            "BoundingBox3D Extent X": 0.1,
            "BoundingBox3D Extent Y": 0.3832816087039713,
            "BoundingBox3D Extent Z": 0.4357120768838613,
            "BoundingBox3D Orientation Quat W": 0.1041526236300806,
            "BoundingBox3D Orientation Quat X": 0.0054303660970696,
            "BoundingBox3D Orientation Quat Y": 0.0006348260270322,
            "BoundingBox3D Orientation Quat Z": 0.9945462981233896,
            "ObjectType": "TRAFFIC_SIGN",
            "Occluded": {
                "F_MIDRANGECAM_C": 0.9990196228027344
            },
            "Truncated": 0,
            "ObjectMeta": {
                "SourceID": 78,
                "SubType": "unknown",
                "Text": "",
                "OcrVersion": 10006
            }
        },
        {
            "ActorName": "TRAFFIC_SIGN 79",
            "ObjectId": 79,
            "BoundingBox3D Origin X": 92.35599288204683,
            "BoundingBox3D Origin Y": 23.11980858191498,
            "BoundingBox3D Origin Z": 5.189389284700155,
            "BoundingBox3D Extent X": 0.1,
            "BoundingBox3D Extent Y": 1.7107504098693462,
            "BoundingBox3D Extent Z": 0.6034869053535241,
            "BoundingBox3D Orientation Quat W": 0.3134440604513929,
            "BoundingBox3D Orientation Quat X": -0.0052142918420652,
            "BoundingBox3D Orientation Quat Y": 0.0016486990062049,
            "BoundingBox3D Orientation Quat Z": -0.9495909192488712,
            "ObjectType": "TRAFFIC_SIGN",
            "Occluded": {
                "F_MIDRANGECAM_C": 0.9011781811714172
            },
            "Truncated": 0,
            "ObjectMeta": {
                "SourceID": 79,
                "SubType": "unknown",
                "Text": "",
                "OcrVersion": 10006
            }
        },
        {
            "ActorName": "TRAFFIC_SIGN 80",
            "ObjectId": 80,
            "BoundingBox3D Origin X": 130.14008829274098,
            "BoundingBox3D Origin Y": 9.350526100360412,
            "BoundingBox3D Origin Z": 5.509592238813639,
            "BoundingBox3D Extent X": 0.0999999999999999,
            "BoundingBox3D Extent Y": 0.9914366721812164,
            "BoundingBox3D Extent Z": 1.020302161968541,
            "BoundingBox3D Orientation Quat W": 0.1147321898111846,
            "BoundingBox3D Orientation Quat X": -0.0054421953434364,
            "BoundingBox3D Orientation Quat Y": 0.0005610644496536,
            "BoundingBox3D Orientation Quat Z": -0.9933813931907812,
            "ObjectType": "TRAFFIC_SIGN",
            "Occluded": {
                "F_MIDRANGECAM_C": 0.9485378861427308
            },
            "Truncated": 0,
            "ObjectMeta": {
                "SourceID": 80,
                "SubType": "us_white_ground_rectangle_unknown",
                "Text": "Lt.",
                "OcrVersion": 10006
            }
        },
        {
            "ActorName": "TRAFFIC_SIGN 81",
            "ObjectId": 81,
            "BoundingBox3D Origin X": 131.27337059928686,
            "BoundingBox3D Origin Y": -4.730515690959351,
            "BoundingBox3D Origin Z": 3.727151620201768,
            "BoundingBox3D Extent X": 0.1,
            "BoundingBox3D Extent Y": 0.7463736033616835,
            "BoundingBox3D Extent Z": 0.983651782538956,
            "BoundingBox3D Orientation Quat W": 0.0702753851374736,
            "BoundingBox3D Orientation Quat X": 0.0054509593051377,