{
    "CapturedObjects": [
        {
            "ActorName": "TRAFFIC_SIGN 74",
            "ObjectId": 74,
            "BoundingBox3D Origin X": 31.74141200937447,
            "BoundingBox3D Origin Y": -4.949372316666995,
            "BoundingBox3D Origin Z": 4.384258199483156,
            "BoundingBox3D Extent X": 0.1,
            "BoundingBox3D Extent Y": 1.0443760949039496,
            "BoundingBox3D Extent Z": 0.9445654290099652,
            "BoundingBox3D Orientation Quat W": 0.0641511926150131,
            "BoundingBox3D Orientation Quat X": -0.0018524124536515,
            "BoundingBox3D Orientation Quat Y": 0.0060475026115001,
            "BoundingBox3D Orientation Quat Z": 0.9979201474899364,
            "ObjectType": "TRAFFIC_SIGN",
            "Occluded": {
                "F_MIDRANGECAM_C": 0.0001135440397774
            },
            "Truncated": 0,
            "ObjectMeta": {
                "SourceID": 74,
                "SubType": "us_white_ground_rectangle_unknown",
                "Text": "Ho",
                "OcrVersion": 10006
            }
        },
        {
            "ActorName": "TRAFFIC_SIGN 75",
            "ObjectId": 75,
            "BoundingBox3D Origin X": 21.323745121433603,
            "BoundingBox3D Origin Y": 12.682987295280329,
            "BoundingBox3D Origin Z": 1.2380805304273963,
            "BoundingBox3D Extent X": 0.1,
            "BoundingBox3D Extent Y": 0.9246897276089624,
            "BoundingBox3D Extent Z": 0.4851001072257914,
            "BoundingBox3D Orientation Quat W": -0.315969609599866,
            "BoundingBox3D Orientation Quat X": 0.0005588706534142,
            "BoundingBox3D Orientation Quat Y": 0.0062997768417689,
            "BoundingBox3D Orientation Quat Z": 0.9487482312419058,
            "ObjectType": "TRAFFIC_SIGN",
            "Occluded": {
                "F_MIDRANGECAM_C": 2.6663676180760376e-05
            },
            "Truncated": 0,
            "ObjectMeta": {
                "SourceID": 75,
                "SubType": "us_white_ground_rectangle_unknown",
                "Text": "",
                "OcrVersion": 10006
            }
        },
        {
            "ActorName": "TRAFFIC_SIGN 76",
            "ObjectId": 76,
            "BoundingBox3D Origin X": 31.69630618001247,
            "BoundingBox3D Origin Y": -4.958128222482628,
            "BoundingBox3D Origin Z": 3.69429016020149,
            "BoundingBox3D Extent X": 0.1,
            "BoundingBox3D Extent Y": 0.6871968100218089,
            "BoundingBox3D Extent Z": 0.273953078968039,
            "BoundingBox3D Orientation Quat W": 0.1577229070636497,
            "BoundingBox3D Orientation Quat X": -0.0024107960964708,
            "BoundingBox3D Orientation Quat Y": 0.0058466660706931,
            "BoundingBox3D Orientation Quat Z": 0.987463158373734,
            "ObjectType": "TRAFFIC_SIGN",
            "Occluded": {
                "F_MIDRANGECAM_C": 0.0002819216751959
            },
            "Truncated": 0,
            "ObjectMeta": {
                "SourceID": 76,
                "SubType": "us_white_ground_rectangle_unknown",
                "Text": "",
                "OcrVersion": 10006
            }
        },
        {
            "ActorName": "TRAFFIC_SIGN 77",
            "ObjectId": 77,
            "BoundingBox3D Origin X": 31.18310236134857,
            "BoundingBox3D Origin Y": -4.9549643998616375,
            "BoundingBox3D Origin Z": 3.3436031360179186,
            "BoundingBox3D Extent X": 0.0999999999999999,
            "BoundingBox3D Extent Y": 0.60407060371918,
            "BoundingBox3D Extent Z": 0.2037042366830296,
            "BoundingBox3D Orientation Quat W": 0.1969661554945506,
            "BoundingBox3D Orientation Quat X": -0.0026422995874046,
            "BoundingBox3D Orientation Quat Y": 0.0057460076479708,
            "BoundingBox3D Orientation Quat Z": 0.9803898894004858,
            "ObjectType": "TRAFFIC_SIGN",
            "Occluded": {
                "F_MIDRANGECAM_C": 0.3104792833328247
            },
            "Truncated": 0,
            "ObjectMeta": {
                "SourceID": 77,
                "SubType": "us_white_ground_rectangle_unknown",
                "Text": "",
                "OcrVersion": 10006
            }
        },
        {
            "ActorName": "TRAFFIC_SIGN 78",
            "ObjectId": 78,
            "BoundingBox3D Origin X": 97.2066141670839,
            "BoundingBox3D Origin Y": -4.376468560716603,
            "BoundingBox3D Origin Z": 2.9766178792342544,
            "BoundingBox3D Extent X": 0.1,
            "BoundingBox3D Extent Y": 0.3832816087039713,
            "BoundingBox3D Extent Z": 0.4357120768838613,
            "BoundingBox3D Orientation Quat W": 0.1049395408405591,
            "BoundingBox3D Orientation Quat X": -0.0020916512327926,
            "BoundingBox3D Orientation Quat Y": 0.0059672721017214,
            "BoundingBox3D Orientation Quat Z": 0.9944585006057104,
            "ObjectType": "TRAFFIC_SIGN",
            "Occluded": {
                "F_MIDRANGECAM_C": 0.9961143732070924
            },
            "Truncated": 0,
            "ObjectMeta": {
                "SourceID": 78,
                "SubType": "unknown",
                "Text": "",
                "OcrVersion": 10006
            }
        },
        {
            "ActorName": "TRAFFIC_SIGN 79",
            "ObjectId": 79,
            "BoundingBox3D Origin X": 106.99545109765312,
            "BoundingBox3D Origin Y": 23.14554763297201,
            "BoundingBox3D Origin Z": 6.184433713555336,
            "BoundingBox3D Extent X": 0.1,
            "BoundingBox3D Extent Y": 1.7107504098693462,
            "BoundingBox3D Extent Z": 0.6034869053535241,
            "BoundingBox3D Orientation Quat W": -0.3126941947969683,
            "BoundingBox3D Orientation Quat X": 0.0005444122814964,
            "BoundingBox3D Orientation Quat Y": 0.006300565772445,
            "BoundingBox3D Orientation Quat Z": 0.9498327995107828,
            "ObjectType": "TRAFFIC_SIGN",
            "Occluded": {
                "F_MIDRANGECAM_C": 0.9910805821418762
            },
            "Truncated": 0,
            "ObjectMeta": {
                "SourceID": 79,
                "SubType": "unknown",
                "Text": "",
                "OcrVersion": 10006
            }
        },
        {
            "ActorName": "TRAFFIC_SIGN 80",
            "ObjectId": 80,
            "BoundingBox3D Origin X": 144.7494350920606,
            "BoundingBox3D Origin Y": 9.327106552111218,
            "BoundingBox3D Origin Z": 7.195943055674434,
            "BoundingBox3D Extent X": 0.0999999999999999,
            "BoundingBox3D Extent Y": 0.9914366721812164,
            "BoundingBox3D Extent Z": 1.020302161968541,
            "BoundingBox3D Orientation Quat W": -0.1139464323445224,
            "BoundingBox3D Orientation Quat X": -0.0007402312261461,
            "BoundingBox3D Orientation Quat Y": 0.0062794142605591,
            "BoundingBox3D Orientation Quat Z": 0.9934667742658692,
            "ObjectType": "TRAFFIC_SIGN",
            "Occluded": {
                "F_MIDRANGECAM_C": 0.9987733960151672
            },
            "Truncated": 0,
            "ObjectMeta": {
                "SourceID": 80,
                "SubType": "us_white_ground_rectangle_unknown",
                "Text": "Lt.",
                "OcrVersion": 10006
            }
        },
        {
            "ActorName": "TRAFFIC_SIGN 81",
            "ObjectId": 81,
            "BoundingBox3D Origin X": 145.88489774573463,
            "BoundingBox3D Origin Y": -4.776268995003193,
            "BoundingBox3D Origin Z": 5.600793544203043,
            "BoundingBox3D Extent X": 0.1,
            "BoundingBox3D Extent Y": 0.7463736033616835,
            "BoundingBox3D Extent Z": 0.983651782538956,
            "BoundingBox3D Orientation Quat W": 0.0710647630895604,