{
    "CapturedObjects": [
        {
            "ActorName": "TRAFFIC_SIGN 71",
            "ObjectId": 71,
            "BoundingBox3D Origin X": 25.13322131071618,
            "BoundingBox3D Origin Y": -6.88145023220568,
            "BoundingBox3D Origin Z": 1.207075638696551,
            "BoundingBox3D Extent X": 0.1,
            "BoundingBox3D Extent Y": 0.4031856189935762,
            "BoundingBox3D Extent Z": 0.4997455218914134,
            "BoundingBox3D Orientation Quat W": 0.1123752675033893,
            "BoundingBox3D Orientation Quat X": 0.0032464624058391,
            "BoundingBox3D Orientation Quat Y": 0.0110716925437691,
            "BoundingBox3D Orientation Quat Z": 0.9935988513276396,
            "ObjectType": "TRAFFIC_SIGN",
            "Occluded": {
                "F_MIDRANGECAM_C": 3.873599041526177e-07
            },
            "Truncated": 0,
            "ObjectMeta": {
                "SourceID": 71,
                "SubType": "unknown",
                "Text": "",
                "OcrVersion": 10006
            }
        },
        {
            "ActorName": "TRAFFIC_SIGN 72",
            "ObjectId": 72,
            "BoundingBox3D Origin X": 27.046436309952696,
            "BoundingBox3D Origin Y": -7.421273734042188,
            "BoundingBox3D Origin Z": 1.7443208107724786,
            "BoundingBox3D Extent X": 0.1,
            "BoundingBox3D Extent Y": 0.9388444663395614,
            "BoundingBox3D Extent Z": 0.3092811740232059,
            "BoundingBox3D Orientation Quat W": 0.284247805787307,
            "BoundingBox3D Orientation Quat X": 0.0012622520652821,
            "BoundingBox3D Orientation Quat Y": 0.0114684723107547,
            "BoundingBox3D Orientation Quat Z": 0.95868142037263,
            "ObjectType": "TRAFFIC_SIGN",
            "Occluded": {
                "F_MIDRANGECAM_C": 0.001213775249198
            },
            "Truncated": 0,
            "ObjectMeta": {
                "SourceID": 72,
                "SubType": "us_yellow_ground_rectangle_unknown",
                "Text": "Chock and Shol Chun",
                "OcrVersion": 10006
            }
        },
        {
            "ActorName": "TRAFFIC_SIGN 73",
            "ObjectId": 73,
            "BoundingBox3D Origin X": 39.64164964509109,
            "BoundingBox3D Origin Y": -5.200420265173307,
            "BoundingBox3D Origin Z": 2.6151474248617887,
            "BoundingBox3D Extent X": 0.1,
            "BoundingBox3D Extent Y": 0.3362411013069622,
            "BoundingBox3D Extent Z": 0.4807453413399092,
            "BoundingBox3D Orientation Quat W": 0.1611928329327701,
            "BoundingBox3D Orientation Quat X": 0.0026982118792325,
            "BoundingBox3D Orientation Quat Y": 0.0112184566903382,
            "BoundingBox3D Orientation Quat Z": 0.986855479030871,
            "ObjectType": "TRAFFIC_SIGN",
            "Occluded": {
                "F_MIDRANGECAM_C": 0.0223201289772987
            },
            "Truncated": 0,
            "ObjectMeta": {
                "SourceID": 73,
                "SubType": "us_white_ground_rectangle_unknown",
                "Text": "",
                "OcrVersion": 10006
            }
        },
        {
            "ActorName": "TRAFFIC_SIGN 74",
            "ObjectId": 74,
            "BoundingBox3D Origin X": 82.59842057421338,
            "BoundingBox3D Origin Y": -5.451122338825371,
            "BoundingBox3D Origin Z": 3.6012699408456683,
            "BoundingBox3D Extent X": 0.1,
            "BoundingBox3D Extent Y": 1.0443760949039496,
            "BoundingBox3D Extent Z": 0.9445654290099652,
            "BoundingBox3D Orientation Quat W": 0.0700815697060682,
            "BoundingBox3D Orientation Quat X": 0.0037161026751907,
            "BoundingBox3D Orientation Quat Y": 0.0109244488100778,
            "BoundingBox3D Orientation Quat Z": 0.9974745212719156,
            "ObjectType": "TRAFFIC_SIGN",
            "Occluded": {
                "F_MIDRANGECAM_C": 0.1562961190938949
            },
            "Truncated": 0,
            "ObjectMeta": {
                "SourceID": 74,
                "SubType": "us_white_ground_rectangle_unknown",
                "Text": "Ho",
                "OcrVersion": 10006
            }
        },
        {
            "ActorName": "TRAFFIC_SIGN 75",
            "ObjectId": 75,
            "BoundingBox3D Origin X": 72.35569437724916,
            "BoundingBox3D Origin Y": 12.276487575640203,
            "BoundingBox3D Origin Z": 0.4165118467062711,
            "BoundingBox3D Extent X": 0.1,
            "BoundingBox3D Extent Y": 0.9246897276089624,
            "BoundingBox3D Extent Z": 0.4851001072257914,
            "BoundingBox3D Orientation Quat W": -0.3103044559245806,
            "BoundingBox3D Orientation Quat X": 0.0075523335659705,
            "BoundingBox3D Orientation Quat Y": 0.0087243134959921,
            "BoundingBox3D Orientation Quat Z": 0.9505671955443666,
            "ObjectType": "TRAFFIC_SIGN",
            "Occluded": {
                "F_MIDRANGECAM_C": 0.9996256828308104
            },
            "Truncated": 0,
            "ObjectMeta": {
                "SourceID": 75,
                "SubType": "us_white_ground_rectangle_unknown",
                "Text": "",
                "OcrVersion": 10006
            }
        },
        {
            "ActorName": "TRAFFIC_SIGN 76",
            "ObjectId": 76,
            "BoundingBox3D Origin X": 82.54513181431685,
            "BoundingBox3D Origin Y": -5.465497765340842,
            "BoundingBox3D Origin Z": 2.911981452256441,
            "BoundingBox3D Extent X": 0.1,
            "BoundingBox3D Extent Y": 0.6871968100218089,
            "BoundingBox3D Extent Z": 0.273953078968039,
            "BoundingBox3D Orientation Quat W": 0.1635848764796737,
            "BoundingBox3D Orientation Quat X": 0.0026744258914623,
            "BoundingBox3D Orientation Quat Y": 0.0112254766649313,
            "BoundingBox3D Orientation Quat Z": 0.9864617703220566,
            "ObjectType": "TRAFFIC_SIGN",
            "Occluded": {
                "F_MIDRANGECAM_C": 0.8779645562171936
            },
            "Truncated": 0,
            "ObjectMeta": {
                "SourceID": 76,
                "SubType": "us_white_ground_rectangle_unknown",
                "Text": "",
                "OcrVersion": 10006
            }
        },
        {
            "ActorName": "TRAFFIC_SIGN 77",
            "ObjectId": 77,
            "BoundingBox3D Origin X": 82.02792558795772,
            "BoundingBox3D Origin Y": -5.459292280807858,
            "BoundingBox3D Origin Z": 2.567264757119119,
            "BoundingBox3D Extent X": 0.0999999999999999,
            "BoundingBox3D Extent Y": 0.60407060371918,
            "BoundingBox3D Extent Z": 0.2037042366830296,
            "BoundingBox3D Orientation Quat W": 0.202783538360082,
            "BoundingBox3D Orientation Quat X": 0.0022244424018201,
            "BoundingBox3D Orientation Quat Y": 0.0113231805427089,
            "BoundingBox3D Orientation Quat Z": 0.9791555923389108,
            "ObjectType": "TRAFFIC_SIGN",
            "Occluded": {
                "F_MIDRANGECAM_C": 0.9990850687026978
            },
            "Truncated": 0,
            "ObjectMeta": {
                "SourceID": 77,
                "SubType": "us_white_ground_rectangle_unknown",
                "Text": "",
                "OcrVersion": 10006
            }
        },
        {
            "ActorName": "TRAFFIC_SIGN 78",
            "ObjectId": 78,
            "BoundingBox3D Origin X": 148.04517475248576,
            "BoundingBox3D Origin Y": -5.67849447770277,
            "BoundingBox3D Origin Z": 1.4282895708456635,
            "BoundingBox3D Extent X": 0.1,
            "BoundingBox3D Extent Y": 0.3832816087039713,
            "BoundingBox3D Extent Z": 0.4357120768838613,
            "BoundingBox3D Orientation Quat W": 0.1108466054028082,