{
    "CapturedObjects": [
        {
            "ActorName": "TRAFFIC_SIGN 74",
            "ObjectId": 74,
            "BoundingBox3D Origin X": 40.76319892549964,
            "BoundingBox3D Origin Y": -4.73647106741555,
            "BoundingBox3D Origin Z": 4.237294650636613,
            "BoundingBox3D Extent X": 0.1,
            "BoundingBox3D Extent Y": 1.0443760949039496,
            "BoundingBox3D Extent Z": 0.9445654290099652,
            "BoundingBox3D Orientation Quat W": 0.0621294741821313,
            "BoundingBox3D Orientation Quat X": 0.0001104334291283,
            "BoundingBox3D Orientation Quat Y": 0.0072706096657777,
            "BoundingBox3D Orientation Quat Z": 0.9980416095922042,
            "ObjectType": "TRAFFIC_SIGN",
            "Occluded": {
                "F_MIDRANGECAM_C": 3.721714529092424e-05
            },
            "Truncated": 0,
            "ObjectMeta": {
                "SourceID": 74,
                "SubType": "us_white_ground_rectangle_unknown",
                "Text": "Ho",
                "OcrVersion": 10006
            }
        },
        {
            "ActorName": "TRAFFIC_SIGN 75",
            "ObjectId": 75,
            "BoundingBox3D Origin X": 30.26187142434628,
            "BoundingBox3D Origin Y": 12.84689314501884,
            "BoundingBox3D Origin Z": 1.0953465197235346,
            "BoundingBox3D Extent X": 0.1,
            "BoundingBox3D Extent Y": 0.9246897276089624,
            "BoundingBox3D Extent Z": 0.4851001072257914,
            "BoundingBox3D Orientation Quat W": -0.3178866817766985,
            "BoundingBox3D Orientation Quat X": 0.0028376784891843,
            "BoundingBox3D Orientation Quat Y": 0.0066958408258537,
            "BoundingBox3D Orientation Quat Z": 0.9481008231435236,
            "ObjectType": "TRAFFIC_SIGN",
            "Occluded": {
                "F_MIDRANGECAM_C": 0.6785730123519897
            },
            "Truncated": 0,
            "ObjectMeta": {
                "SourceID": 75,
                "SubType": "us_white_ground_rectangle_unknown",
                "Text": "",
                "OcrVersion": 10006
            }
        },
        {
            "ActorName": "TRAFFIC_SIGN 76",
            "ObjectId": 76,
            "BoundingBox3D Origin X": 40.71530581409661,
            "BoundingBox3D Origin Y": -4.746928718246636,
            "BoundingBox3D Origin Z": 3.5475396402180195,
            "BoundingBox3D Extent X": 0.1,
            "BoundingBox3D Extent Y": 0.6871968100218089,
            "BoundingBox3D Extent Z": 0.273953078968039,
            "BoundingBox3D Orientation Quat W": 0.1557213645153762,
            "BoundingBox3D Orientation Quat X": -0.000571843401775,
            "BoundingBox3D Orientation Quat Y": 0.0072486832566901,
            "BoundingBox3D Orientation Quat Z": 0.98777425873508,
            "ObjectType": "TRAFFIC_SIGN",
            "Occluded": {
                "F_MIDRANGECAM_C": 0.0563119128346443
            },
            "Truncated": 0,
            "ObjectMeta": {
                "SourceID": 76,
                "SubType": "us_white_ground_rectangle_unknown",
                "Text": "",
                "OcrVersion": 10006
            }
        },
        {
            "ActorName": "TRAFFIC_SIGN 77",
            "ObjectId": 77,
            "BoundingBox3D Origin X": 40.20066137616686,
            "BoundingBox3D Origin Y": -4.746599518111907,
            "BoundingBox3D Origin Z": 3.198957923799753,
            "BoundingBox3D Extent X": 0.0999999999999999,
            "BoundingBox3D Extent Y": 0.60407060371918,
            "BoundingBox3D Extent Z": 0.2037042366830296,
            "BoundingBox3D Orientation Quat W": 0.1949785738781149,
            "BoundingBox3D Orientation Quat X": -0.0008607979873132,
            "BoundingBox3D Orientation Quat Y": 0.0072201242569408,
            "BoundingBox3D Orientation Quat Z": 0.9807805486249186,
            "ObjectType": "TRAFFIC_SIGN",
            "Occluded": {
                "F_MIDRANGECAM_C": 0.9952698349952698
            },
            "Truncated": 0,
            "ObjectMeta": {
                "SourceID": 77,
                "SubType": "us_white_ground_rectangle_unknown",
                "Text": "",
                "OcrVersion": 10006
            }
        },
        {
            "ActorName": "TRAFFIC_SIGN 78",
            "ObjectId": 78,
            "BoundingBox3D Origin X": 106.219443605356,
            "BoundingBox3D Origin Y": -3.903683338605333,
            "BoundingBox3D Origin Z": 2.559535124339164,
            "BoundingBox3D Extent X": 0.1,
            "BoundingBox3D Extent Y": 0.3832816087039713,
            "BoundingBox3D Extent Z": 0.4357120768838613,
            "BoundingBox3D Orientation Quat W": 0.1029243787418893,
            "BoundingBox3D Orientation Quat X": -0.000180571338435,
            "BoundingBox3D Orientation Quat Y": 0.0072695751812791,
            "BoundingBox3D Orientation Quat Z": 0.9946626025599188,
            "ObjectType": "TRAFFIC_SIGN",
            "Occluded": {
                "F_MIDRANGECAM_C": 0.994307816028595
            },
            "Truncated": 0,
            "ObjectMeta": {
                "SourceID": 78,
                "SubType": "unknown",
                "Text": "",
                "OcrVersion": 10006
            }
        },
        {
            "ActorName": "TRAFFIC_SIGN 79",
            "ObjectId": 79,
            "BoundingBox3D Origin X": 115.91055954123205,
            "BoundingBox3D Origin Y": 23.664398687629728,
            "BoundingBox3D Origin Z": 5.666859157383442,
            "BoundingBox3D Extent X": 0.1,
            "BoundingBox3D Extent Y": 1.7107504098693462,
            "BoundingBox3D Extent Z": 0.6034869053535241,
            "BoundingBox3D Orientation Quat W": -0.3146134945920666,
            "BoundingBox3D Orientation Quat X": 0.0028218502735109,
            "BoundingBox3D Orientation Quat Y": 0.0067044958973805,
            "BoundingBox3D Orientation Quat Z": 0.949191991072598,
            "ObjectType": "TRAFFIC_SIGN",
            "Occluded": {
                "F_MIDRANGECAM_C": 0.9984083771705629
            },
            "Truncated": 0,
            "ObjectMeta": {
                "SourceID": 79,
                "SubType": "unknown",
                "Text": "",
                "OcrVersion": 10006
            }
        },
        {
            "ActorName": "TRAFFIC_SIGN 80",
            "ObjectId": 80,
            "BoundingBox3D Origin X": 153.7237545551643,
            "BoundingBox3D Origin Y": 10.000020893799956,
            "BoundingBox3D Origin Z": 6.553539410233498,
            "BoundingBox3D Extent X": 0.0999999999999999,
            "BoundingBox3D Extent Y": 0.9914366721812164,
            "BoundingBox3D Extent Z": 1.020302161968541,
            "BoundingBox3D Orientation Quat W": -0.1159568050694234,
            "BoundingBox3D Orientation Quat X": 0.0014086419712435,
            "BoundingBox3D Orientation Quat Y": 0.0071354124980014,
            "BoundingBox3D Orientation Quat Z": 0.9932276279757688,
            "ObjectType": "TRAFFIC_SIGN",
            "Occluded": {
                "F_MIDRANGECAM_C": 0.9872038960456848
            },
            "Truncated": 0,
            "ObjectMeta": {
                "SourceID": 80,
                "SubType": "us_white_ground_rectangle_unknown",
                "Text": "Lt.",
                "OcrVersion": 10006
            }
        },
        {
            "ActorName": "TRAFFIC_SIGN 81",
            "ObjectId": 81,
            "BoundingBox3D Origin X": 154.90940850613424,
            "BoundingBox3D Origin Y": -4.102140354792937,
            "BoundingBox3D Origin Z": 4.984618850052357,
            "BoundingBox3D Extent X": 0.1,
            "BoundingBox3D Extent Y": 0.7463736033616835,
            "BoundingBox3D Extent Z": 0.983651782538956,
            "BoundingBox3D Orientation Quat W": 0.0690439212364298,