{
    "CapturedObjects": [
        {
            "ActorName": "TRAFFIC_SIGN 74",
            "ObjectId": 74,
            "BoundingBox3D Origin X": 28.78429360048358,
            "BoundingBox3D Origin Y": -4.985857285013481,
            "BoundingBox3D Origin Z": 4.244901108555496,
            "BoundingBox3D Extent X": 0.1,
            "BoundingBox3D Extent Y": 1.0443760949039496,
            "BoundingBox3D Extent Z": 0.9445654290099652,
            "BoundingBox3D Orientation Quat W": 0.0642044353018892,
            "BoundingBox3D Orientation Quat X": 0.0004816855358229,
            "BoundingBox3D Orientation Quat Y": 0.0044720004860367,
            "BoundingBox3D Orientation Quat Z": 0.9979266304083996,
            "ObjectType": "TRAFFIC_SIGN",
            "Occluded": {
                "F_MIDRANGECAM_C": 9.68995550465479e-07
            },
            "Truncated": 0,
            "ObjectMeta": {
                "SourceID": 74,
                "SubType": "us_white_ground_rectangle_unknown",
                "Text": "Ho",
                "OcrVersion": 10006
            }
        },
        {
            "ActorName": "TRAFFIC_SIGN 75",
            "ObjectId": 75,
            "BoundingBox3D Origin X": 18.355321301285585,
            "BoundingBox3D Origin Y": 12.65841278724838,
            "BoundingBox3D Origin Z": 1.2059582453221085,
            "BoundingBox3D Extent X": 0.1,
            "BoundingBox3D Extent Y": 0.9246897276089624,
            "BoundingBox3D Extent Z": 0.4851001072257914,
            "BoundingBox3D Orientation Quat W": -0.3159200169115336,
            "BoundingBox3D Orientation Quat X": 0.0021282714304601,
            "BoundingBox3D Orientation Quat Y": 0.0039637214041022,
            "BoundingBox3D Orientation Quat Z": 0.948775158974962,
            "ObjectType": "TRAFFIC_SIGN",
            "Occluded": {
                "F_MIDRANGECAM_C": 2.518643668736331e-06
            },
            "Truncated": 0,
            "ObjectMeta": {
                "SourceID": 75,
                "SubType": "us_white_ground_rectangle_unknown",
                "Text": "",
                "OcrVersion": 10006
            }
        },
        {
            "ActorName": "TRAFFIC_SIGN 76",
            "ObjectId": 76,
            "BoundingBox3D Origin X": 28.73611655916284,
            "BoundingBox3D Origin Y": -4.992231649142923,
            "BoundingBox3D Origin Z": 3.555109791457653,
            "BoundingBox3D Extent X": 0.1,
            "BoundingBox3D Extent Y": 0.6871968100218089,
            "BoundingBox3D Extent Z": 0.273953078968039,
            "BoundingBox3D Orientation Quat W": 0.1577766738867529,
            "BoundingBox3D Orientation Quat X": 6.104192786588416e-05,
            "BoundingBox3D Orientation Quat Y": 0.0044971838130508,
            "BoundingBox3D Orientation Quat Z": 0.987464577991974,
            "ObjectType": "TRAFFIC_SIGN",
            "Occluded": {
                "F_MIDRANGECAM_C": 0.0014792523579671
            },
            "Truncated": 0,
            "ObjectMeta": {
                "SourceID": 76,
                "SubType": "us_white_ground_rectangle_unknown",
                "Text": "",
                "OcrVersion": 10006
            }
        },
        {
            "ActorName": "TRAFFIC_SIGN 77",
            "ObjectId": 77,
            "BoundingBox3D Origin X": 28.22135817849994,
            "BoundingBox3D Origin Y": -4.987798397283768,
            "BoundingBox3D Origin Z": 3.206726072356105,
            "BoundingBox3D Extent X": 0.0999999999999999,
            "BoundingBox3D Extent Y": 0.60407060371918,
            "BoundingBox3D Extent Z": 0.2037042366830296,
            "BoundingBox3D Orientation Quat W": 0.1970201146352044,
            "BoundingBox3D Orientation Quat X": -0.0001187109488954,
            "BoundingBox3D Orientation Quat Y": 0.0044959526637111,
            "BoundingBox3D Orientation Quat Z": 0.9803891302674094,
            "ObjectType": "TRAFFIC_SIGN",
            "Occluded": {
                "F_MIDRANGECAM_C": 0.9321129322052002
            },
            "Truncated": 0,
            "ObjectMeta": {
                "SourceID": 77,
                "SubType": "us_white_ground_rectangle_unknown",
                "Text": "",
                "OcrVersion": 10006
            }
        },
        {
            "ActorName": "TRAFFIC_SIGN 78",
            "ObjectId": 78,
            "BoundingBox3D Origin X": 94.24260588504694,
            "BoundingBox3D Origin Y": -4.41599670809228,
            "BoundingBox3D Origin Z": 2.547188544645905,
            "BoundingBox3D Extent X": 0.1,
            "BoundingBox3D Extent Y": 0.3832816087039713,
            "BoundingBox3D Extent Z": 0.4357120768838613,
            "BoundingBox3D Orientation Quat W": 0.1049930106787384,
            "BoundingBox3D Orientation Quat X": 0.0003049434083894,
            "BoundingBox3D Orientation Quat Y": 0.0044884021010306,
            "BoundingBox3D Orientation Quat Z": 0.9944627841024072,
            "ObjectType": "TRAFFIC_SIGN",
            "Occluded": {
                "F_MIDRANGECAM_C": 0.999527096748352
            },
            "Truncated": 0,
            "ObjectMeta": {
                "SourceID": 78,
                "SubType": "unknown",
                "Text": "",
                "OcrVersion": 10006
            }
        },
        {
            "ActorName": "TRAFFIC_SIGN 79",
            "ObjectId": 79,
            "BoundingBox3D Origin X": 104.04964263163492,
            "BoundingBox3D Origin Y": 23.09351496695308,
            "BoundingBox3D Origin Z": 5.806104785762727,
            "BoundingBox3D Extent X": 0.1,
            "BoundingBox3D Extent Y": 1.7107504098693462,
            "BoundingBox3D Extent Z": 0.6034869053535241,
            "BoundingBox3D Orientation Quat W": -0.312644556433194,
            "BoundingBox3D Orientation Quat X": 0.0021218800562121,
            "BoundingBox3D Orientation Quat Y": 0.0039699298108528,
            "BoundingBox3D Orientation Quat Z": 0.9498595257273652,
            "ObjectType": "TRAFFIC_SIGN",
            "Occluded": {
                "F_MIDRANGECAM_C": 0.9991512298583984
            },
            "Truncated": 0,
            "ObjectMeta": {
                "SourceID": 79,
                "SubType": "unknown",
                "Text": "",
                "OcrVersion": 10006
            }
        },
        {
            "ActorName": "TRAFFIC_SIGN 80",
            "ObjectId": 80,
            "BoundingBox3D Origin X": 141.805694827739,
            "BoundingBox3D Origin Y": 9.267183402400406,
            "BoundingBox3D Origin Z": 6.601579186506569,
            "BoundingBox3D Extent X": 0.0999999999999999,
            "BoundingBox3D Extent Y": 0.9914366721812164,
            "BoundingBox3D Extent Z": 1.020302161968541,
            "BoundingBox3D Orientation Quat W": -0.1138944456698582,
            "BoundingBox3D Orientation Quat X": 0.0012771695171561,
            "BoundingBox3D Orientation Quat Y": 0.0043156584514865,
            "BoundingBox3D Orientation Quat Z": 0.99348266173885,
            "ObjectType": "TRAFFIC_SIGN",
            "Occluded": {
                "F_MIDRANGECAM_C": 0.998798370361328
            },
            "Truncated": 0,
            "ObjectMeta": {
                "SourceID": 80,
                "SubType": "us_white_ground_rectangle_unknown",
                "Text": "Lt.",
                "OcrVersion": 10006
            }
        },
        {
            "ActorName": "TRAFFIC_SIGN 81",
            "ObjectId": 81,
            "BoundingBox3D Origin X": 142.93198104083967,
            "BoundingBox3D Origin Y": -4.830692833958892,
            "BoundingBox3D Origin Z": 4.952799295075238,
            "BoundingBox3D Extent X": 0.1,
            "BoundingBox3D Extent Y": 0.7463736033616835,
            "BoundingBox3D Extent Z": 0.983651782538956,
            "BoundingBox3D Orientation Quat W": 0.0711180308305172,
            "BoundingBox3D Orientation Quat X": 0.0004594086723728,