{
    "CapturedObjects": [
        {
            "ActorName": "TRAFFIC_SIGN 71",
            "ObjectId": 71,
            "BoundingBox3D Origin X": 26.541299635377072,
            "BoundingBox3D Origin Y": -6.884645881567849,
            "BoundingBox3D Origin Z": 1.262957401573658,
            "BoundingBox3D Extent X": 0.1,
            "BoundingBox3D Extent Y": 0.4031856189935762,
            "BoundingBox3D Extent Z": 0.4997455218914134,
            "BoundingBox3D Orientation Quat W": 0.1126091914334532,
            "BoundingBox3D Orientation Quat X": 0.0019003918833861,
            "BoundingBox3D Orientation Quat Y": 0.011097075862297,
            "BoundingBox3D Orientation Quat Z": 0.9935755700613316,
            "ObjectType": "TRAFFIC_SIGN",
            "Occluded": {
                "F_MIDRANGECAM_C": 9.038937065497521e-08
            },
            "Truncated": 0,
            "ObjectMeta": {
                "SourceID": 71,
                "SubType": "unknown",
                "Text": "",
                "OcrVersion": 10006
            }
        },
        {
            "ActorName": "TRAFFIC_SIGN 72",
            "ObjectId": 72,
            "BoundingBox3D Origin X": 28.452819775804528,
            "BoundingBox3D Origin Y": -7.425115946301958,
            "BoundingBox3D Origin Z": 1.805509319528937,
            "BoundingBox3D Extent X": 0.1,
            "BoundingBox3D Extent Y": 0.9388444663395614,
            "BoundingBox3D Extent Z": 0.3092811740232059,
            "BoundingBox3D Orientation Quat W": 0.2844742252561518,
            "BoundingBox3D Orientation Quat X": -6.779395726154986e-05,
            "BoundingBox3D Orientation Quat Y": 0.0112581145324769,
            "BoundingBox3D Orientation Quat Z": 0.9586175803864988,
            "ObjectType": "TRAFFIC_SIGN",
            "Occluded": {
                "F_MIDRANGECAM_C": 1.6587784557486884e-05
            },
            "Truncated": 0,
            "ObjectMeta": {
                "SourceID": 72,
                "SubType": "us_yellow_ground_rectangle_unknown",
                "Text": "Chock and Shol Chun",
                "OcrVersion": 10006
            }
        },
        {
            "ActorName": "TRAFFIC_SIGN 73",
            "ObjectId": 73,
            "BoundingBox3D Origin X": 41.04651423108589,
            "BoundingBox3D Origin Y": -5.209478784381645,
            "BoundingBox3D Origin Z": 2.7092094188556075,
            "BoundingBox3D Extent X": 0.1,
            "BoundingBox3D Extent Y": 0.3362411013069622,
            "BoundingBox3D Extent Z": 0.4807453413399092,
            "BoundingBox3D Orientation Quat W": 0.1614254761560036,
            "BoundingBox3D Orientation Quat X": 0.0013524607444796,
            "BoundingBox3D Orientation Quat Y": 0.011177433153981,
            "BoundingBox3D Orientation Quat Z": 0.9868206784851192,
            "ObjectType": "TRAFFIC_SIGN",
            "Occluded": {
                "F_MIDRANGECAM_C": 0.0988939702510833
            },
            "Truncated": 0,
            "ObjectMeta": {
                "SourceID": 73,
                "SubType": "us_white_ground_rectangle_unknown",
                "Text": "",
                "OcrVersion": 10006
            }
        },
        {
            "ActorName": "TRAFFIC_SIGN 74",
            "ObjectId": 74,
            "BoundingBox3D Origin X": 84.0000153757428,
            "BoundingBox3D Origin Y": -5.478663399902871,
            "BoundingBox3D Origin Z": 3.810230268165469,
            "BoundingBox3D Extent X": 0.1,
            "BoundingBox3D Extent Y": 1.0443760949039496,
            "BoundingBox3D Extent Z": 0.9445654290099652,
            "BoundingBox3D Orientation Quat W": 0.0703160820102862,
            "BoundingBox3D Orientation Quat X": 0.0023723762043813,
            "BoundingBox3D Orientation Quat Y": 0.0110070209185373,
            "BoundingBox3D Orientation Quat Z": 0.997461210239459,
            "ObjectType": "TRAFFIC_SIGN",
            "Occluded": {
                "F_MIDRANGECAM_C": 0.5117902159690857
            },
            "Truncated": 0,
            "ObjectMeta": {
                "SourceID": 74,
                "SubType": "us_white_ground_rectangle_unknown",
                "Text": "Ho",
                "OcrVersion": 10006
            }
        },
        {
            "ActorName": "TRAFFIC_SIGN 75",
            "ObjectId": 75,
            "BoundingBox3D Origin X": 73.77362919075676,
            "BoundingBox3D Origin Y": 12.252270926866911,
            "BoundingBox3D Origin Z": 0.5917782802134752,
            "BoundingBox3D Extent X": 0.1,
            "BoundingBox3D Extent Y": 0.9246897276089624,
            "BoundingBox3D Extent Z": 0.4851001072257914,
            "BoundingBox3D Orientation Quat W": -0.3100849751939186,
            "BoundingBox3D Orientation Quat X": 0.006338570337802,
            "BoundingBox3D Orientation Quat Y": 0.0093068684484284,
            "BoundingBox3D Orientation Quat Z": 0.9506421581671752,
            "ObjectType": "TRAFFIC_SIGN",
            "Occluded": {
                "F_MIDRANGECAM_C": 0.995792031288147
            },
            "Truncated": 0,
            "ObjectMeta": {
                "SourceID": 75,
                "SubType": "us_white_ground_rectangle_unknown",
                "Text": "",
                "OcrVersion": 10006
            }
        },
        {
            "ActorName": "TRAFFIC_SIGN 76",
            "ObjectId": 76,
            "BoundingBox3D Origin X": 83.94856500428432,
            "BoundingBox3D Origin Y": -5.493260853923857,
            "BoundingBox3D Origin Z": 3.1208028439432383,
            "BoundingBox3D Extent X": 0.1,
            "BoundingBox3D Extent Y": 0.6871968100218089,
            "BoundingBox3D Extent Z": 0.273953078968039,
            "BoundingBox3D Orientation Quat W": 0.1638174412917772,
            "BoundingBox3D Orientation Quat X": 0.001328774860826,
            "BoundingBox3D Orientation Quat Y": 0.0111811874479986,
            "BoundingBox3D Orientation Quat Z": 0.9864264094869104,
            "ObjectType": "TRAFFIC_SIGN",
            "Occluded": {
                "F_MIDRANGECAM_C": 0.9718334674835204
            },
            "Truncated": 0,
            "ObjectMeta": {
                "SourceID": 76,
                "SubType": "us_white_ground_rectangle_unknown",
                "Text": "",
                "OcrVersion": 10006
            }
        },
        {
            "ActorName": "TRAFFIC_SIGN 77",
            "ObjectId": 77,
            "BoundingBox3D Origin X": 83.43228995155368,
            "BoundingBox3D Origin Y": -5.486951350496383,
            "BoundingBox3D Origin Z": 2.7747008306905627,
            "BoundingBox3D Extent X": 0.0999999999999999,
            "BoundingBox3D Extent Y": 0.60407060371918,
            "BoundingBox3D Extent Z": 0.2037042366830296,
            "BoundingBox3D Orientation Quat W": 0.2030145680864371,
            "BoundingBox3D Orientation Quat X": 0.0008815691755768,
            "BoundingBox3D Orientation Quat Y": 0.0112252402991138,
            "BoundingBox3D Orientation Quat Z": 0.9791109753039708,
            "ObjectType": "TRAFFIC_SIGN",
            "Occluded": {
                "F_MIDRANGECAM_C": 0.9986298084259032
            },
            "Truncated": 0,
            "ObjectMeta": {
                "SourceID": 77,
                "SubType": "us_white_ground_rectangle_unknown",
                "Text": "",
                "OcrVersion": 10006
            }
        },
        {
            "ActorName": "TRAFFIC_SIGN 78",
            "ObjectId": 78,
            "BoundingBox3D Origin X": 149.45168735164043,
            "BoundingBox3D Origin Y": -5.73550348894787,
            "BoundingBox3D Origin Z": 1.8122394122183323,
            "BoundingBox3D Extent X": 0.1,
            "BoundingBox3D Extent Y": 0.3832816087039713,
            "BoundingBox3D Extent Z": 0.4357120768838613,
            "BoundingBox3D Orientation Quat W": 0.1110805621603102,