{
    "CapturedObjects": [
        {
            "ActorName": "TRAFFIC_SIGN 71",
            "ObjectId": 71,
            "BoundingBox3D Origin X": 25.838294144559768,
            "BoundingBox3D Origin Y": -6.885513848246774,
            "BoundingBox3D Origin Z": 1.2264348939061165,
            "BoundingBox3D Extent X": 0.1,
            "BoundingBox3D Extent Y": 0.4031856189935762,
            "BoundingBox3D Extent Z": 0.4997455218914134,
            "BoundingBox3D Orientation Quat W": 0.1125455005950245,
            "BoundingBox3D Orientation Quat X": 0.0027180495617436,
            "BoundingBox3D Orientation Quat Y": 0.0110717598111746,
            "BoundingBox3D Orientation Quat Z": 0.9935811686203996,
            "ObjectType": "TRAFFIC_SIGN",
            "Occluded": {
                "F_MIDRANGECAM_C": 1.936731905516353e-06
            },
            "Truncated": 0,
            "ObjectMeta": {
                "SourceID": 71,
                "SubType": "unknown",
                "Text": "",
                "OcrVersion": 10006
            }
        },
        {
            "ActorName": "TRAFFIC_SIGN 72",
            "ObjectId": 72,
            "BoundingBox3D Origin X": 27.750749445302063,
            "BoundingBox3D Origin Y": -7.425901801732834,
            "BoundingBox3D Origin Z": 1.765756119042635,
            "BoundingBox3D Extent X": 0.1,
            "BoundingBox3D Extent Y": 0.9388444663395614,
            "BoundingBox3D Extent Z": 0.3092811740232059,
            "BoundingBox3D Orientation Quat W": 0.284413411435463,
            "BoundingBox3D Orientation Quat X": 0.0007411459641702,
            "BoundingBox3D Orientation Quat Y": 0.0113758784300337,
            "BoundingBox3D Orientation Quat Z": 0.958633950727934,
            "ObjectType": "TRAFFIC_SIGN",
            "Occluded": {
                "F_MIDRANGECAM_C": 0.0002127994521288
            },
            "Truncated": 0,
            "ObjectMeta": {
                "SourceID": 72,
                "SubType": "us_yellow_ground_rectangle_unknown",
                "Text": "Chock and Shol Chun",
                "OcrVersion": 10006
            }
        },
        {
            "ActorName": "TRAFFIC_SIGN 73",
            "ObjectId": 73,
            "BoundingBox3D Origin X": 40.34570068001631,
            "BoundingBox3D Origin Y": -5.209089408832369,
            "BoundingBox3D Origin Z": 2.649512870237232,
            "BoundingBox3D Extent X": 0.1,
            "BoundingBox3D Extent Y": 0.3362411013069622,
            "BoundingBox3D Extent Z": 0.4807453413399092,
            "BoundingBox3D Orientation Quat W": 0.1613623145002358,
            "BoundingBox3D Orientation Quat X": 0.0021702199166395,
            "BoundingBox3D Orientation Quat Y": 0.0111923654907956,
            "BoundingBox3D Orientation Quat Z": 0.9868293796596048,
            "ObjectType": "TRAFFIC_SIGN",
            "Occluded": {
                "F_MIDRANGECAM_C": 0.1126627400517463
            },
            "Truncated": 0,
            "ObjectMeta": {
                "SourceID": 73,
                "SubType": "us_white_ground_rectangle_unknown",
                "Text": "",
                "OcrVersion": 10006
            }
        },
        {
            "ActorName": "TRAFFIC_SIGN 74",
            "ObjectId": 74,
            "BoundingBox3D Origin X": 83.30107001058059,
            "BoundingBox3D Origin Y": -5.473812151234597,
            "BoundingBox3D Origin Z": 3.6807260466739535,
            "BoundingBox3D Extent X": 0.1,
            "BoundingBox3D Extent Y": 1.0443760949039496,
            "BoundingBox3D Extent Z": 0.9445654290099652,
            "BoundingBox3D Orientation Quat W": 0.0702521226210162,
            "BoundingBox3D Orientation Quat X": 0.0031883462720218,
            "BoundingBox3D Orientation Quat Y": 0.0109470769506608,
            "BoundingBox3D Orientation Quat Z": 0.9974641022219936,
            "ObjectType": "TRAFFIC_SIGN",
            "Occluded": {
                "F_MIDRANGECAM_C": 0.7508653998374939
            },
            "Truncated": 0,
            "ObjectMeta": {
                "SourceID": 74,
                "SubType": "us_white_ground_rectangle_unknown",
                "Text": "Ho",
                "OcrVersion": 10006
            }
        },
        {
            "ActorName": "TRAFFIC_SIGN 75",
            "ObjectId": 75,
            "BoundingBox3D Origin X": 73.06767503094306,
            "BoundingBox3D Origin Y": 12.256777790375054,
            "BoundingBox3D Origin Z": 0.4829679597169161,
            "BoundingBox3D Extent X": 0.1,
            "BoundingBox3D Extent Y": 0.9246897276089624,
            "BoundingBox3D Extent Z": 0.4851001072257914,
            "BoundingBox3D Orientation Quat W": -0.3101435787033559,
            "BoundingBox3D Orientation Quat X": 0.0070726790082925,
            "BoundingBox3D Orientation Quat Y": 0.0089453599074186,
            "BoundingBox3D Orientation Quat Z": 0.950621332780223,
            "ObjectType": "TRAFFIC_SIGN",
            "Occluded": {
                "F_MIDRANGECAM_C": 0.997536301612854
            },
            "Truncated": 0,
            "ObjectMeta": {
                "SourceID": 75,
                "SubType": "us_white_ground_rectangle_unknown",
                "Text": "",
                "OcrVersion": 10006
            }
        },
        {
            "ActorName": "TRAFFIC_SIGN 76",
            "ObjectId": 76,
            "BoundingBox3D Origin X": 83.24850523268833,
            "BoundingBox3D Origin Y": -5.488253648567479,
            "BoundingBox3D Origin Z": 2.991382605396211,
            "BoundingBox3D Extent X": 0.1,
            "BoundingBox3D Extent Y": 0.6871968100218089,
            "BoundingBox3D Extent Z": 0.273953078968039,
            "BoundingBox3D Orientation Quat W": 0.1637543107677305,
            "BoundingBox3D Orientation Quat X": 0.0021464875445355,
            "BoundingBox3D Orientation Quat Y": 0.0111980999220182,
            "BoundingBox3D Orientation Quat Z": 0.9864352593324832,
            "ObjectType": "TRAFFIC_SIGN",
            "Occluded": {
                "F_MIDRANGECAM_C": 0.5048425793647766
            },
            "Truncated": 0,
            "ObjectMeta": {
                "SourceID": 76,
                "SubType": "us_white_ground_rectangle_unknown",
                "Text": "",
                "OcrVersion": 10006
            }
        },
        {
            "ActorName": "TRAFFIC_SIGN 77",
            "ObjectId": 77,
            "BoundingBox3D Origin X": 82.73166868336557,
            "BoundingBox3D Origin Y": -5.481919731508242,
            "BoundingBox3D Origin Z": 2.6461221780627966,
            "BoundingBox3D Extent X": 0.0999999999999999,
            "BoundingBox3D Extent Y": 0.60407060371918,
            "BoundingBox3D Extent Z": 0.2037042366830296,
            "BoundingBox3D Orientation Quat W": 0.202952039728153,
            "BoundingBox3D Orientation Quat X": 0.001697826349138,
            "BoundingBox3D Orientation Quat Y": 0.011274703547542,
            "BoundingBox3D Orientation Quat Z": 0.9791222947189924,
            "ObjectType": "TRAFFIC_SIGN",
            "Occluded": {
                "F_MIDRANGECAM_C": 0.9992982149124146
            },
            "Truncated": 0,
            "ObjectMeta": {
                "SourceID": 77,
                "SubType": "us_white_ground_rectangle_unknown",
                "Text": "",
                "OcrVersion": 10006
            }
        },
        {
            "ActorName": "TRAFFIC_SIGN 78",
            "ObjectId": 78,
            "BoundingBox3D Origin X": 148.74962429147126,
            "BoundingBox3D Origin Y": -5.722991372924298,
            "BoundingBox3D Origin Z": 1.5764191560447216,
            "BoundingBox3D Extent X": 0.1,
            "BoundingBox3D Extent Y": 0.3832816087039713,
            "BoundingBox3D Extent Z": 0.4357120768838613,
            "BoundingBox3D Orientation Quat W": 0.1110168564831534,