{
    "CapturedObjects": [
        {
            "ActorName": "TRAFFIC_SIGN 74",
            "ObjectId": 74,
            "BoundingBox3D Origin X": 5.68110691257607,
            "BoundingBox3D Origin Y": -5.047250796822482,
            "BoundingBox3D Origin Z": 4.365037544630468,
            "BoundingBox3D Extent X": 0.1,
            "BoundingBox3D Extent Y": 1.0443760949039496,
            "BoundingBox3D Extent Z": 0.9445654290099652,
            "BoundingBox3D Orientation Quat W": 0.0618872758893534,
            "BoundingBox3D Orientation Quat X": -0.0048765511731089,
            "BoundingBox3D Orientation Quat Y": 0.0081081221208062,
            "BoundingBox3D Orientation Quat Z": 0.998038297204734,
            "ObjectType": "TRAFFIC_SIGN",
            "Occluded": {
                "F_MIDRANGECAM_C": 0.1918573528528213
            },
            "Truncated": 0,
            "ObjectMeta": {
                "SourceID": 74,
                "SubType": "us_white_ground_rectangle_unknown",
                "Text": "Ho",
                "OcrVersion": 10006
            }
        },
        {
            "ActorName": "TRAFFIC_SIGN 76",
            "ObjectId": 76,
            "BoundingBox3D Origin X": 5.640011734663858,
            "BoundingBox3D Origin Y": -5.059313967445632,
            "BoundingBox3D Origin Z": 3.674866323359311,
            "BoundingBox3D Extent X": 0.1,
            "BoundingBox3D Extent Y": 0.6871968100218089,
            "BoundingBox3D Extent Z": 0.273953078968039,
            "BoundingBox3D Orientation Quat W": 0.1554800701201036,
            "BoundingBox3D Orientation Quat X": -0.0056149566394248,
            "BoundingBox3D Orientation Quat Y": 0.0076136681751778,
            "BoundingBox3D Orientation Quat Z": 0.987793729537854,
            "ObjectType": "TRAFFIC_SIGN",
            "Occluded": {
                "F_MIDRANGECAM_C": 0.9933075308799744
            },
            "Truncated": 0,
            "ObjectMeta": {
                "SourceID": 76,
                "SubType": "us_white_ground_rectangle_unknown",
                "Text": "",
                "OcrVersion": 10006
            }
        },
        {
            "ActorName": "TRAFFIC_SIGN 77",
            "ObjectId": 77,
            "BoundingBox3D Origin X": 5.128821606085694,
            "BoundingBox3D Origin Y": -5.060074178065406,
            "BoundingBox3D Origin Z": 3.3212303053587675,
            "BoundingBox3D Extent X": 0.0999999999999999,
            "BoundingBox3D Extent Y": 0.60407060371918,
            "BoundingBox3D Extent Z": 0.2037042366830296,
            "BoundingBox3D Orientation Quat W": 0.1947384072023299,
            "BoundingBox3D Orientation Quat X": -0.0059142110251798,
            "BoundingBox3D Orientation Quat Y": 0.0073837957509637,
            "BoundingBox3D Orientation Quat Z": 0.9808095913216576,
            "ObjectType": "TRAFFIC_SIGN",
            "Occluded": {
                "F_MIDRANGECAM_C": 0.6577386856079102
            },
            "Truncated": 0,
            "ObjectMeta": {
                "SourceID": 77,
                "SubType": "us_white_ground_rectangle_unknown",
                "Text": "",
                "OcrVersion": 10006
            }
        },
        {
            "ActorName": "TRAFFIC_SIGN 78",
            "ObjectId": 78,
            "BoundingBox3D Origin X": 71.15050834362046,
            "BoundingBox3D Origin Y": -4.18119752300845,
            "BoundingBox3D Origin Z": 3.330236989073456,
            "BoundingBox3D Extent X": 0.1,
            "BoundingBox3D Extent Y": 0.3832816087039713,
            "BoundingBox3D Extent Z": 0.4357120768838613,
            "BoundingBox3D Orientation Quat W": 0.1026822762335406,
            "BoundingBox3D Orientation Quat X": -0.0051974261181718,
            "BoundingBox3D Orientation Quat Y": 0.0079023924760048,
            "BoundingBox3D Orientation Quat Z": 0.9946692360289424,
            "ObjectType": "TRAFFIC_SIGN",
            "Occluded": {
                "F_MIDRANGECAM_C": 0.9996786117553712
            },
            "Truncated": 0,
            "ObjectMeta": {
                "SourceID": 78,
                "SubType": "unknown",
                "Text": "",
                "OcrVersion": 10006
            }
        },
        {
            "ActorName": "TRAFFIC_SIGN 79",
            "ObjectId": 79,
            "BoundingBox3D Origin X": 80.79586383644346,
            "BoundingBox3D Origin Y": 23.39945123680809,
            "BoundingBox3D Origin Z": 6.469919613562524,
            "BoundingBox3D Extent X": 0.1,
            "BoundingBox3D Extent Y": 1.7107504098693462,
            "BoundingBox3D Extent Z": 0.6034869053535241,
            "BoundingBox3D Orientation Quat W": -0.3148346017377125,
            "BoundingBox3D Orientation Quat X": -0.0014942809424759,
            "BoundingBox3D Orientation Quat Y": 0.0093400369282341,
            "BoundingBox3D Orientation Quat Z": 0.9490994175444954,
            "ObjectType": "TRAFFIC_SIGN",
            "Occluded": {
                "F_MIDRANGECAM_C": 0.843559741973877
            },
            "Truncated": 0,
            "ObjectMeta": {
                "SourceID": 79,
                "SubType": "unknown",
                "Text": "",
                "OcrVersion": 10006
            }
        },
        {
            "ActorName": "TRAFFIC_SIGN 80",
            "ObjectId": 80,
            "BoundingBox3D Origin X": 118.60595201974502,
            "BoundingBox3D Origin Y": 9.75855667043652,
            "BoundingBox3D Origin Z": 7.760249895043671,
            "BoundingBox3D Extent X": 0.0999999999999999,
            "BoundingBox3D Extent Y": 0.9914366721812164,
            "BoundingBox3D Extent Z": 1.020302161968541,
            "BoundingBox3D Orientation Quat W": -0.1161938919681058,
            "BoundingBox3D Orientation Quat X": -0.0033514447734749,
            "BoundingBox3D Orientation Quat Y": 0.0088439023617652,
            "BoundingBox3D Orientation Quat Z": 0.9931815205078328,
            "ObjectType": "TRAFFIC_SIGN",
            "Occluded": {
                "F_MIDRANGECAM_C": 0.849181056022644
            },
            "Truncated": 0,
            "ObjectMeta": {
                "SourceID": 80,
                "SubType": "us_white_ground_rectangle_unknown",
                "Text": "Lt.",
                "OcrVersion": 10006
            }
        },
        {
            "ActorName": "TRAFFIC_SIGN 81",
            "ObjectId": 81,
            "BoundingBox3D Origin X": 119.81453794043772,
            "BoundingBox3D Origin Y": -4.346503445238341,
            "BoundingBox3D Origin Z": 6.235288398340344,
            "BoundingBox3D Extent X": 0.1,
            "BoundingBox3D Extent Y": 0.7463736033616835,
            "BoundingBox3D Extent Z": 0.983651782538956,
            "BoundingBox3D Orientation Quat W": 0.0688017175951782,
            "BoundingBox3D Orientation Quat X": -0.0049238656940145,
            "BoundingBox3D Orientation Quat Y": 0.0080748570434544,
            "BoundingBox3D Orientation Quat Z": 0.9975855230937888,
            "ObjectType": "TRAFFIC_SIGN",
            "Occluded": {
                "F_MIDRANGECAM_C": 0.7774838805198669
            },
            "Truncated": 0,
            "ObjectMeta": {
                "SourceID": 81,
                "SubType": "us_white_ground_rectangle_unknown",
                "Text": "A",
                "OcrVersion": 10006
            }
        },
        {
            "ActorName": "TRAFFIC_SIGN 82",
            "ObjectId": 82,
            "BoundingBox3D Origin X": 119.67943380134238,
            "BoundingBox3D Origin Y": -0.1604694212146569,
            "BoundingBox3D Origin Z": 7.220630349591374,
            "BoundingBox3D Extent X": 0.1,
            "BoundingBox3D Extent Y": 2.213188412608715,
            "BoundingBox3D Extent Z": 0.5427212993728956,
            "BoundingBox3D Orientation Quat W": 0.0116455223590414,
            "BoundingBox3D Orientation Quat X": -0.0044537976727967,