{
    "CapturedObjects": [
        {
            "ActorName": "TRAFFIC_SIGN 74",
            "ObjectId": 74,
            "BoundingBox3D Origin X": 9.973374540881196,
            "BoundingBox3D Origin Y": -5.076424152746768,
            "BoundingBox3D Origin Z": 4.199084892868996,
            "BoundingBox3D Extent X": 0.1,
            "BoundingBox3D Extent Y": 1.0443760949039496,
            "BoundingBox3D Extent Z": 0.9445654290099652,
            "BoundingBox3D Orientation Quat W": 0.0620783154730922,
            "BoundingBox3D Orientation Quat X": 0.0023859867063687,
            "BoundingBox3D Orientation Quat Y": 0.0023361387586227,
            "BoundingBox3D Orientation Quat Z": 0.9980656953683764,
            "ObjectType": "TRAFFIC_SIGN",
            "Occluded": {
                "F_MIDRANGECAM_C": 4.688230546889827e-06
            },
            "Truncated": 0,
            "ObjectMeta": {
                "SourceID": 74,
                "SubType": "us_white_ground_rectangle_unknown",
                "Text": "Ho",
                "OcrVersion": 10006
            }
        },
        {
            "ActorName": "TRAFFIC_SIGN 76",
            "ObjectId": 76,
            "BoundingBox3D Origin X": 9.922772012101632,
            "BoundingBox3D Origin Y": -5.079896769060724,
            "BoundingBox3D Origin Z": 3.5094498805701733,
            "BoundingBox3D Extent X": 0.1,
            "BoundingBox3D Extent Y": 0.6871968100218089,
            "BoundingBox3D Extent Z": 0.273953078968039,
            "BoundingBox3D Orientation Quat W": 0.155673047291045,
            "BoundingBox3D Orientation Quat X": 0.0021579834351006,
            "BoundingBox3D Orientation Quat Y": 0.0025500261498855,
            "BoundingBox3D Orientation Quat Z": 0.9878029878580288,
            "ObjectType": "TRAFFIC_SIGN",
            "Occluded": {
                "F_MIDRANGECAM_C": 3.416061417738092e-06
            },
            "Truncated": 0,
            "ObjectMeta": {
                "SourceID": 76,
                "SubType": "us_white_ground_rectangle_unknown",
                "Text": "",
                "OcrVersion": 10006
            }
        },
        {
            "ActorName": "TRAFFIC_SIGN 77",
            "ObjectId": 77,
            "BoundingBox3D Origin X": 9.406764175128046,
            "BoundingBox3D Origin Y": -5.076082523984951,
            "BoundingBox3D Origin Z": 3.162912665866316,
            "BoundingBox3D Extent X": 0.0999999999999999,
            "BoundingBox3D Extent Y": 0.60407060371918,
            "BoundingBox3D Extent Z": 0.2037042366830296,
            "BoundingBox3D Orientation Quat W": 0.1949316442662923,
            "BoundingBox3D Orientation Quat X": 0.0020542890750828,
            "BoundingBox3D Orientation Quat Y": 0.0026339787566591,
            "BoundingBox3D Orientation Quat Z": 0.9808111419207808,
            "ObjectType": "TRAFFIC_SIGN",
            "Occluded": {
                "F_MIDRANGECAM_C": 0.0268975403159856
            },
            "Truncated": 0,
            "ObjectMeta": {
                "SourceID": 77,
                "SubType": "us_white_ground_rectangle_unknown",
                "Text": "",
                "OcrVersion": 10006
            }
        },
        {
            "ActorName": "TRAFFIC_SIGN 78",
            "ObjectId": 78,
            "BoundingBox3D Origin X": 75.4221732991391,
            "BoundingBox3D Origin Y": -4.220719727858523,
            "BoundingBox3D Origin Z": 2.2726837964728475,
            "BoundingBox3D Extent X": 0.1,
            "BoundingBox3D Extent Y": 0.3832816087039713,
            "BoundingBox3D Extent Z": 0.4357120768838613,
            "BoundingBox3D Orientation Quat W": 0.102874348021245,
            "BoundingBox3D Orientation Quat X": 0.0022951468066811,
            "BoundingBox3D Orientation Quat Y": 0.0024323427912773,
            "BoundingBox3D Orientation Quat Z": 0.994688737509823,
            "ObjectType": "TRAFFIC_SIGN",
            "Occluded": {
                "F_MIDRANGECAM_C": 0.9976192116737366
            },
            "Truncated": 0,
            "ObjectMeta": {
                "SourceID": 78,
                "SubType": "unknown",
                "Text": "",
                "OcrVersion": 10006
            }
        },
        {
            "ActorName": "TRAFFIC_SIGN 79",
            "ObjectId": 79,
            "BoundingBox3D Origin X": 85.12414473238823,
            "BoundingBox3D Origin Y": 23.315250132876827,
            "BoundingBox3D Origin Z": 5.621264597401023,
            "BoundingBox3D Extent X": 0.1,
            "BoundingBox3D Extent Y": 1.7107504098693462,
            "BoundingBox3D Extent Z": 0.6034869053535241,
            "BoundingBox3D Orientation Quat W": -0.3146692945204316,
            "BoundingBox3D Orientation Quat X": 0.0030916695843747,
            "BoundingBox3D Orientation Quat Y": 0.0012771704738345,
            "BoundingBox3D Orientation Quat Z": 0.949195472756152,
            "ObjectType": "TRAFFIC_SIGN",
            "Occluded": {
                "F_MIDRANGECAM_C": 0.7327033877372742
            },
            "Truncated": 0,
            "ObjectMeta": {
                "SourceID": 79,
                "SubType": "unknown",
                "Text": "",
                "OcrVersion": 10006
            }
        },
        {
            "ActorName": "TRAFFIC_SIGN 80",
            "ObjectId": 80,
            "BoundingBox3D Origin X": 122.94096470787554,
            "BoundingBox3D Origin Y": 9.646081502050947,
            "BoundingBox3D Origin Z": 6.220789907500148,
            "BoundingBox3D Extent X": 0.0999999999999999,
            "BoundingBox3D Extent Y": 0.9914366721812164,
            "BoundingBox3D Extent Z": 1.020302161968541,
            "BoundingBox3D Orientation Quat W": -0.1160115716952779,
            "BoundingBox3D Orientation Quat X": 0.0027719524616797,
            "BoundingBox3D Orientation Quat Y": 0.0018754667497493,
            "BoundingBox3D Orientation Quat Z": 0.9932422232954116,
            "ObjectType": "TRAFFIC_SIGN",
            "Occluded": {
                "F_MIDRANGECAM_C": 0.9826040863990784
            },
            "Truncated": 0,
            "ObjectMeta": {
                "SourceID": 80,
                "SubType": "us_white_ground_rectangle_unknown",
                "Text": "Lt.",
                "OcrVersion": 10006
            }
        },
        {
            "ActorName": "TRAFFIC_SIGN 81",
            "ObjectId": 81,
            "BoundingBox3D Origin X": 124.12107003865094,
            "BoundingBox3D Origin Y": -4.439302216615033,
            "BoundingBox3D Origin Z": 4.504319906234741,
            "BoundingBox3D Extent X": 0.1,
            "BoundingBox3D Extent Y": 0.7463736033616835,
            "BoundingBox3D Extent Z": 0.983651782538956,
            "BoundingBox3D Orientation Quat W": 0.0689929051799349,
            "BoundingBox3D Orientation Quat X": 0.0023784769551205,
            "BoundingBox3D Orientation Quat Y": 0.0023533123801816,
            "BoundingBox3D Orientation Quat Z": 0.9976115395298152,
            "ObjectType": "TRAFFIC_SIGN",
            "Occluded": {
                "F_MIDRANGECAM_C": 0.9993322491645812
            },
            "Truncated": 0,
            "ObjectMeta": {
                "SourceID": 81,
                "SubType": "us_white_ground_rectangle_unknown",
                "Text": "A",
                "OcrVersion": 10006
            }
        },
        {
            "ActorName": "TRAFFIC_SIGN 82",
            "ObjectId": 82,
            "BoundingBox3D Origin X": 124.00173255572736,
            "BoundingBox3D Origin Y": -0.2658060876492527,
            "BoundingBox3D Origin Z": 5.543322555720806,
            "BoundingBox3D Extent X": 0.1,
            "BoundingBox3D Extent Y": 2.213188412608715,
            "BoundingBox3D Extent Z": 0.5427212993728956,
            "BoundingBox3D Orientation Quat W": 0.0118347028184089,