{
    "CapturedObjects": [
        {
            "ActorName": "TRAFFIC_SIGN 71",
            "ObjectId": 71,
            "BoundingBox3D Origin X": 20.827026095365,
            "BoundingBox3D Origin Y": -6.877745596066234,
            "BoundingBox3D Origin Z": 1.235411887988448,
            "BoundingBox3D Extent X": 0.1,
            "BoundingBox3D Extent Y": 0.4031856189935762,
            "BoundingBox3D Extent Z": 0.4997455218914134,
            "BoundingBox3D Orientation Quat W": 0.1117387312015761,
            "BoundingBox3D Orientation Quat X": 0.0031808255435437,
            "BoundingBox3D Orientation Quat Y": 0.0104765180944613,
            "BoundingBox3D Orientation Quat Z": 0.9936773021796056,
            "ObjectType": "TRAFFIC_SIGN",
            "Occluded": {
                "F_MIDRANGECAM_C": 2.3179406127837865e-07
            },
            "Truncated": 0,
            "ObjectMeta": {
                "SourceID": 71,
                "SubType": "unknown",
                "Text": "",
                "OcrVersion": 10006
            }
        },
        {
            "ActorName": "TRAFFIC_SIGN 72",
            "ObjectId": 72,
            "BoundingBox3D Origin X": 22.740789056464564,
            "BoundingBox3D Origin Y": -7.415747923019808,
            "BoundingBox3D Origin Z": 1.7725100489333272,
            "BoundingBox3D Extent X": 0.1,
            "BoundingBox3D Extent Y": 0.9388444663395614,
            "BoundingBox3D Extent Z": 0.3092811740232059,
            "BoundingBox3D Orientation Quat W": 0.283634431121386,
            "BoundingBox3D Orientation Quat X": 0.0013014061998208,
            "BoundingBox3D Orientation Quat Y": 0.0108711501574918,
            "BoundingBox3D Orientation Quat Z": 0.9588699775874748,
            "ObjectType": "TRAFFIC_SIGN",
            "Occluded": {
                "F_MIDRANGECAM_C": 1.8503105820855128e-06
            },
            "Truncated": 0,
            "ObjectMeta": {
                "SourceID": 72,
                "SubType": "us_yellow_ground_rectangle_unknown",
                "Text": "Chock and Shol Chun",
                "OcrVersion": 10006
            }
        },
        {
            "ActorName": "TRAFFIC_SIGN 73",
            "ObjectId": 73,
            "BoundingBox3D Origin X": 35.33283254439448,
            "BoundingBox3D Origin Y": -5.179793080518721,
            "BoundingBox3D Origin Z": 2.649110429920256,
            "BoundingBox3D Extent X": 0.1,
            "BoundingBox3D Extent Y": 0.3362411013069622,
            "BoundingBox3D Extent Z": 0.4807453413399092,
            "BoundingBox3D Orientation Quat W": 0.1605609453311777,
            "BoundingBox3D Orientation Quat X": 0.0026619124713357,
            "BoundingBox3D Orientation Quat Y": 0.0106208114252429,
            "BoundingBox3D Orientation Quat Z": 0.9869651946350604,
            "ObjectType": "TRAFFIC_SIGN",
            "Occluded": {
                "F_MIDRANGECAM_C": 0.0252954717725515
            },
            "Truncated": 0,
            "ObjectMeta": {
                "SourceID": 73,
                "SubType": "us_white_ground_rectangle_unknown",
                "Text": "",
                "OcrVersion": 10006
            }
        },
        {
            "ActorName": "TRAFFIC_SIGN 74",
            "ObjectId": 74,
            "BoundingBox3D Origin X": 78.2893696216488,
            "BoundingBox3D Origin Y": -5.376638090616325,
            "BoundingBox3D Origin Z": 3.645746157504618,
            "BoundingBox3D Extent X": 0.1,
            "BoundingBox3D Extent Y": 1.0443760949039496,
            "BoundingBox3D Extent Z": 0.9445654290099652,
            "BoundingBox3D Orientation Quat W": 0.0694421956337441,
            "BoundingBox3D Orientation Quat X": 0.0036253115159982,
            "BoundingBox3D Orientation Quat Y": 0.0103325710150744,
            "BoundingBox3D Orientation Quat Z": 0.9975258776383672,
            "ObjectType": "TRAFFIC_SIGN",
            "Occluded": {
                "F_MIDRANGECAM_C": 0.7865588665008545
            },
            "Truncated": 0,
            "ObjectMeta": {
                "SourceID": 74,
                "SubType": "us_white_ground_rectangle_unknown",
                "Text": "Ho",
                "OcrVersion": 10006
            }
        },
        {
            "ActorName": "TRAFFIC_SIGN 75",
            "ObjectId": 75,
            "BoundingBox3D Origin X": 68.02466739121155,
            "BoundingBox3D Origin Y": 12.341538701744868,
            "BoundingBox3D Origin Z": 0.4791477201506495,
            "BoundingBox3D Extent X": 0.1,
            "BoundingBox3D Extent Y": 0.9246897276089624,
            "BoundingBox3D Extent Z": 0.4851001072257914,
            "BoundingBox3D Orientation Quat W": -0.3109187991435184,
            "BoundingBox3D Orientation Quat X": 0.007246120398579,
            "BoundingBox3D Orientation Quat Y": 0.0082100596933438,
            "BoundingBox3D Orientation Quat Z": 0.9503733945129954,
            "ObjectType": "TRAFFIC_SIGN",
            "Occluded": {
                "F_MIDRANGECAM_C": 0.9980054497718812
            },
            "Truncated": 0,
            "ObjectMeta": {
                "SourceID": 75,
                "SubType": "us_white_ground_rectangle_unknown",
                "Text": "",
                "OcrVersion": 10006
            }
        },
        {
            "ActorName": "TRAFFIC_SIGN 76",
            "ObjectId": 76,
            "BoundingBox3D Origin X": 78.23627140008466,
            "BoundingBox3D Origin Y": -5.390272535325494,
            "BoundingBox3D Origin Z": 2.956422111019492,
            "BoundingBox3D Extent X": 0.1,
            "BoundingBox3D Extent Y": 0.6871968100218089,
            "BoundingBox3D Extent Z": 0.273953078968039,
            "BoundingBox3D Orientation Quat W": 0.1629532531078301,
            "BoundingBox3D Orientation Quat X": 0.0026395721649398,
            "BoundingBox3D Orientation Quat Y": 0.0106277495940758,
            "BoundingBox3D Orientation Quat Z": 0.9865730185338168,
            "ObjectType": "TRAFFIC_SIGN",
            "Occluded": {
                "F_MIDRANGECAM_C": 0.975334107875824
            },
            "Truncated": 0,
            "ObjectMeta": {
                "SourceID": 76,
                "SubType": "us_white_ground_rectangle_unknown",
                "Text": "",
                "OcrVersion": 10006
            }
        },
        {
            "ActorName": "TRAFFIC_SIGN 77",
            "ObjectId": 77,
            "BoundingBox3D Origin X": 77.71914675868902,
            "BoundingBox3D Origin Y": -5.384324770697276,
            "BoundingBox3D Origin Z": 2.611579993739724,
            "BoundingBox3D Extent X": 0.0999999999999999,
            "BoundingBox3D Extent Y": 0.60407060371918,
            "BoundingBox3D Extent Z": 0.2037042366830296,
            "BoundingBox3D Orientation Quat W": 0.2021567955179337,
            "BoundingBox3D Orientation Quat X": 0.0022133993429502,
            "BoundingBox3D Orientation Quat Y": 0.010724578153647,
            "BoundingBox3D Orientation Quat Z": 0.979291945393556,
            "ObjectType": "TRAFFIC_SIGN",
            "Occluded": {
                "F_MIDRANGECAM_C": 0.9973908066749572
            },
            "Truncated": 0,
            "ObjectMeta": {
                "SourceID": 77,
                "SubType": "us_white_ground_rectangle_unknown",
                "Text": "",
                "OcrVersion": 10006
            }
        },
        {
            "ActorName": "TRAFFIC_SIGN 78",
            "ObjectId": 78,
            "BoundingBox3D Origin X": 143.73648346950358,
            "BoundingBox3D Origin Y": -5.517642132806941,
            "BoundingBox3D Origin Z": 1.488935793749988,
            "BoundingBox3D Extent X": 0.1,
            "BoundingBox3D Extent Y": 0.3832816087039713,
            "BoundingBox3D Extent Z": 0.4357120768838613,
            "BoundingBox3D Orientation Quat W": 0.1102099422297203,