{
    "CapturedObjects": [
        {
            "ActorName": "TRAFFIC_SIGN 71",
            "ObjectId": 71,
            "BoundingBox3D Origin X": 2.167540887843643,
            "BoundingBox3D Origin Y": -6.935983232528088,
            "BoundingBox3D Origin Z": 1.3650839431211352,
            "BoundingBox3D Extent X": 0.1,
            "BoundingBox3D Extent Y": 0.4031856189935762,
            "BoundingBox3D Extent Z": 0.4997455218914134,
            "BoundingBox3D Orientation Quat W": 0.1088484105486694,
            "BoundingBox3D Orientation Quat X": 0.0013271923278059,
            "BoundingBox3D Orientation Quat Y": 0.0076340733851574,
            "BoundingBox3D Orientation Quat Z": 0.994028160066456,
            "ObjectType": "TRAFFIC_SIGN",
            "Occluded": {
                "F_CTCAM_L": 0.0
            },
            "Truncated": 0,
            "ObjectMeta": {
                "SourceID": 71,
                "SubType": "unknown",
                "Text": "",
                "OcrVersion": 10006
            }
        },
        {
            "ActorName": "TRAFFIC_SIGN 72",
            "ObjectId": 72,
            "BoundingBox3D Origin X": 4.082121145747806,
            "BoundingBox3D Origin Y": -7.465639469883172,
            "BoundingBox3D Origin Z": 1.9075285866856573,
            "BoundingBox3D Extent X": 0.1,
            "BoundingBox3D Extent Y": 0.9388444663395614,
            "BoundingBox3D Extent Z": 0.3092811740232059,
            "BoundingBox3D Orientation Quat W": 0.2808504996244736,
            "BoundingBox3D Orientation Quat X": -2.695653523001447e-05,
            "BoundingBox3D Orientation Quat Y": 0.007748615384333,
            "BoundingBox3D Orientation Quat Z": 0.9597202483503484,
            "ObjectType": "TRAFFIC_SIGN",
            "Occluded": {
                "F_CTCAM_L": 0.0
            },
            "Truncated": 0,
            "ObjectMeta": {
                "SourceID": 72,
                "SubType": "us_yellow_ground_rectangle_unknown",
                "Text": "Chock and Shol Chun",
                "OcrVersion": 10006
            }
        },
        {
            "ActorName": "TRAFFIC_SIGN 73",
            "ObjectId": 73,
            "BoundingBox3D Origin X": 16.6570546119583,
            "BoundingBox3D Origin Y": -5.160944606788689,
            "BoundingBox3D Origin Z": 2.8496959479525685,
            "BoundingBox3D Extent X": 0.1,
            "BoundingBox3D Extent Y": 0.3362411013069622,
            "BoundingBox3D Extent Z": 0.4807453413399092,
            "BoundingBox3D Orientation Quat W": 0.1576915101115557,
            "BoundingBox3D Orientation Quat X": 0.0009506106547107,
            "BoundingBox3D Orientation Quat Y": 0.0076905147848547,
            "BoundingBox3D Orientation Quat Z": 0.9874580193408042,
            "ObjectType": "TRAFFIC_SIGN",
            "Occluded": {
                "F_MIDRANGECAM_C": 0.0001682648289715
            },
            "Truncated": 0,
            "ObjectMeta": {
                "SourceID": 73,
                "SubType": "us_white_ground_rectangle_unknown",
                "Text": "",
                "OcrVersion": 10006
            }
        },
        {
            "ActorName": "TRAFFIC_SIGN 74",
            "ObjectId": 74,
            "BoundingBox3D Origin X": 59.60943192637205,
            "BoundingBox3D Origin Y": -5.112522860246827,
            "BoundingBox3D Origin Z": 4.028988826088607,
            "BoundingBox3D Extent X": 0.1,
            "BoundingBox3D Extent Y": 1.0443760949039496,
            "BoundingBox3D Extent Z": 0.9445654290099652,
            "BoundingBox3D Orientation Quat W": 0.0665395618451702,
            "BoundingBox3D Orientation Quat X": 0.0016526170803488,
            "BoundingBox3D Orientation Quat Y": 0.0075713905071443,
            "BoundingBox3D Orientation Quat Z": 0.9977536918558744,
            "ObjectType": "TRAFFIC_SIGN",
            "Occluded": {
                "F_MIDRANGECAM_C": 7.54094480726053e-06
            },
            "Truncated": 0,
            "ObjectMeta": {
                "SourceID": 74,
                "SubType": "us_white_ground_rectangle_unknown",
                "Text": "Ho",
                "OcrVersion": 10006
            }
        },
        {
            "ActorName": "TRAFFIC_SIGN 75",
            "ObjectId": 75,
            "BoundingBox3D Origin X": 49.25484217751,
            "BoundingBox3D Origin Y": 12.561915025376948,
            "BoundingBox3D Origin Z": 0.9115778394043446,
            "BoundingBox3D Extent X": 0.1,
            "BoundingBox3D Extent Y": 0.9246897276089624,
            "BoundingBox3D Extent Z": 0.4851001072257914,
            "BoundingBox3D Orientation Quat W": -0.3136919440260722,
            "BoundingBox3D Orientation Quat X": 0.0043794503486655,
            "BoundingBox3D Orientation Quat Y": 0.0063935711173095,
            "BoundingBox3D Orientation Quat Z": 0.9494931842389154,
            "ObjectType": "TRAFFIC_SIGN",
            "Occluded": {
                "F_MIDRANGECAM_C": 0.8874658942222595
            },
            "Truncated": 0,
            "ObjectMeta": {
                "SourceID": 75,
                "SubType": "us_white_ground_rectangle_unknown",
                "Text": "",
                "OcrVersion": 10006
            }
        },
        {
            "ActorName": "TRAFFIC_SIGN 76",
            "ObjectId": 76,
            "BoundingBox3D Origin X": 59.55934092459211,
            "BoundingBox3D Origin Y": -5.122831737797242,
            "BoundingBox3D Origin Z": 3.339384514838457,
            "BoundingBox3D Extent X": 0.1,
            "BoundingBox3D Extent Y": 0.6871968100218089,
            "BoundingBox3D Extent Z": 0.273953078968039,
            "BoundingBox3D Orientation Quat W": 0.1600850197037229,
            "BoundingBox3D Orientation Quat X": 0.0009353798487108,
            "BoundingBox3D Orientation Quat Y": 0.0076933235468891,
            "BoundingBox3D Orientation Quat Z": 0.9870728059792752,
            "ObjectType": "TRAFFIC_SIGN",
            "Occluded": {
                "F_MIDRANGECAM_C": 0.9969237446784972
            },
            "Truncated": 0,
            "ObjectMeta": {
                "SourceID": 76,
                "SubType": "us_white_ground_rectangle_unknown",
                "Text": "",
                "OcrVersion": 10006
            }
        },
        {
            "ActorName": "TRAFFIC_SIGN 77",
            "ObjectId": 77,
            "BoundingBox3D Origin X": 59.04365836060242,
            "BoundingBox3D Origin Y": -5.118081610256922,
            "BoundingBox3D Origin Z": 2.992371174506843,
            "BoundingBox3D Extent X": 0.0999999999999999,
            "BoundingBox3D Extent Y": 0.60407060371918,
            "BoundingBox3D Extent Z": 0.2037042366830296,
            "BoundingBox3D Orientation Quat W": 0.199310899464576,
            "BoundingBox3D Orientation Quat X": 0.0006275830349546,
            "BoundingBox3D Orientation Quat Y": 0.0077245525587086,
            "BoundingBox3D Orientation Quat Z": 0.9799056601438342,
            "ObjectType": "TRAFFIC_SIGN",
            "Occluded": {
                "F_MIDRANGECAM_C": 0.9955620765686036
            },
            "Truncated": 0,
            "ObjectMeta": {
                "SourceID": 77,
                "SubType": "us_white_ground_rectangle_unknown",
                "Text": "",
                "OcrVersion": 10006
            }
        },
        {
            "ActorName": "TRAFFIC_SIGN 78",
            "ObjectId": 78,
            "BoundingBox3D Origin X": 125.06488048703612,
            "BoundingBox3D Origin Y": -4.860472502099583,
            "BoundingBox3D Origin Z": 2.1514008147642016,
            "BoundingBox3D Extent X": 0.1,
            "BoundingBox3D Extent Y": 0.3832816087039713,
            "BoundingBox3D Extent Z": 0.4357120768838613,
            "BoundingBox3D Orientation Quat W": 0.1073190622831515,
            "BoundingBox3D Orientation Quat X": 0.0013480807328695,