{
    "CapturedObjects": [
        {
            "ActorName": "TRAFFIC_SIGN 74",
            "ObjectId": 74,
            "BoundingBox3D Origin X": 6.384400035247381,
            "BoundingBox3D Origin Y": -5.047178665190586,
            "BoundingBox3D Origin Z": 4.3614869033917785,
            "BoundingBox3D Extent X": 0.1,
            "BoundingBox3D Extent Y": 1.0443760949039496,
            "BoundingBox3D Extent Z": 0.9445654290099652,
            "BoundingBox3D Orientation Quat W": 0.0619477818198024,
            "BoundingBox3D Orientation Quat X": -0.0050861560080153,
            "BoundingBox3D Orientation Quat Y": 0.0076039211681828,
            "BoundingBox3D Orientation Quat Z": 0.9980374660941024,
            "ObjectType": "TRAFFIC_SIGN",
            "Occluded": {
                "F_MIDRANGECAM_C": 0.7178343534469604
            },
            "Truncated": 0,
            "ObjectMeta": {
                "SourceID": 74,
                "SubType": "us_white_ground_rectangle_unknown",
                "Text": "Ho",
                "OcrVersion": 10006
            }
        },
        {
            "ActorName": "TRAFFIC_SIGN 76",
            "ObjectId": 76,
            "BoundingBox3D Origin X": 6.343638246398768,
            "BoundingBox3D Origin Y": -5.058560416742694,
            "BoundingBox3D Origin Z": 3.671283439733088,
            "BoundingBox3D Extent X": 0.1,
            "BoundingBox3D Extent Y": 0.6871968100218089,
            "BoundingBox3D Extent Z": 0.273953078968039,
            "BoundingBox3D Orientation Quat W": 0.1555409466940439,
            "BoundingBox3D Orientation Quat X": -0.0057764518084139,
            "BoundingBox3D Orientation Quat Y": 0.0070917608753513,
            "BoundingBox3D Orientation Quat Z": 0.9877870992444236,
            "ObjectType": "TRAFFIC_SIGN",
            "Occluded": {
                "F_MIDRANGECAM_C": 0.9991432428359984
            },
            "Truncated": 0,
            "ObjectMeta": {
                "SourceID": 76,
                "SubType": "us_white_ground_rectangle_unknown",
                "Text": "",
                "OcrVersion": 10006
            }
        },
        {
            "ActorName": "TRAFFIC_SIGN 77",
            "ObjectId": 77,
            "BoundingBox3D Origin X": 5.832622681213252,
            "BoundingBox3D Origin Y": -5.058916666632285,
            "BoundingBox3D Origin Z": 3.3174017211422324,
            "BoundingBox3D Extent X": 0.0999999999999999,
            "BoundingBox3D Extent Y": 0.60407060371918,
            "BoundingBox3D Extent Z": 0.2037042366830296,
            "BoundingBox3D Orientation Quat W": 0.1947992290528371,
            "BoundingBox3D Orientation Quat X": -0.0060548908587226,
            "BoundingBox3D Orientation Quat Y": 0.0068557933472336,
            "BoundingBox3D Orientation Quat Z": 0.9808004877418698,
            "ObjectType": "TRAFFIC_SIGN",
            "Occluded": {
                "F_MIDRANGECAM_C": 0.1403077393770218
            },
            "Truncated": 0,
            "ObjectMeta": {
                "SourceID": 77,
                "SubType": "us_white_ground_rectangle_unknown",
                "Text": "",
                "OcrVersion": 10006
            }
        },
        {
            "ActorName": "TRAFFIC_SIGN 78",
            "ObjectId": 78,
            "BoundingBox3D Origin X": 71.8539809651993,
            "BoundingBox3D Origin Y": -4.1874291846907,
            "BoundingBox3D Origin Z": 3.358851553872228,
            "BoundingBox3D Extent X": 0.1,
            "BoundingBox3D Extent Y": 0.3832816087039713,
            "BoundingBox3D Extent Z": 0.4357120768838613,
            "BoundingBox3D Orientation Quat W": 0.1027430227550791,
            "BoundingBox3D Orientation Quat X": -0.0053863196245887,
            "BoundingBox3D Orientation Quat Y": 0.0073899304235734,
            "BoundingBox3D Orientation Quat Z": 0.9946658975577608,
            "ObjectType": "TRAFFIC_SIGN",
            "Occluded": {
                "F_MIDRANGECAM_C": 0.9990125894546508
            },
            "Truncated": 0,
            "ObjectMeta": {
                "SourceID": 78,
                "SubType": "unknown",
                "Text": "",
                "OcrVersion": 10006
            }
        },
        {
            "ActorName": "TRAFFIC_SIGN 79",
            "ObjectId": 79,
            "BoundingBox3D Origin X": 81.50082951720833,
            "BoundingBox3D Origin Y": 23.389106466216617,
            "BoundingBox3D Origin Z": 6.530104496516287,
            "BoundingBox3D Extent X": 0.1,
            "BoundingBox3D Extent Y": 1.7107504098693462,
            "BoundingBox3D Extent Z": 0.6034869053535241,
            "BoundingBox3D Orientation Quat W": -0.3147805247960432,
            "BoundingBox3D Orientation Quat X": -0.001876404210365,
            "BoundingBox3D Orientation Quat Y": 0.0089515372728654,
            "BoundingBox3D Orientation Quat Z": 0.9491204192813576,
            "ObjectType": "TRAFFIC_SIGN",
            "Occluded": {
                "F_MIDRANGECAM_C": 0.1209129244089126
            },
            "Truncated": 0,
            "ObjectMeta": {
                "SourceID": 79,
                "SubType": "unknown",
                "Text": "",
                "OcrVersion": 10006
            }
        },
        {
            "ActorName": "TRAFFIC_SIGN 80",
            "ObjectId": 80,
            "BoundingBox3D Origin X": 119.30852915794094,
            "BoundingBox3D Origin Y": 9.742697071429577,
            "BoundingBox3D Origin Z": 7.825194137170911,
            "BoundingBox3D Extent X": 0.0999999999999999,
            "BoundingBox3D Extent Y": 0.9914366721812164,
            "BoundingBox3D Extent Z": 1.020302161968541,
            "BoundingBox3D Orientation Quat W": -0.1161356550442772,
            "BoundingBox3D Orientation Quat X": -0.003646869656382,
            "BoundingBox3D Orientation Quat Y": 0.008385420648437,
            "BoundingBox3D Orientation Quat Z": 0.9931912679286375,
            "ObjectType": "TRAFFIC_SIGN",
            "Occluded": {
                "F_MIDRANGECAM_C": 0.9857621192932128
            },
            "Truncated": 0,
            "ObjectMeta": {
                "SourceID": 80,
                "SubType": "us_white_ground_rectangle_unknown",
                "Text": "Lt.",
                "OcrVersion": 10006
            }
        },
        {
            "ActorName": "TRAFFIC_SIGN 81",
            "ObjectId": 81,
            "BoundingBox3D Origin X": 120.51627313333302,
            "BoundingBox3D Origin Y": -4.361025352423894,
            "BoundingBox3D Origin Z": 6.287025278434157,
            "BoundingBox3D Extent X": 0.1,
            "BoundingBox3D Extent Y": 0.7463736033616835,
            "BoundingBox3D Extent Z": 0.983651782538956,
            "BoundingBox3D Orientation Quat W": 0.0688622690671294,
            "BoundingBox3D Orientation Quat X": -0.0051299879306671,
            "BoundingBox3D Orientation Quat Y": 0.0075691969541696,
            "BoundingBox3D Orientation Quat Z": 0.9975842713175797,
            "ObjectType": "TRAFFIC_SIGN",
            "Occluded": {
                "F_MIDRANGECAM_C": 0.972071886062622
            },
            "Truncated": 0,
            "ObjectMeta": {
                "SourceID": 81,
                "SubType": "us_white_ground_rectangle_unknown",
                "Text": "A",
                "OcrVersion": 10006
            }
        },
        {
            "ActorName": "TRAFFIC_SIGN 82",
            "ObjectId": 82,
            "BoundingBox3D Origin X": 120.38115924081649,
            "BoundingBox3D Origin Y": -0.1759358026174595,
            "BoundingBox3D Origin Z": 7.276394419372082,
            "BoundingBox3D Extent X": 0.1,
            "BoundingBox3D Extent Y": 2.213188412608715,
            "BoundingBox3D Extent Z": 0.5427212993728956,
            "BoundingBox3D Orientation Quat W": 0.0117055678054237,