{
    "CapturedObjects": [
        {
            "ActorName": "TRAFFIC_SIGN 70",
            "ObjectId": 70,
            "BoundingBox3D Origin X": 0.4750638034674921,
            "BoundingBox3D Origin Y": -4.894936021155445,
            "BoundingBox3D Origin Z": 2.741927746683359,
            "BoundingBox3D Extent X": 0.1,
            "BoundingBox3D Extent Y": 0.3835351811205211,
            "BoundingBox3D Extent Z": 0.510645001842084,
            "BoundingBox3D Orientation Quat W": 0.1044046803099216,
            "BoundingBox3D Orientation Quat X": 0.0013990589236642,
            "BoundingBox3D Orientation Quat Y": 0.0108192238451279,
            "BoundingBox3D Orientation Quat Z": 0.9944750624117734,
            "ObjectType": "TRAFFIC_SIGN",
            "Occluded": {
                "F_CTCAM_L": 0.0
            },
            "Truncated": 0,
            "ObjectMeta": {
                "SourceID": 70,
                "SubType": "us_white_ground_rectangle_unknown",
                "Text": "",
                "OcrVersion": 10006
            }
        },
        {
            "ActorName": "TRAFFIC_SIGN 71",
            "ObjectId": 71,
            "BoundingBox3D Origin X": 27.241373699471296,
            "BoundingBox3D Origin Y": -6.88440798400552,
            "BoundingBox3D Origin Z": 1.2857059091329577,
            "BoundingBox3D Extent X": 0.1,
            "BoundingBox3D Extent Y": 0.4031856189935762,
            "BoundingBox3D Extent Z": 0.4997455218914134,
            "BoundingBox3D Orientation Quat W": 0.1126721045985804,
            "BoundingBox3D Orientation Quat X": 0.0013141148101192,
            "BoundingBox3D Orientation Quat Y": 0.010830272805802,
            "BoundingBox3D Orientation Quat Z": 0.9935723300990946,
            "ObjectType": "TRAFFIC_SIGN",
            "Occluded": {
                "F_MIDRANGECAM_C": 4.364864707895322e-06
            },
            "Truncated": 0,
            "ObjectMeta": {
                "SourceID": 71,
                "SubType": "unknown",
                "Text": "",
                "OcrVersion": 10006
            }
        },
        {
            "ActorName": "TRAFFIC_SIGN 72",
            "ObjectId": 72,
            "BoundingBox3D Origin X": 29.15218058519531,
            "BoundingBox3D Origin Y": -7.425315073982347,
            "BoundingBox3D Origin Z": 1.83038672618568,
            "BoundingBox3D Extent X": 0.1,
            "BoundingBox3D Extent Y": 0.9388444663395614,
            "BoundingBox3D Extent Z": 0.3092811740232059,
            "BoundingBox3D Orientation Quat W": 0.2845349776536376,
            "BoundingBox3D Orientation Quat X": -0.0005982400968036,
            "BoundingBox3D Orientation Quat Y": 0.0108931132646959,
            "BoundingBox3D Orientation Quat Z": 0.9586035826575195,
            "ObjectType": "TRAFFIC_SIGN",
            "Occluded": {
                "F_MIDRANGECAM_C": 1.2084025001968255e-05
            },
            "Truncated": 0,
            "ObjectMeta": {
                "SourceID": 72,
                "SubType": "us_yellow_ground_rectangle_unknown",
                "Text": "Chock and Shol Chun",
                "OcrVersion": 10006
            }
        },
        {
            "ActorName": "TRAFFIC_SIGN 73",
            "ObjectId": 73,
            "BoundingBox3D Origin X": 41.74516659292203,
            "BoundingBox3D Origin Y": -5.211512552254135,
            "BoundingBox3D Origin Z": 2.7504305709153414,
            "BoundingBox3D Extent X": 0.1,
            "BoundingBox3D Extent Y": 0.3362411013069622,
            "BoundingBox3D Extent Z": 0.4807453413399092,
            "BoundingBox3D Orientation Quat W": 0.1614877873552125,
            "BoundingBox3D Orientation Quat X": 0.0007800942235327,
            "BoundingBox3D Orientation Quat Y": 0.0108821123493799,
            "BoundingBox3D Orientation Quat Z": 0.9868144028230106,
            "ObjectType": "TRAFFIC_SIGN",
            "Occluded": {
                "F_MIDRANGECAM_C": 0.1448104530572891
            },
            "Truncated": 0,
            "ObjectMeta": {
                "SourceID": 73,
                "SubType": "us_white_ground_rectangle_unknown",
                "Text": "",
                "OcrVersion": 10006
            }
        },
        {
            "ActorName": "TRAFFIC_SIGN 74",
            "ObjectId": 74,
            "BoundingBox3D Origin X": 84.69770889493884,
            "BoundingBox3D Origin Y": -5.48614128943882,
            "BoundingBox3D Origin Z": 3.904079496860504,
            "BoundingBox3D Extent X": 0.1,
            "BoundingBox3D Extent Y": 1.0443760949039496,
            "BoundingBox3D Extent Z": 0.9445654290099652,
            "BoundingBox3D Orientation Quat W": 0.0703794972784242,
            "BoundingBox3D Orientation Quat X": 0.0017752551238085,
            "BoundingBox3D Orientation Quat Y": 0.0107653131722013,
            "BoundingBox3D Orientation Quat Z": 0.9974606171996896,
            "ObjectType": "TRAFFIC_SIGN",
            "Occluded": {
                "F_MIDRANGECAM_C": 0.1264512240886688
            },
            "Truncated": 0,
            "ObjectMeta": {
                "SourceID": 74,
                "SubType": "us_white_ground_rectangle_unknown",
                "Text": "Ho",
                "OcrVersion": 10006
            }
        },
        {
            "ActorName": "TRAFFIC_SIGN 75",
            "ObjectId": 75,
            "BoundingBox3D Origin X": 74.47736718283704,
            "BoundingBox3D Origin Y": 12.247209735302022,
            "BoundingBox3D Origin Z": 0.6801640503108501,
            "BoundingBox3D Extent X": 0.1,
            "BoundingBox3D Extent Y": 0.9246897276089624,
            "BoundingBox3D Extent Z": 0.4851001072257914,
            "BoundingBox3D Orientation Quat W": -0.3100207386206441,
            "BoundingBox3D Orientation Quat X": 0.0056942049253996,
            "BoundingBox3D Orientation Quat Y": 0.0093071283576764,
            "BoundingBox3D Orientation Quat Z": 0.9506671841486438,
            "ObjectType": "TRAFFIC_SIGN",
            "Occluded": {
                "F_MIDRANGECAM_C": 0.9982560276985168
            },
            "Truncated": 0,
            "ObjectMeta": {
                "SourceID": 75,
                "SubType": "us_white_ground_rectangle_unknown",
                "Text": "",
                "OcrVersion": 10006
            }
        },
        {
            "ActorName": "TRAFFIC_SIGN 76",
            "ObjectId": 76,
            "BoundingBox3D Origin X": 84.6471013100454,
            "BoundingBox3D Origin Y": -5.500458318769233,
            "BoundingBox3D Origin Z": 3.214586096815765,
            "BoundingBox3D Extent X": 0.1,
            "BoundingBox3D Extent Y": 0.6871968100218089,
            "BoundingBox3D Extent Z": 0.273953078968039,
            "BoundingBox3D Orientation Quat W": 0.163879722257809,
            "BoundingBox3D Orientation Quat X": 0.0007571288280649,
            "BoundingBox3D Orientation Quat Y": 0.0108844815940601,
            "BoundingBox3D Orientation Quat Z": 0.9864199873527856,
            "ObjectType": "TRAFFIC_SIGN",
            "Occluded": {
                "F_MIDRANGECAM_C": 0.9666428565979004
            },
            "Truncated": 0,
            "ObjectMeta": {
                "SourceID": 76,
                "SubType": "us_white_ground_rectangle_unknown",
                "Text": "",
                "OcrVersion": 10006
            }
        },
        {
            "ActorName": "TRAFFIC_SIGN 77",
            "ObjectId": 77,
            "BoundingBox3D Origin X": 84.13124619634254,
            "BoundingBox3D Origin Y": -5.493950914009474,
            "BoundingBox3D Origin Z": 2.867854214273393,
            "BoundingBox3D Extent X": 0.0999999999999999,
            "BoundingBox3D Extent Y": 0.60407060371918,
            "BoundingBox3D Extent Z": 0.2037042366830296,
            "BoundingBox3D Orientation Quat W": 0.2030763567952238,