{
    "CapturedObjects": [
        {
            "ActorName": "TRAFFIC_SIGN 74",
            "ObjectId": 74,
            "BoundingBox3D Origin X": 30.995714762906573,
            "BoundingBox3D Origin Y": -4.962088864951511,
            "BoundingBox3D Origin Z": 4.386148086749017,
            "BoundingBox3D Extent X": 0.1,
            "BoundingBox3D Extent Y": 1.0443760949039496,
            "BoundingBox3D Extent Z": 0.9445654290099652,
            "BoundingBox3D Orientation Quat W": 0.0642369313380157,
            "BoundingBox3D Orientation Quat X": -0.0019128084692952,
            "BoundingBox3D Orientation Quat Y": 0.005635743529194,
            "BoundingBox3D Orientation Quat Z": 0.9979169285120422,
            "ObjectType": "TRAFFIC_SIGN",
            "Occluded": {
                "F_MIDRANGECAM_C": 7.479364285245538e-05
            },
            "Truncated": 0,
            "ObjectMeta": {
                "SourceID": 74,
                "SubType": "us_white_ground_rectangle_unknown",
                "Text": "Ho",
                "OcrVersion": 10006
            }
        },
        {
            "ActorName": "TRAFFIC_SIGN 75",
            "ObjectId": 75,
            "BoundingBox3D Origin X": 20.58169177925447,
            "BoundingBox3D Origin Y": 12.67463005532045,
            "BoundingBox3D Origin Z": 1.252656077966094,
            "BoundingBox3D Extent X": 0.1,
            "BoundingBox3D Extent Y": 0.9246897276089624,
            "BoundingBox3D Extent Z": 0.4851001072257914,
            "BoundingBox3D Orientation Quat W": -0.3158856376121743,
            "BoundingBox3D Orientation Quat X": 0.0003465665839582,
            "BoundingBox3D Orientation Quat Y": 0.0059409319877857,
            "BoundingBox3D Orientation Quat Z": 0.9487786091439192,
            "ObjectType": "TRAFFIC_SIGN",
            "Occluded": {
                "F_MIDRANGECAM_C": 1.1974707376793958e-06
            },
            "Truncated": 0,
            "ObjectMeta": {
                "SourceID": 75,
                "SubType": "us_white_ground_rectangle_unknown",
                "Text": "",
                "OcrVersion": 10006
            }
        },
        {
            "ActorName": "TRAFFIC_SIGN 76",
            "ObjectId": 76,
            "BoundingBox3D Origin X": 30.950728261370383,
            "BoundingBox3D Origin Y": -4.97027534605877,
            "BoundingBox3D Origin Z": 3.69616544060409,
            "BoundingBox3D Extent X": 0.1,
            "BoundingBox3D Extent Y": 0.6871968100218089,
            "BoundingBox3D Extent Z": 0.273953078968039,
            "BoundingBox3D Orientation Quat W": 0.1578078754481586,
            "BoundingBox3D Orientation Quat X": -0.0024318512552357,
            "BoundingBox3D Orientation Quat Y": 0.0054308882445924,
            "BoundingBox3D Orientation Quat Z": 0.9874519056637068,
            "ObjectType": "TRAFFIC_SIGN",
            "Occluded": {
                "F_MIDRANGECAM_C": 0.0007261064602062
            },
            "Truncated": 0,
            "ObjectMeta": {
                "SourceID": 76,
                "SubType": "us_white_ground_rectangle_unknown",
                "Text": "",
                "OcrVersion": 10006
            }
        },
        {
            "ActorName": "TRAFFIC_SIGN 77",
            "ObjectId": 77,
            "BoundingBox3D Origin X": 30.437582711456344,
            "BoundingBox3D Origin Y": -4.966738779519801,
            "BoundingBox3D Origin Z": 3.345391822047532,
            "BoundingBox3D Extent X": 0.0999999999999999,
            "BoundingBox3D Extent Y": 0.60407060371918,
            "BoundingBox3D Extent Z": 0.2037042366830296,
            "BoundingBox3D Orientation Quat W": 0.1970506926447311,
            "BoundingBox3D Orientation Quat X": -0.0026466343859316,
            "BoundingBox3D Orientation Quat Y": 0.0053296196346855,
            "BoundingBox3D Orientation Quat Z": 0.9803752419401508,
            "ObjectType": "TRAFFIC_SIGN",
            "Occluded": {
                "F_MIDRANGECAM_C": 0.4078333973884582
            },
            "Truncated": 0,
            "ObjectMeta": {
                "SourceID": 77,
                "SubType": "us_white_ground_rectangle_unknown",
                "Text": "",
                "OcrVersion": 10006
            }
        },
        {
            "ActorName": "TRAFFIC_SIGN 78",
            "ObjectId": 78,
            "BoundingBox3D Origin X": 96.46176807990923,
            "BoundingBox3D Origin Y": -4.399162723886548,
            "BoundingBox3D Origin Z": 2.9903873410075903,
            "BoundingBox3D Extent X": 0.1,
            "BoundingBox3D Extent Y": 0.3832816087039713,
            "BoundingBox3D Extent Z": 0.4357120768838613,
            "BoundingBox3D Orientation Quat W": 0.1050249852003835,
            "BoundingBox3D Orientation Quat X": -0.0021349892401193,
            "BoundingBox3D Orientation Quat Y": 0.0055533224868485,
            "BoundingBox3D Orientation Quat Z": 0.994451786118342,
            "ObjectType": "TRAFFIC_SIGN",
            "Occluded": {
                "F_MIDRANGECAM_C": 0.9998533725738524
            },
            "Truncated": 0,
            "ObjectMeta": {
                "SourceID": 78,
                "SubType": "unknown",
                "Text": "",
                "OcrVersion": 10006
            }
        },
        {
            "ActorName": "TRAFFIC_SIGN 79",
            "ObjectId": 79,
            "BoundingBox3D Origin X": 106.25506529847917,
            "BoundingBox3D Origin Y": 23.118620989553165,
            "BoundingBox3D Origin Z": 6.222537876106799,
            "BoundingBox3D Extent X": 0.1,
            "BoundingBox3D Extent Y": 1.7107504098693462,
            "BoundingBox3D Extent Z": 0.6034869053535241,
            "BoundingBox3D Orientation Quat W": -0.3126101586512225,
            "BoundingBox3D Orientation Quat X": 0.0003333575198375,
            "BoundingBox3D Orientation Quat Y": 0.0059410000490823,
            "BoundingBox3D Orientation Quat Z": 0.9498628754189934,
            "ObjectType": "TRAFFIC_SIGN",
            "Occluded": {
                "F_MIDRANGECAM_C": 0.8597080111503601
            },
            "Truncated": 0,
            "ObjectMeta": {
                "SourceID": 79,
                "SubType": "unknown",
                "Text": "",
                "OcrVersion": 10006
            }
        },
        {
            "ActorName": "TRAFFIC_SIGN 80",
            "ObjectId": 80,
            "BoundingBox3D Origin X": 144.0066754537038,
            "BoundingBox3D Origin Y": 9.292919271203573,
            "BoundingBox3D Origin Z": 7.22926256339997,
            "BoundingBox3D Extent X": 0.0999999999999999,
            "BoundingBox3D Extent Y": 0.9914366721812164,
            "BoundingBox3D Extent Z": 1.020302161968541,
            "BoundingBox3D Orientation Quat W": -0.1138603036797431,
            "BoundingBox3D Orientation Quat X": -0.0008734456074048,
            "BoundingBox3D Orientation Quat Y": 0.0058850252426873,
            "BoundingBox3D Orientation Quat Z": 0.9934789553969527,
            "ObjectType": "TRAFFIC_SIGN",
            "Occluded": {
                "F_MIDRANGECAM_C": 0.9970448613166808
            },
            "Truncated": 0,
            "ObjectMeta": {
                "SourceID": 80,
                "SubType": "us_white_ground_rectangle_unknown",
                "Text": "Lt.",
                "OcrVersion": 10006
            }
        },
        {
            "ActorName": "TRAFFIC_SIGN 81",
            "ObjectId": 81,
            "BoundingBox3D Origin X": 145.139890983457,
            "BoundingBox3D Origin Y": -4.809372366245952,
            "BoundingBox3D Origin Z": 5.622714899480343,
            "BoundingBox3D Extent X": 0.1,
            "BoundingBox3D Extent Y": 0.7463736033616835,
            "BoundingBox3D Extent Z": 0.983651782538956,
            "BoundingBox3D Orientation Quat W": 0.0711504536395708,