{
    "CapturedObjects": [
        {
            "ActorName": "TRAFFIC_SIGN 73",
            "ObjectId": 73,
            "BoundingBox3D Origin X": 3.860620365841896,
            "BoundingBox3D Origin Y": -5.129505455173785,
            "BoundingBox3D Origin Z": 2.9087071614339948,
            "BoundingBox3D Extent X": 0.1,
            "BoundingBox3D Extent Y": 0.3362411013069622,
            "BoundingBox3D Extent Z": 0.4807453413399092,
            "BoundingBox3D Orientation Quat W": 0.1524028749886506,
            "BoundingBox3D Orientation Quat X": 0.0007375661956681,
            "BoundingBox3D Orientation Quat Y": 0.0073682432328877,
            "BoundingBox3D Orientation Quat Z": 0.9882907106125008,
            "ObjectType": "TRAFFIC_SIGN",
            "Occluded": {
                "F_CTCAM_L": 0.0
            },
            "Truncated": 0,
            "ObjectMeta": {
                "SourceID": 73,
                "SubType": "us_white_ground_rectangle_unknown",
                "Text": "",
                "OcrVersion": 10006
            }
        },
        {
            "ActorName": "TRAFFIC_SIGN 74",
            "ObjectId": 74,
            "BoundingBox3D Origin X": 46.80959615541724,
            "BoundingBox3D Origin Y": -4.6217878353782,
            "BoundingBox3D Origin Z": 4.107137494720519,
            "BoundingBox3D Extent X": 0.1,
            "BoundingBox3D Extent Y": 1.0443760949039496,
            "BoundingBox3D Extent Z": 0.9445654290099652,
            "BoundingBox3D Orientation Quat W": 0.061196950271087,
            "BoundingBox3D Orientation Quat X": 0.0014110619904189,
            "BoundingBox3D Orientation Quat Y": 0.0072699826027516,
            "BoundingBox3D Orientation Quat Z": 0.9980982364148996,
            "ObjectType": "TRAFFIC_SIGN",
            "Occluded": {
                "F_MIDRANGECAM_C": 1.8926182292489104e-06
            },
            "Truncated": 0,
            "ObjectMeta": {
                "SourceID": 74,
                "SubType": "us_white_ground_rectangle_unknown",
                "Text": "Ho",
                "OcrVersion": 10006
            }
        },
        {
            "ActorName": "TRAFFIC_SIGN 75",
            "ObjectId": 75,
            "BoundingBox3D Origin X": 36.26758439981131,
            "BoundingBox3D Origin Y": 12.94265316541714,
            "BoundingBox3D Origin Z": 0.9955076724290848,
            "BoundingBox3D Extent X": 0.1,
            "BoundingBox3D Extent Y": 0.9246897276089624,
            "BoundingBox3D Extent Z": 0.4851001072257914,
            "BoundingBox3D Orientation Quat W": -0.318772654187512,
            "BoundingBox3D Orientation Quat X": 0.0040427149740327,
            "BoundingBox3D Orientation Quat Y": 0.0062053613062653,
            "BoundingBox3D Orientation Quat Z": 0.9478022709874384,
            "ObjectType": "TRAFFIC_SIGN",
            "Occluded": {
                "F_MIDRANGECAM_C": 0.8637880682945251
            },
            "Truncated": 0,
            "ObjectMeta": {
                "SourceID": 75,
                "SubType": "us_white_ground_rectangle_unknown",
                "Text": "",
                "OcrVersion": 10006
            }
        },
        {
            "ActorName": "TRAFFIC_SIGN 76",
            "ObjectId": 76,
            "BoundingBox3D Origin X": 46.75992127740392,
            "BoundingBox3D Origin Y": -4.632222526415717,
            "BoundingBox3D Origin Z": 3.4175083404406905,
            "BoundingBox3D Extent X": 0.1,
            "BoundingBox3D Extent Y": 0.6871968100218089,
            "BoundingBox3D Extent Z": 0.273953078968039,
            "BoundingBox3D Orientation Quat W": 0.1547984141985749,
            "BoundingBox3D Orientation Quat X": 0.0007231111626073,
            "BoundingBox3D Orientation Quat Y": 0.007370555641694,
            "BoundingBox3D Orientation Quat Z": 0.98791831797036,
            "ObjectType": "TRAFFIC_SIGN",
            "Occluded": {
                "F_MIDRANGECAM_C": 0.1481872946023941
            },
            "Truncated": 0,
            "ObjectMeta": {
                "SourceID": 76,
                "SubType": "us_white_ground_rectangle_unknown",
                "Text": "",
                "OcrVersion": 10006
            }
        },
        {
            "ActorName": "TRAFFIC_SIGN 77",
            "ObjectId": 77,
            "BoundingBox3D Origin X": 46.24436864290692,
            "BoundingBox3D Origin Y": -4.632789019495249,
            "BoundingBox3D Origin Z": 3.070270054973662,
            "BoundingBox3D Extent X": 0.0999999999999999,
            "BoundingBox3D Extent Y": 0.60407060371918,
            "BoundingBox3D Extent Z": 0.2037042366830296,
            "BoundingBox3D Orientation Quat W": 0.1940621316466733,
            "BoundingBox3D Orientation Quat X": 0.0004282978479828,
            "BoundingBox3D Orientation Quat Y": 0.0073935939100916,
            "BoundingBox3D Orientation Quat Z": 0.9809612838388654,
            "ObjectType": "TRAFFIC_SIGN",
            "Occluded": {
                "F_MIDRANGECAM_C": 0.9890578389167786
            },
            "Truncated": 0,
            "ObjectMeta": {
                "SourceID": 77,
                "SubType": "us_white_ground_rectangle_unknown",
                "Text": "",
                "OcrVersion": 10006
            }
        },
        {
            "ActorName": "TRAFFIC_SIGN 78",
            "ObjectId": 78,
            "BoundingBox3D Origin X": 112.25956542720814,
            "BoundingBox3D Origin Y": -3.667637521823053,
            "BoundingBox3D Origin Z": 2.2588364612311125,
            "BoundingBox3D Extent X": 0.1,
            "BoundingBox3D Extent Y": 0.3832816087039713,
            "BoundingBox3D Extent Z": 0.4357120768838613,
            "BoundingBox3D Orientation Quat W": 0.1019950090282668,
            "BoundingBox3D Orientation Quat X": 0.0011190027020021,
            "BoundingBox3D Orientation Quat Y": 0.0073222601593883,
            "BoundingBox3D Orientation Quat Z": 0.9947573324547222,
            "ObjectType": "TRAFFIC_SIGN",
            "Occluded": {
                "F_MIDRANGECAM_C": 0.9991270899772644
            },
            "Truncated": 0,
            "ObjectMeta": {
                "SourceID": 78,
                "SubType": "unknown",
                "Text": "",
                "OcrVersion": 10006
            }
        },
        {
            "ActorName": "TRAFFIC_SIGN 79",
            "ObjectId": 79,
            "BoundingBox3D Origin X": 121.90773379219536,
            "BoundingBox3D Origin Y": 23.91786331417097,
            "BoundingBox3D Origin Z": 5.345459029078484,
            "BoundingBox3D Extent X": 0.1,
            "BoundingBox3D Extent Y": 1.7107504098693462,
            "BoundingBox3D Extent Z": 0.6034869053535241,
            "BoundingBox3D Orientation Quat W": -0.315500486722966,
            "BoundingBox3D Orientation Quat X": 0.0040285673697786,
            "BoundingBox3D Orientation Quat Y": 0.0062181870048063,
            "BoundingBox3D Orientation Quat Z": 0.948896489440704,
            "ObjectType": "TRAFFIC_SIGN",
            "Occluded": {
                "F_MIDRANGECAM_C": 0.4202286303043365
            },
            "Truncated": 0,
            "ObjectMeta": {
                "SourceID": 79,
                "SubType": "unknown",
                "Text": "",
                "OcrVersion": 10006
            }
        },
        {
            "ActorName": "TRAFFIC_SIGN 80",
            "ObjectId": 80,
            "BoundingBox3D Origin X": 159.74832448325105,
            "BoundingBox3D Origin Y": 10.323298384842928,
            "BoundingBox3D Origin Z": 6.131261548027396,
            "BoundingBox3D Extent X": 0.0999999999999999,
            "BoundingBox3D Extent Y": 0.9914366721812164,
            "BoundingBox3D Extent Z": 1.020302161968541,
            "BoundingBox3D Orientation Quat W": -0.1168848988218161,
            "BoundingBox3D Orientation Quat X": 0.0026885462880385,