{
    "CapturedObjects": [
        {
            "ActorName": "TRAFFIC_SIGN 78",
            "ObjectId": 78,
            "BoundingBox3D Origin X": 36.695713501158025,
            "BoundingBox3D Origin Y": -5.0198483220883645,
            "BoundingBox3D Origin Z": 2.772649842314422,
            "BoundingBox3D Extent X": 0.1,
            "BoundingBox3D Extent Y": 0.3832816087039713,
            "BoundingBox3D Extent Z": 0.4357120768838613,
            "BoundingBox3D Orientation Quat W": 0.1075296354657442,
            "BoundingBox3D Orientation Quat X": -0.0016778830836419,
            "BoundingBox3D Orientation Quat Y": 0.002031691248194,
            "BoundingBox3D Orientation Quat Z": 0.9941983878661412,
            "ObjectType": "TRAFFIC_SIGN",
            "Occluded": {
                "F_MIDRANGECAM_C": 0.7853496074676514
            },
            "Truncated": 0,
            "ObjectMeta": {
                "SourceID": 78,
                "SubType": "unknown",
                "Text": "",
                "OcrVersion": 10006
            }
        },
        {
            "ActorName": "TRAFFIC_SIGN 79",
            "ObjectId": 79,
            "BoundingBox3D Origin X": 46.627597786438855,
            "BoundingBox3D Origin Y": 22.424491805853904,
            "BoundingBox3D Origin Z": 6.198523717932403,
            "BoundingBox3D Extent X": 0.1,
            "BoundingBox3D Extent Y": 1.7107504098693462,
            "BoundingBox3D Extent Z": 0.6034869053535241,
            "BoundingBox3D Orientation Quat W": -0.3102207627357763,
            "BoundingBox3D Orientation Quat X": -0.0006945762338578,
            "BoundingBox3D Orientation Quat Y": 0.0025431213647647,
            "BoundingBox3D Orientation Quat Z": 0.950660890362706,
            "ObjectType": "TRAFFIC_SIGN",
            "Occluded": {
                "F_MIDRANGECAM_C": 0.9831400513648988
            },
            "Truncated": 0,
            "ObjectMeta": {
                "SourceID": 79,
                "SubType": "unknown",
                "Text": "",
                "OcrVersion": 10006
            }
        },
        {
            "ActorName": "TRAFFIC_SIGN 80",
            "ObjectId": 80,
            "BoundingBox3D Origin X": 84.30920405928555,
            "BoundingBox3D Origin Y": 8.40256485122518,
            "BoundingBox3D Origin Z": 7.100991821847856,
            "BoundingBox3D Extent X": 0.0999999999999999,
            "BoundingBox3D Extent Y": 0.9914366721812164,
            "BoundingBox3D Extent Z": 1.020302161968541,
            "BoundingBox3D Orientation Quat W": -0.1113596462482247,
            "BoundingBox3D Orientation Quat X": -0.0011926210408621,
            "BoundingBox3D Orientation Quat Y": 0.0023485953662938,
            "BoundingBox3D Orientation Quat Z": 0.993776680619106,
            "ObjectType": "TRAFFIC_SIGN",
            "Occluded": {
                "F_MIDRANGECAM_C": 0.8995241522789001
            },
            "Truncated": 0,
            "ObjectMeta": {
                "SourceID": 80,
                "SubType": "us_white_ground_rectangle_unknown",
                "Text": "Lt.",
                "OcrVersion": 10006
            }
        },
        {
            "ActorName": "TRAFFIC_SIGN 81",
            "ObjectId": 81,
            "BoundingBox3D Origin X": 85.37130260953563,
            "BoundingBox3D Origin Y": -5.693357024643774,
            "BoundingBox3D Origin Z": 5.394172832369804,
            "BoundingBox3D Extent X": 0.1,
            "BoundingBox3D Extent Y": 0.7463736033616835,
            "BoundingBox3D Extent Z": 0.983651782538956,
            "BoundingBox3D Orientation Quat W": 0.0736623763210178,
            "BoundingBox3D Orientation Quat X": -0.0016058139718261,
            "BoundingBox3D Orientation Quat Y": 0.002087924602389,
            "BoundingBox3D Orientation Quat Z": 0.9972797582659956,
            "ObjectType": "TRAFFIC_SIGN",
            "Occluded": {
                "F_MIDRANGECAM_C": 0.9951946139335632
            },
            "Truncated": 0,
            "ObjectMeta": {
                "SourceID": 81,
                "SubType": "us_white_ground_rectangle_unknown",
                "Text": "A",
                "OcrVersion": 10006
            }
        },
        {
            "ActorName": "TRAFFIC_SIGN 82",
            "ObjectId": 82,
            "BoundingBox3D Origin X": 85.28266845412145,
            "BoundingBox3D Origin Y": -1.5188478564341494,
            "BoundingBox3D Origin Z": 6.432145127095282,
            "BoundingBox3D Extent X": 0.1,
            "BoundingBox3D Extent Y": 2.213188412608715,
            "BoundingBox3D Extent Z": 0.5427212993728956,
            "BoundingBox3D Orientation Quat W": 0.016515880401198,
            "BoundingBox3D Orientation Quat X": -0.0014832621363503,
            "BoundingBox3D Orientation Quat Y": 0.0021764359961279,
            "BoundingBox3D Orientation Quat Z": 0.999860134596016,
            "ObjectType": "TRAFFIC_SIGN",
            "Occluded": {
                "F_MIDRANGECAM_C": 0.9988455772399902
            },
            "Truncated": 0,
            "ObjectMeta": {
                "SourceID": 82,
                "SubType": "unknown",
                "Text": "",
                "OcrVersion": 10006
            }
        },
        {
            "ActorName": "TRAFFIC_SIGN 83",
            "ObjectId": 83,
            "BoundingBox3D Origin X": 81.33173744249507,
            "BoundingBox3D Origin Y": -10.86316410024665,
            "BoundingBox3D Origin Z": 3.6726175351068377,
            "BoundingBox3D Extent X": 0.1,
            "BoundingBox3D Extent Y": 0.5022577767826779,
            "BoundingBox3D Extent Z": 0.4764159543296132,
            "BoundingBox3D Orientation Quat W": 0.1584957774901273,
            "BoundingBox3D Orientation Quat X": -0.0017768240169987,
            "BoundingBox3D Orientation Quat Y": 0.0019428998305062,
            "BoundingBox3D Orientation Quat Z": 0.987356144739304,
            "ObjectType": "TRAFFIC_SIGN",
            "Occluded": {
                "F_MIDRANGECAM_C": 0.9987779259681702
            },
            "Truncated": 0,
            "ObjectMeta": {
                "SourceID": 83,
                "SubType": "unknown",
                "Text": "",
                "OcrVersion": 10006
            }
        },
        {
            "ActorName": "TRAFFIC_SIGN 84",
            "ObjectId": 84,
            "BoundingBox3D Origin X": 82.03070444798868,
            "BoundingBox3D Origin Y": -10.926030134793107,
            "BoundingBox3D Origin Z": 2.916563077829778,
            "BoundingBox3D Extent X": 0.1,
            "BoundingBox3D Extent Y": 0.5902100148686099,
            "BoundingBox3D Extent Z": 0.6262998747597067,
            "BoundingBox3D Orientation Quat W": 0.4131968610578344,
            "BoundingBox3D Orientation Quat X": -0.0022262606413193,
            "BoundingBox3D Orientation Quat Y": 0.0014059672521475,
            "BoundingBox3D Orientation Quat Z": 0.9106379198296078,
            "ObjectType": "TRAFFIC_SIGN",
            "Occluded": {
                "F_MIDRANGECAM_C": 0.9967004656791688
            },
            "Truncated": 0,
            "ObjectMeta": {
                "SourceID": 84,
                "SubType": "us_white_ground_rectangle_unknown",
                "Text": "",
                "OcrVersion": 10006
            }
        },
        {
            "ActorName": "TRAFFIC_SIGN 85",
            "ObjectId": 85,
            "BoundingBox3D Origin X": 84.94467315528527,
            "BoundingBox3D Origin Y": -9.335378559706442,
            "BoundingBox3D Origin Z": 2.8814376946538687,
            "BoundingBox3D Extent X": 0.1,
            "BoundingBox3D Extent Y": 0.4321764308658682,
            "BoundingBox3D Extent Z": 0.619127164289498,
            "BoundingBox3D Orientation Quat W": 0.1503302354541938,
            "BoundingBox3D Orientation Quat X": -0.0017611445036477,