{
    "CapturedObjects": [
        {
            "ActorName": "TRAFFIC_SIGN 74",
            "ObjectId": 74,
            "BoundingBox3D Origin X": 1.496304880212847,
            "BoundingBox3D Origin Y": -5.063902079244144,
            "BoundingBox3D Origin Z": 4.359291619621217,
            "BoundingBox3D Extent X": 0.1,
            "BoundingBox3D Extent Y": 1.0443760949039496,
            "BoundingBox3D Extent Z": 0.9445654290099652,
            "BoundingBox3D Orientation Quat W": 0.0628997127326918,
            "BoundingBox3D Orientation Quat X": 0.0009256509682707,
            "BoundingBox3D Orientation Quat Y": 0.0101785162968363,
            "BoundingBox3D Orientation Quat Z": 0.9979675180658064,
            "ObjectType": "TRAFFIC_SIGN",
            "Occluded": {
                "F_CTCAM_L": 0.0
            },
            "Truncated": 0,
            "ObjectMeta": {
                "SourceID": 74,
                "SubType": "us_white_ground_rectangle_unknown",
                "Text": "Ho",
                "OcrVersion": 10006
            }
        },
        {
            "ActorName": "TRAFFIC_SIGN 76",
            "ObjectId": 76,
            "BoundingBox3D Origin X": 1.4470286108735309,
            "BoundingBox3D Origin Y": -5.078218184949947,
            "BoundingBox3D Origin Z": 3.669703537598252,
            "BoundingBox3D Extent X": 0.1,
            "BoundingBox3D Extent Y": 0.6871968100218089,
            "BoundingBox3D Extent Z": 0.273953078968039,
            "BoundingBox3D Orientation Quat W": 0.1564816602419807,
            "BoundingBox3D Orientation Quat X": -3.378260264883768e-05,
            "BoundingBox3D Orientation Quat Y": 0.0102204108585347,
            "BoundingBox3D Orientation Quat Z": 0.9876279826273312,
            "ObjectType": "TRAFFIC_SIGN",
            "Occluded": {
                "F_CTCAM_L": 0.0
            },
            "Truncated": 0,
            "ObjectMeta": {
                "SourceID": 76,
                "SubType": "us_white_ground_rectangle_unknown",
                "Text": "",
                "OcrVersion": 10006
            }
        },
        {
            "ActorName": "TRAFFIC_SIGN 77",
            "ObjectId": 77,
            "BoundingBox3D Origin X": 0.9316968846360396,
            "BoundingBox3D Origin Y": -5.079072390202782,
            "BoundingBox3D Origin Z": 3.3221416492015123,
            "BoundingBox3D Extent X": 0.0999999999999999,
            "BoundingBox3D Extent Y": 0.60407060371918,
            "BoundingBox3D Extent Z": 0.2037042366830296,
            "BoundingBox3D Orientation Quat W": 0.1957326724957151,
            "BoundingBox3D Orientation Quat X": -0.0004416607070488,
            "BoundingBox3D Orientation Quat Y": 0.0102109619479906,
            "BoundingBox3D Orientation Quat Z": 0.9806040292134242,
            "ObjectType": "TRAFFIC_SIGN",
            "Occluded": {
                "F_CTCAM_L": 0.0
            },
            "Truncated": 0,
            "ObjectMeta": {
                "SourceID": 77,
                "SubType": "us_white_ground_rectangle_unknown",
                "Text": "",
                "OcrVersion": 10006
            }
        },
        {
            "ActorName": "TRAFFIC_SIGN 78",
            "ObjectId": 78,
            "BoundingBox3D Origin X": 66.95012725837296,
            "BoundingBox3D Origin Y": -4.343017892111675,
            "BoundingBox3D Origin Z": 2.54768287576735,
            "BoundingBox3D Extent X": 0.1,
            "BoundingBox3D Extent Y": 0.3832816087039713,
            "BoundingBox3D Extent Z": 0.4357120768838613,
            "BoundingBox3D Orientation Quat W": 0.1036911212247569,
            "BoundingBox3D Orientation Quat X": 0.000514928807442,
            "BoundingBox3D Orientation Quat Y": 0.0102084211149617,
            "BoundingBox3D Orientation Quat Z": 0.9945570241900744,
            "ObjectType": "TRAFFIC_SIGN",
            "Occluded": {
                "F_MIDRANGECAM_C": 0.9991757273674012
            },
            "Truncated": 0,
            "ObjectMeta": {
                "SourceID": 78,
                "SubType": "unknown",
                "Text": "",
                "OcrVersion": 10006
            }
        },
        {
            "ActorName": "TRAFFIC_SIGN 79",
            "ObjectId": 79,
            "BoundingBox3D Origin X": 76.69033497865894,
            "BoundingBox3D Origin Y": 23.22711894691747,
            "BoundingBox3D Origin Z": 5.4784998800605536,
            "BoundingBox3D Extent X": 0.1,
            "BoundingBox3D Extent Y": 1.7107504098693462,
            "BoundingBox3D Extent Z": 0.6034869053535241,
            "BoundingBox3D Orientation Quat W": -0.3138704299276945,
            "BoundingBox3D Orientation Quat X": 0.0046630679449557,
            "BoundingBox3D Orientation Quat Y": 0.0090984308213123,
            "BoundingBox3D Orientation Quat Z": 0.9494107791524882,
            "ObjectType": "TRAFFIC_SIGN",
            "Occluded": {
                "F_MIDRANGECAM_C": 0.8044085502624512
            },
            "Truncated": 0,
            "ObjectMeta": {
                "SourceID": 79,
                "SubType": "unknown",
                "Text": "",
                "OcrVersion": 10006
            }
        },
        {
            "ActorName": "TRAFFIC_SIGN 80",
            "ObjectId": 80,
            "BoundingBox3D Origin X": 114.48374982498352,
            "BoundingBox3D Origin Y": 9.508944808636445,
            "BoundingBox3D Origin Z": 6.36855133716017,
            "BoundingBox3D Extent X": 0.0999999999999999,
            "BoundingBox3D Extent Y": 0.9914366721812164,
            "BoundingBox3D Extent Z": 1.020302161968541,
            "BoundingBox3D Orientation Quat W": -0.1151857576416259,
            "BoundingBox3D Orientation Quat X": 0.0027270271237825,
            "BoundingBox3D Orientation Quat Y": 0.0098524558692023,
            "BoundingBox3D Orientation Quat Z": 0.993291363937559,
            "ObjectType": "TRAFFIC_SIGN",
            "Occluded": {
                "F_MIDRANGECAM_C": 0.9963659048080444
            },
            "Truncated": 0,
            "ObjectMeta": {
                "SourceID": 80,
                "SubType": "us_white_ground_rectangle_unknown",
                "Text": "Lt.",
                "OcrVersion": 10006
            }
        },
        {
            "ActorName": "TRAFFIC_SIGN 81",
            "ObjectId": 81,
            "BoundingBox3D Origin X": 115.64429509471302,
            "BoundingBox3D Origin Y": -4.603752785886172,
            "BoundingBox3D Origin Z": 4.877802135422826,
            "BoundingBox3D Extent X": 0.1,
            "BoundingBox3D Extent Y": 0.7463736033616835,
            "BoundingBox3D Extent Z": 0.983651782538956,
            "BoundingBox3D Orientation Quat W": 0.0698136766067808,
            "BoundingBox3D Orientation Quat X": 0.0008638090942727,
            "BoundingBox3D Orientation Quat Y": 0.0101853818181703,
            "BoundingBox3D Orientation Quat Z": 0.997507675353784,
            "ObjectType": "TRAFFIC_SIGN",
            "Occluded": {
                "F_MIDRANGECAM_C": 0.7891004681587219
            },
            "Truncated": 0,
            "ObjectMeta": {
                "SourceID": 81,
                "SubType": "us_white_ground_rectangle_unknown",
                "Text": "A",
                "OcrVersion": 10006
            }
        },
        {
            "ActorName": "TRAFFIC_SIGN 82",
            "ObjectId": 82,
            "BoundingBox3D Origin X": 115.52972860984664,
            "BoundingBox3D Origin Y": -0.4141280004405416,
            "BoundingBox3D Origin Z": 5.850304611958563,
            "BoundingBox3D Extent X": 0.1,
            "BoundingBox3D Extent Y": 2.213188412608715,
            "BoundingBox3D Extent Z": 0.5427212993728956,
            "BoundingBox3D Orientation Quat W": 0.0126600434839921,
            "BoundingBox3D Orientation Quat X": 0.0014454306648253,