{
    "CapturedObjects": [
        {
            "ActorName": "TRAFFIC_SIGN 71",
            "ObjectId": 71,
            "BoundingBox3D Origin X": 12.693750329723116,
            "BoundingBox3D Origin Y": -6.894696599600138,
            "BoundingBox3D Origin Z": 1.2955696024000645,
            "BoundingBox3D Extent X": 0.1,
            "BoundingBox3D Extent Y": 0.4031856189935762,
            "BoundingBox3D Extent Z": 0.4997455218914134,
            "BoundingBox3D Orientation Quat W": 0.1106037510641987,
            "BoundingBox3D Orientation Quat X": 0.002021142514213,
            "BoundingBox3D Orientation Quat Y": 0.0075356747978211,
            "BoundingBox3D Orientation Quat Z": 0.993833959391008,
            "ObjectType": "TRAFFIC_SIGN",
            "Occluded": {
                "F_MIDRANGECAM_C": 1.1589384030230576e-06
            },
            "Truncated": 0,
            "ObjectMeta": {
                "SourceID": 71,
                "SubType": "unknown",
                "Text": "",
                "OcrVersion": 10006
            }
        },
        {
            "ActorName": "TRAFFIC_SIGN 72",
            "ObjectId": 72,
            "BoundingBox3D Origin X": 14.607154495213765,
            "BoundingBox3D Origin Y": -7.431315985304536,
            "BoundingBox3D Origin Z": 1.835282036103308,
            "BoundingBox3D Extent X": 0.1,
            "BoundingBox3D Extent Y": 0.9388444663395614,
            "BoundingBox3D Extent Z": 0.3092811740232059,
            "BoundingBox3D Orientation Quat W": 0.282546305482628,
            "BoundingBox3D Orientation Quat X": 0.0006738087538792,
            "BoundingBox3D Orientation Quat Y": 0.007772641173792,
            "BoundingBox3D Orientation Quat Z": 0.9592219332818988,
            "ObjectType": "TRAFFIC_SIGN",
            "Occluded": {
                "F_MIDRANGECAM_C": 8.862424147082493e-05
            },
            "Truncated": 0,
            "ObjectMeta": {
                "SourceID": 72,
                "SubType": "us_yellow_ground_rectangle_unknown",
                "Text": "Chock and Shol Chun",
                "OcrVersion": 10006
            }
        },
        {
            "ActorName": "TRAFFIC_SIGN 73",
            "ObjectId": 73,
            "BoundingBox3D Origin X": 27.19140654310468,
            "BoundingBox3D Origin Y": -5.171483920974424,
            "BoundingBox3D Origin Z": 2.7614764412865043,
            "BoundingBox3D Extent X": 0.1,
            "BoundingBox3D Extent Y": 0.3362411013069622,
            "BoundingBox3D Extent Z": 0.4807453413399092,
            "BoundingBox3D Orientation Quat W": 0.1594355196004903,
            "BoundingBox3D Orientation Quat X": 0.0016486634437245,
            "BoundingBox3D Orientation Quat Y": 0.0076263403954567,
            "BoundingBox3D Orientation Quat Z": 0.9871775098383996,
            "ObjectType": "TRAFFIC_SIGN",
            "Occluded": {
                "F_MIDRANGECAM_C": 0.0028024297207593
            },
            "Truncated": 0,
            "ObjectMeta": {
                "SourceID": 73,
                "SubType": "us_white_ground_rectangle_unknown",
                "Text": "",
                "OcrVersion": 10006
            }
        },
        {
            "ActorName": "TRAFFIC_SIGN 74",
            "ObjectId": 74,
            "BoundingBox3D Origin X": 70.14513179880305,
            "BoundingBox3D Origin Y": -5.275574101528036,
            "BoundingBox3D Origin Z": 3.8835374340415,
            "BoundingBox3D Extent X": 0.1,
            "BoundingBox3D Extent Y": 1.0443760949039496,
            "BoundingBox3D Extent Z": 0.9445654290099652,
            "BoundingBox3D Orientation Quat W": 0.0683012823090817,
            "BoundingBox3D Orientation Quat X": 0.0023416737730562,
            "BoundingBox3D Orientation Quat Y": 0.0074436722514067,
            "BoundingBox3D Orientation Quat Z": 0.997634223121024,
            "ObjectType": "TRAFFIC_SIGN",
            "Occluded": {
                "F_MIDRANGECAM_C": 3.882122473441996e-05
            },
            "Truncated": 0,
            "ObjectMeta": {
                "SourceID": 74,
                "SubType": "us_white_ground_rectangle_unknown",
                "Text": "Ho",
                "OcrVersion": 10006
            }
        },
        {
            "ActorName": "TRAFFIC_SIGN 75",
            "ObjectId": 75,
            "BoundingBox3D Origin X": 59.84922567900503,
            "BoundingBox3D Origin Y": 12.43652639327047,
            "BoundingBox3D Origin Z": 0.7859589345753193,
            "BoundingBox3D Extent X": 0.1,
            "BoundingBox3D Extent Y": 0.9246897276089624,
            "BoundingBox3D Extent Z": 0.4851001072257914,
            "BoundingBox3D Orientation Quat W": -0.3120147142415077,
            "BoundingBox3D Orientation Quat X": 0.0049689291334253,
            "BoundingBox3D Orientation Quat Y": 0.0060161491603806,
            "BoundingBox3D Orientation Quat Z": 0.9500452272335972,
            "ObjectType": "TRAFFIC_SIGN",
            "Occluded": {
                "F_MIDRANGECAM_C": 0.9888598918914796
            },
            "Truncated": 0,
            "ObjectMeta": {
                "SourceID": 75,
                "SubType": "us_white_ground_rectangle_unknown",
                "Text": "",
                "OcrVersion": 10006
            }
        },
        {
            "ActorName": "TRAFFIC_SIGN 76",
            "ObjectId": 76,
            "BoundingBox3D Origin X": 70.09408756658377,
            "BoundingBox3D Origin Y": -5.285470298069413,
            "BoundingBox3D Origin Z": 3.1939957570284605,
            "BoundingBox3D Extent X": 0.1,
            "BoundingBox3D Extent Y": 0.6871968100218089,
            "BoundingBox3D Extent Z": 0.273953078968039,
            "BoundingBox3D Orientation Quat W": 0.1618283622394193,
            "BoundingBox3D Orientation Quat X": 0.0016335914095581,
            "BoundingBox3D Orientation Quat Y": 0.0076308310361693,
            "BoundingBox3D Orientation Quat Z": 0.9867880638575396,
            "ObjectType": "TRAFFIC_SIGN",
            "Occluded": {
                "F_MIDRANGECAM_C": 0.9905015230178832
            },
            "Truncated": 0,
            "ObjectMeta": {
                "SourceID": 76,
                "SubType": "us_white_ground_rectangle_unknown",
                "Text": "",
                "OcrVersion": 10006
            }
        },
        {
            "ActorName": "TRAFFIC_SIGN 77",
            "ObjectId": 77,
            "BoundingBox3D Origin X": 69.57796508382307,
            "BoundingBox3D Origin Y": -5.278775597078493,
            "BoundingBox3D Origin Z": 2.8476710626855493,
            "BoundingBox3D Extent X": 0.0999999999999999,
            "BoundingBox3D Extent Y": 0.60407060371918,
            "BoundingBox3D Extent Z": 0.2037042366830296,
            "BoundingBox3D Orientation Quat W": 0.201041827240525,
            "BoundingBox3D Orientation Quat X": 0.0013277983758192,
            "BoundingBox3D Orientation Quat Y": 0.0076898680734623,
            "BoundingBox3D Orientation Quat Z": 0.9795515742319424,
            "ObjectType": "TRAFFIC_SIGN",
            "Occluded": {
                "F_MIDRANGECAM_C": 0.9980595707893372
            },
            "Truncated": 0,
            "ObjectMeta": {
                "SourceID": 77,
                "SubType": "us_white_ground_rectangle_unknown",
                "Text": "",
                "OcrVersion": 10006
            }
        },
        {
            "ActorName": "TRAFFIC_SIGN 78",
            "ObjectId": 78,
            "BoundingBox3D Origin X": 135.59838025686622,
            "BoundingBox3D Origin Y": -5.254684925588663,
            "BoundingBox3D Origin Z": 1.9187909280881288,
            "BoundingBox3D Extent X": 0.1,
            "BoundingBox3D Extent Y": 0.3832816087039713,
            "BoundingBox3D Extent Z": 0.4357120768838613,
            "BoundingBox3D Orientation Quat W": 0.1090746861758537,