{
    "CapturedObjects": [
        {
            "ActorName": "TRAFFIC_SIGN 73",
            "ObjectId": 73,
            "BoundingBox3D Origin X": 9.13318055216223,
            "BoundingBox3D Origin Y": -5.12089110132365,
            "BoundingBox3D Origin Z": 2.886665125377476,
            "BoundingBox3D Extent X": 0.1,
            "BoundingBox3D Extent Y": 0.3362411013069622,
            "BoundingBox3D Extent Z": 0.4807453413399092,
            "BoundingBox3D Orientation Quat W": 0.154227242228754,
            "BoundingBox3D Orientation Quat X": 0.0010514361513304,
            "BoundingBox3D Orientation Quat Y": 0.007415801233934,
            "BoundingBox3D Orientation Quat Z": 0.9880070131980802,
            "ObjectType": "TRAFFIC_SIGN",
            "Occluded": {
                "F_MIDRANGECAM_C": 0.0022820364683866
            },
            "Truncated": 0,
            "ObjectMeta": {
                "SourceID": 73,
                "SubType": "us_white_ground_rectangle_unknown",
                "Text": "",
                "OcrVersion": 10006
            }
        },
        {
            "ActorName": "TRAFFIC_SIGN 74",
            "ObjectId": 74,
            "BoundingBox3D Origin X": 52.08459803009828,
            "BoundingBox3D Origin Y": -4.77199359680526,
            "BoundingBox3D Origin Z": 4.0586991077288985,
            "BoundingBox3D Extent X": 0.1,
            "BoundingBox3D Extent Y": 1.0443760949039496,
            "BoundingBox3D Extent Z": 0.9445654290099652,
            "BoundingBox3D Orientation Quat W": 0.0630398025356246,
            "BoundingBox3D Orientation Quat X": 0.0017280798886688,
            "BoundingBox3D Orientation Quat Y": 0.0072891167208566,
            "BoundingBox3D Orientation Quat Z": 0.9979828985576848,
            "ObjectType": "TRAFFIC_SIGN",
            "Occluded": {
                "F_MIDRANGECAM_C": 3.7227425764285726e-06
            },
            "Truncated": 0,
            "ObjectMeta": {
                "SourceID": 74,
                "SubType": "us_white_ground_rectangle_unknown",
                "Text": "Ho",
                "OcrVersion": 10006
            }
        },
        {
            "ActorName": "TRAFFIC_SIGN 75",
            "ObjectId": 75,
            "BoundingBox3D Origin X": 41.60580834608845,
            "BoundingBox3D Origin Y": 12.83126653295767,
            "BoundingBox3D Origin Z": 0.9534314237535,
            "BoundingBox3D Extent X": 0.1,
            "BoundingBox3D Extent Y": 0.9246897276089624,
            "BoundingBox3D Extent Z": 0.4851001072257914,
            "BoundingBox3D Orientation Quat W": -0.3170193937035806,
            "BoundingBox3D Orientation Quat X": 0.0043428725878139,
            "BoundingBox3D Orientation Quat Y": 0.0061058099678681,
            "BoundingBox3D Orientation Quat Z": 0.9483894572158296,
            "ObjectType": "TRAFFIC_SIGN",
            "Occluded": {
                "F_MIDRANGECAM_C": 0.9326087832450868
            },
            "Truncated": 0,
            "ObjectMeta": {
                "SourceID": 75,
                "SubType": "us_white_ground_rectangle_unknown",
                "Text": "",
                "OcrVersion": 10006
            }
        },
        {
            "ActorName": "TRAFFIC_SIGN 76",
            "ObjectId": 76,
            "BoundingBox3D Origin X": 52.03446910220737,
            "BoundingBox3D Origin Y": -4.782248630232061,
            "BoundingBox3D Origin Z": 3.3690982768312097,
            "BoundingBox3D Extent X": 0.1,
            "BoundingBox3D Extent Y": 0.6871968100218089,
            "BoundingBox3D Extent Z": 0.273953078968039,
            "BoundingBox3D Orientation Quat W": 0.1566220872845224,
            "BoundingBox3D Orientation Quat X": 0.0010368616197628,
            "BoundingBox3D Orientation Quat Y": 0.0074188541043528,
            "BoundingBox3D Orientation Quat Z": 0.9876301976430244,
            "ObjectType": "TRAFFIC_SIGN",
            "Occluded": {
                "F_MIDRANGECAM_C": 0.9740616083145142
            },
            "Truncated": 0,
            "ObjectMeta": {
                "SourceID": 76,
                "SubType": "us_white_ground_rectangle_unknown",
                "Text": "",
                "OcrVersion": 10006
            }
        },
        {
            "ActorName": "TRAFFIC_SIGN 77",
            "ObjectId": 77,
            "BoundingBox3D Origin X": 51.51870704879548,
            "BoundingBox3D Origin Y": -4.780910708999727,
            "BoundingBox3D Origin Z": 3.0221757208928466,
            "BoundingBox3D Extent X": 0.0999999999999999,
            "BoundingBox3D Extent Y": 0.60407060371918,
            "BoundingBox3D Extent Z": 0.2037042366830296,
            "BoundingBox3D Orientation Quat W": 0.195872880129507,
            "BoundingBox3D Orientation Quat X": 0.0007397925890055,
            "BoundingBox3D Orientation Quat Y": 0.0074541363309714,
            "BoundingBox3D Orientation Quat Z": 0.9806006849825551,
            "ObjectType": "TRAFFIC_SIGN",
            "Occluded": {
                "F_MIDRANGECAM_C": 0.993301510810852
            },
            "Truncated": 0,
            "ObjectMeta": {
                "SourceID": 77,
                "SubType": "us_white_ground_rectangle_unknown",
                "Text": "",
                "OcrVersion": 10006
            }
        },
        {
            "ActorName": "TRAFFIC_SIGN 78",
            "ObjectId": 78,
            "BoundingBox3D Origin X": 117.53674213305204,
            "BoundingBox3D Origin Y": -4.059892826830037,
            "BoundingBox3D Origin Z": 2.170159463770688,
            "BoundingBox3D Extent X": 0.1,
            "BoundingBox3D Extent Y": 0.3832816087039713,
            "BoundingBox3D Extent Z": 0.4357120768838613,
            "BoundingBox3D Orientation Quat W": 0.1038314925605533,
            "BoundingBox3D Orientation Quat X": 0.0014349589574488,
            "BoundingBox3D Orientation Quat Y": 0.0073540934433726,
            "BoundingBox3D Orientation Quat Z": 0.9945666791900202,
            "ObjectType": "TRAFFIC_SIGN",
            "Occluded": {
                "F_MIDRANGECAM_C": 0.9987807869911194
            },
            "Truncated": 0,
            "ObjectMeta": {
                "SourceID": 78,
                "SubType": "unknown",
                "Text": "",
                "OcrVersion": 10006
            }
        },
        {
            "ActorName": "TRAFFIC_SIGN 79",
            "ObjectId": 79,
            "BoundingBox3D Origin X": 127.28890949535344,
            "BoundingBox3D Origin Y": 23.4897186436574,
            "BoundingBox3D Origin Z": 5.250694326125085,
            "BoundingBox3D Extent X": 0.1,
            "BoundingBox3D Extent Y": 1.7107504098693462,
            "BoundingBox3D Extent Z": 0.6034869053535241,
            "BoundingBox3D Orientation Quat W": -0.3137452339833969,
            "BoundingBox3D Orientation Quat X": 0.0043290837265742,
            "BoundingBox3D Orientation Quat Y": 0.0061196495183153,
            "BoundingBox3D Orientation Quat Z": 0.949477612730582,
            "ObjectType": "TRAFFIC_SIGN",
            "Occluded": {
                "F_MIDRANGECAM_C": 0.9879189133644104
            },
            "Truncated": 0,
            "ObjectMeta": {
                "SourceID": 79,
                "SubType": "unknown",
                "Text": "",
                "OcrVersion": 10006
            }
        },
        {
            "ActorName": "TRAFFIC_SIGN 80",
            "ObjectId": 80,
            "BoundingBox3D Origin X": 165.07947833004437,
            "BoundingBox3D Origin Y": 9.755338948016288,
            "BoundingBox3D Origin Z": 6.013324689120054,
            "BoundingBox3D Extent X": 0.0999999999999999,
            "BoundingBox3D Extent Y": 0.9914366721812164,
            "BoundingBox3D Extent Z": 1.020302161968541,
            "BoundingBox3D Orientation Quat W": -0.1150498809731173,
            "BoundingBox3D Orientation Quat X": 0.0030037532283005,