{
    "CapturedObjects": [
        {
            "ActorName": "TRAFFIC_SIGN 71",
            "ObjectId": 71,
            "BoundingBox3D Origin X": 8.936218010690936,
            "BoundingBox3D Origin Y": -6.90797251330514,
            "BoundingBox3D Origin Z": 1.343075329437852,
            "BoundingBox3D Extent X": 0.1,
            "BoundingBox3D Extent Y": 0.4031856189935762,
            "BoundingBox3D Extent Z": 0.4997455218914134,
            "BoundingBox3D Orientation Quat W": 0.1100931870487489,
            "BoundingBox3D Orientation Quat X": 0.0002854574150314,
            "BoundingBox3D Orientation Quat Y": 0.0071678719787836,
            "BoundingBox3D Orientation Quat Z": 0.9938953819647262,
            "ObjectType": "TRAFFIC_SIGN",
            "Occluded": {
                "F_MIDRANGECAM_C": 4.352284668129869e-05
            },
            "Truncated": 0,
            "ObjectMeta": {
                "SourceID": 71,
                "SubType": "unknown",
                "Text": "",
                "OcrVersion": 10006
            }
        },
        {
            "ActorName": "TRAFFIC_SIGN 72",
            "ObjectId": 72,
            "BoundingBox3D Origin X": 10.84828179392025,
            "BoundingBox3D Origin Y": -7.442769439439871,
            "BoundingBox3D Origin Z": 1.889339717105031,
            "BoundingBox3D Extent X": 0.1,
            "BoundingBox3D Extent Y": 0.9388444663395614,
            "BoundingBox3D Extent Z": 0.3092811740232059,
            "BoundingBox3D Orientation Quat W": 0.2820529408395466,
            "BoundingBox3D Orientation Quat X": -0.0009716020608218,
            "BoundingBox3D Orientation Quat Y": 0.0071074456708773,
            "BoundingBox3D Orientation Quat Z": 0.9593720231324414,
            "ObjectType": "TRAFFIC_SIGN",
            "Occluded": {
                "F_MIDRANGECAM_C": 0.0001668851036811
            },
            "Truncated": 0,
            "ObjectMeta": {
                "SourceID": 72,
                "SubType": "us_yellow_ground_rectangle_unknown",
                "Text": "Chock and Shol Chun",
                "OcrVersion": 10006
            }
        },
        {
            "ActorName": "TRAFFIC_SIGN 73",
            "ObjectId": 73,
            "BoundingBox3D Origin X": 23.426821890843712,
            "BoundingBox3D Origin Y": -5.170037860458251,
            "BoundingBox3D Origin Z": 2.860618211328984,
            "BoundingBox3D Extent X": 0.1,
            "BoundingBox3D Extent Y": 0.3362411013069622,
            "BoundingBox3D Extent Z": 0.4807453413399092,
            "BoundingBox3D Orientation Quat W": 0.1589282445627193,
            "BoundingBox3D Orientation Quat X": -6.699504066406783e-05,
            "BoundingBox3D Orientation Quat Y": 0.0071735021456197,
            "BoundingBox3D Orientation Quat Z": 0.9872640728087112,
            "ObjectType": "TRAFFIC_SIGN",
            "Occluded": {
                "F_MIDRANGECAM_C": 3.033979555766564e-05
            },
            "Truncated": 0,
            "ObjectMeta": {
                "SourceID": 73,
                "SubType": "us_white_ground_rectangle_unknown",
                "Text": "",
                "OcrVersion": 10006
            }
        },
        {
            "ActorName": "TRAFFIC_SIGN 74",
            "ObjectId": 74,
            "BoundingBox3D Origin X": 66.3765280796415,
            "BoundingBox3D Origin Y": -5.229366850777296,
            "BoundingBox3D Origin Z": 4.133925532922149,
            "BoundingBox3D Extent X": 0.1,
            "BoundingBox3D Extent Y": 1.0443760949039496,
            "BoundingBox3D Extent Z": 0.9445654290099652,
            "BoundingBox3D Orientation Quat W": 0.0677888384219836,
            "BoundingBox3D Orientation Quat X": 0.0005921126034885,
            "BoundingBox3D Orientation Quat Y": 0.0071498945261087,
            "BoundingBox3D Orientation Quat Z": 0.997673895517132,
            "ObjectType": "TRAFFIC_SIGN",
            "Occluded": {
                "F_MIDRANGECAM_C": 3.71368441847153e-05
            },
            "Truncated": 0,
            "ObjectMeta": {
                "SourceID": 74,
                "SubType": "us_white_ground_rectangle_unknown",
                "Text": "Ho",
                "OcrVersion": 10006
            }
        },
        {
            "ActorName": "TRAFFIC_SIGN 75",
            "ObjectId": 75,
            "BoundingBox3D Origin X": 56.0727921074631,
            "BoundingBox3D Origin Y": 12.472969485985232,
            "BoundingBox3D Origin Z": 1.0061332313343885,
            "BoundingBox3D Extent X": 0.1,
            "BoundingBox3D Extent Y": 0.9246897276089624,
            "BoundingBox3D Extent Z": 0.4851001072257914,
            "BoundingBox3D Orientation Quat W": -0.3125046478870146,
            "BoundingBox3D Orientation Quat X": 0.0032387311438707,
            "BoundingBox3D Orientation Quat Y": 0.0064026864069376,
            "BoundingBox3D Orientation Quat Z": 0.949889131044442,
            "ObjectType": "TRAFFIC_SIGN",
            "Occluded": {
                "F_MIDRANGECAM_C": 0.7450754046440125
            },
            "Truncated": 0,
            "ObjectMeta": {
                "SourceID": 75,
                "SubType": "us_white_ground_rectangle_unknown",
                "Text": "",
                "OcrVersion": 10006
            }
        },
        {
            "ActorName": "TRAFFIC_SIGN 76",
            "ObjectId": 76,
            "BoundingBox3D Origin X": 66.32792421356498,
            "BoundingBox3D Origin Y": -5.239073976379586,
            "BoundingBox3D Origin Z": 3.444207120686769,
            "BoundingBox3D Extent X": 0.1,
            "BoundingBox3D Extent Y": 0.6871968100218089,
            "BoundingBox3D Extent Z": 0.273953078968039,
            "BoundingBox3D Orientation Quat W": 0.1613212801047814,
            "BoundingBox3D Orientation Quat X": -8.097420033551509e-05,
            "BoundingBox3D Orientation Quat Y": 0.0071738391817717,
            "BoundingBox3D Orientation Quat Z": 0.9868758655777978,
            "ObjectType": "TRAFFIC_SIGN",
            "Occluded": {
                "F_MIDRANGECAM_C": 0.9932518601417542
            },
            "Truncated": 0,
            "ObjectMeta": {
                "SourceID": 76,
                "SubType": "us_white_ground_rectangle_unknown",
                "Text": "",
                "OcrVersion": 10006
            }
        },
        {
            "ActorName": "TRAFFIC_SIGN 77",
            "ObjectId": 77,
            "BoundingBox3D Origin X": 65.81301704775979,
            "BoundingBox3D Origin Y": -5.232799966615858,
            "BoundingBox3D Origin Z": 3.096070032566786,
            "BoundingBox3D Extent X": 0.0999999999999999,
            "BoundingBox3D Extent Y": 0.60407060371918,
            "BoundingBox3D Extent Z": 0.2037042366830296,
            "BoundingBox3D Orientation Quat W": 0.2005383296805665,
            "BoundingBox3D Orientation Quat X": -0.0003673424559123,
            "BoundingBox3D Orientation Quat Y": 0.0071649332960317,
            "BoundingBox3D Orientation Quat Z": 0.9796595873666076,
            "ObjectType": "TRAFFIC_SIGN",
            "Occluded": {
                "F_MIDRANGECAM_C": 0.9967580437660216
            },
            "Truncated": 0,
            "ObjectMeta": {
                "SourceID": 77,
                "SubType": "us_white_ground_rectangle_unknown",
                "Text": "",
                "OcrVersion": 10006
            }
        },
        {
            "ActorName": "TRAFFIC_SIGN 78",
            "ObjectId": 78,
            "BoundingBox3D Origin X": 131.83640946652667,
            "BoundingBox3D Origin Y": -5.138977084352518,
            "BoundingBox3D Origin Z": 2.399744684807956,
            "BoundingBox3D Extent X": 0.1,
            "BoundingBox3D Extent Y": 0.3832816087039713,
            "BoundingBox3D Extent Z": 0.4357120768838613,
            "BoundingBox3D Orientation Quat W": 0.1085640392598778,