{
    "CapturedObjects": [
        {
            "ActorName": "TRAFFIC_SIGN 74",
            "ObjectId": 74,
            "BoundingBox3D Origin X": 41.51441516304658,
            "BoundingBox3D Origin Y": -4.713305594326812,
            "BoundingBox3D Origin Z": 4.272785707376897,
            "BoundingBox3D Extent X": 0.1,
            "BoundingBox3D Extent Y": 1.0443760949039496,
            "BoundingBox3D Extent Z": 0.9445654290099652,
            "BoundingBox3D Orientation Quat W": 0.0619311061171423,
            "BoundingBox3D Orientation Quat X": -0.0003363309367183,
            "BoundingBox3D Orientation Quat Y": 0.0074724782701353,
            "BoundingBox3D Orientation Quat Z": 0.9980523969437228,
            "ObjectType": "TRAFFIC_SIGN",
            "Occluded": {
                "F_MIDRANGECAM_C": 1.7281354303122498e-05
            },
            "Truncated": 0,
            "ObjectMeta": {
                "SourceID": 74,
                "SubType": "us_white_ground_rectangle_unknown",
                "Text": "Ho",
                "OcrVersion": 10006
            }
        },
        {
            "ActorName": "TRAFFIC_SIGN 75",
            "ObjectId": 75,
            "BoundingBox3D Origin X": 31.00872713614968,
            "BoundingBox3D Origin Y": 12.864446990337456,
            "BoundingBox3D Origin Z": 1.1138016991317272,
            "BoundingBox3D Extent X": 0.1,
            "BoundingBox3D Extent Y": 0.9246897276089624,
            "BoundingBox3D Extent Z": 0.4851001072257914,
            "BoundingBox3D Orientation Quat W": -0.3180749113877385,
            "BoundingBox3D Orientation Quat X": 0.0024984968790669,
            "BoundingBox3D Orientation Quat Y": 0.0070515487637352,
            "BoundingBox3D Orientation Quat Z": 0.9480360667817758,
            "ObjectType": "TRAFFIC_SIGN",
            "Occluded": {
                "F_MIDRANGECAM_C": 0.8883184790611267
            },
            "Truncated": 0,
            "ObjectMeta": {
                "SourceID": 75,
                "SubType": "us_white_ground_rectangle_unknown",
                "Text": "",
                "OcrVersion": 10006
            }
        },
        {
            "ActorName": "TRAFFIC_SIGN 76",
            "ObjectId": 76,
            "BoundingBox3D Origin X": 41.4671239408583,
            "BoundingBox3D Origin Y": -4.724098898717784,
            "BoundingBox3D Origin Z": 3.58298849593848,
            "BoundingBox3D Extent X": 0.1,
            "BoundingBox3D Extent Y": 0.6871968100218089,
            "BoundingBox3D Extent Z": 0.273953078968039,
            "BoundingBox3D Orientation Quat W": 0.155525177634811,
            "BoundingBox3D Orientation Quat X": -0.0010354092616784,
            "BoundingBox3D Orientation Quat Y": 0.0074073489023006,
            "BoundingBox3D Orientation Quat Z": 0.9878036131901732,
            "ObjectType": "TRAFFIC_SIGN",
            "Occluded": {
                "F_MIDRANGECAM_C": 0.1819948554039001
            },
            "Truncated": 0,
            "ObjectMeta": {
                "SourceID": 76,
                "SubType": "us_white_ground_rectangle_unknown",
                "Text": "",
                "OcrVersion": 10006
            }
        },
        {
            "ActorName": "TRAFFIC_SIGN 77",
            "ObjectId": 77,
            "BoundingBox3D Origin X": 40.95278071003531,
            "BoundingBox3D Origin Y": -4.724137610071921,
            "BoundingBox3D Origin Z": 3.233960300683975,
            "BoundingBox3D Extent X": 0.0999999999999999,
            "BoundingBox3D Extent Y": 0.60407060371918,
            "BoundingBox3D Extent Z": 0.2037042366830296,
            "BoundingBox3D Orientation Quat W": 0.1947838382190411,
            "BoundingBox3D Orientation Quat X": -0.0013302643411261,
            "BoundingBox3D Orientation Quat Y": 0.0073600420603116,
            "BoundingBox3D Orientation Quat Z": 0.980817677525396,
            "ObjectType": "TRAFFIC_SIGN",
            "Occluded": {
                "F_MIDRANGECAM_C": 0.9911164045333862
            },
            "Truncated": 0,
            "ObjectMeta": {
                "SourceID": 77,
                "SubType": "us_white_ground_rectangle_unknown",
                "Text": "",
                "OcrVersion": 10006
            }
        },
        {
            "ActorName": "TRAFFIC_SIGN 78",
            "ObjectId": 78,
            "BoundingBox3D Origin X": 106.97187414654444,
            "BoundingBox3D Origin Y": -3.854816792663769,
            "BoundingBox3D Origin Z": 2.6510386001318693,
            "BoundingBox3D Extent X": 0.1,
            "BoundingBox3D Extent Y": 0.3832816087039713,
            "BoundingBox3D Extent Z": 0.4357120768838613,
            "BoundingBox3D Orientation Quat W": 0.1027267421425986,
            "BoundingBox3D Orientation Quat X": -0.0006351275845283,
            "BoundingBox3D Orientation Quat Y": 0.0074528697153343,
            "BoundingBox3D Orientation Quat Z": 0.9946814906263844,
            "ObjectType": "TRAFFIC_SIGN",
            "Occluded": {
                "F_MIDRANGECAM_C": 0.9985289573669434
            },
            "Truncated": 0,
            "ObjectMeta": {
                "SourceID": 78,
                "SubType": "unknown",
                "Text": "",
                "OcrVersion": 10006
            }
        },
        {
            "ActorName": "TRAFFIC_SIGN 79",
            "ObjectId": 79,
            "BoundingBox3D Origin X": 116.64922950412188,
            "BoundingBox3D Origin Y": 23.71872609991988,
            "BoundingBox3D Origin Z": 5.754257082939148,
            "BoundingBox3D Extent X": 0.1,
            "BoundingBox3D Extent Y": 1.7107504098693462,
            "BoundingBox3D Extent Z": 0.6034869053535241,
            "BoundingBox3D Orientation Quat W": -0.3148019493758845,
            "BoundingBox3D Orientation Quat X": 0.0024814561348541,
            "BoundingBox3D Orientation Quat Y": 0.0070590367216291,
            "BoundingBox3D Orientation Quat Z": 0.9491278865596334,
            "ObjectType": "TRAFFIC_SIGN",
            "Occluded": {
                "F_MIDRANGECAM_C": 0.99860817193985
            },
            "Truncated": 0,
            "ObjectMeta": {
                "SourceID": 79,
                "SubType": "unknown",
                "Text": "",
                "OcrVersion": 10006
            }
        },
        {
            "ActorName": "TRAFFIC_SIGN 80",
            "ObjectId": 80,
            "BoundingBox3D Origin X": 154.46720382791727,
            "BoundingBox3D Origin Y": 10.069986001835789,
            "BoundingBox3D Origin Z": 6.679714780300856,
            "BoundingBox3D Extent X": 0.0999999999999999,
            "BoundingBox3D Extent Y": 0.9914366721812164,
            "BoundingBox3D Extent Z": 1.020302161968541,
            "BoundingBox3D Orientation Quat W": -0.1161543259472492,
            "BoundingBox3D Orientation Quat X": 0.001004275868052,
            "BoundingBox3D Orientation Quat Y": 0.007413772678798,
            "BoundingBox3D Orientation Quat Z": 0.9932030003822924,
            "ObjectType": "TRAFFIC_SIGN",
            "Occluded": {
                "F_MIDRANGECAM_C": 0.999339997768402
            },
            "Truncated": 0,
            "ObjectMeta": {
                "SourceID": 80,
                "SubType": "us_white_ground_rectangle_unknown",
                "Text": "Lt.",
                "OcrVersion": 10006
            }
        },
        {
            "ActorName": "TRAFFIC_SIGN 81",
            "ObjectId": 81,
            "BoundingBox3D Origin X": 155.6598879308458,
            "BoundingBox3D Origin Y": -4.032475357424119,
            "BoundingBox3D Origin Z": 5.118187963031232,
            "BoundingBox3D Extent X": 0.1,
            "BoundingBox3D Extent Y": 0.7463736033616835,
            "BoundingBox3D Extent Z": 0.983651782538956,
            "BoundingBox3D Orientation Quat W": 0.0688456551436651,