{
    "CapturedObjects": [
        {
            "ActorName": "TRAFFIC_SIGN 74",
            "ObjectId": 74,
            "BoundingBox3D Origin X": 19.209423703119683,
            "BoundingBox3D Origin Y": -5.088697488830803,
            "BoundingBox3D Origin Z": 4.412179435603321,
            "BoundingBox3D Extent X": 0.1,
            "BoundingBox3D Extent Y": 1.0443760949039496,
            "BoundingBox3D Extent Z": 0.9445654290099652,
            "BoundingBox3D Orientation Quat W": 0.0644410789666492,
            "BoundingBox3D Orientation Quat X": -0.004192020303081,
            "BoundingBox3D Orientation Quat Y": 0.0002763563263252,
            "BoundingBox3D Orientation Quat Z": 0.9979126704950558,
            "ObjectType": "TRAFFIC_SIGN",
            "Occluded": {
                "F_MIDRANGECAM_C": 4.793778498424217e-05
            },
            "Truncated": 0,
            "ObjectMeta": {
                "SourceID": 74,
                "SubType": "us_white_ground_rectangle_unknown",
                "Text": "Ho",
                "OcrVersion": 10006
            }
        },
        {
            "ActorName": "TRAFFIC_SIGN 75",
            "ObjectId": 75,
            "BoundingBox3D Origin X": 8.817951535296743,
            "BoundingBox3D Origin Y": 12.583626882345923,
            "BoundingBox3D Origin Z": 1.407806589268148,
            "BoundingBox3D Extent X": 0.1,
            "BoundingBox3D Extent Y": 0.9246897276089624,
            "BoundingBox3D Extent Z": 0.4851001072257914,
            "BoundingBox3D Orientation Quat W": -0.3156944761186035,
            "BoundingBox3D Orientation Quat X": -0.0037807795840814,
            "BoundingBox3D Orientation Quat Y": 0.0018346538596215,
            "BoundingBox3D Orientation Quat Z": 0.9488515887635708,
            "ObjectType": "TRAFFIC_SIGN",
            "Occluded": {
                "F_CTCAM_L": 0.0
            },
            "Truncated": 0,
            "ObjectMeta": {
                "SourceID": 75,
                "SubType": "us_white_ground_rectangle_unknown",
                "Text": "",
                "OcrVersion": 10006
            }
        },
        {
            "ActorName": "TRAFFIC_SIGN 76",
            "ObjectId": 76,
            "BoundingBox3D Origin X": 19.168055305861344,
            "BoundingBox3D Origin Y": -5.089688412354008,
            "BoundingBox3D Origin Z": 3.7219201624393454,
            "BoundingBox3D Extent X": 0.1,
            "BoundingBox3D Extent Y": 0.6871968100218089,
            "BoundingBox3D Extent Z": 0.273953078968039,
            "BoundingBox3D Orientation Quat W": -0.1580106970008193,
            "BoundingBox3D Orientation Quat X": 0.0041972892410361,
            "BoundingBox3D Orientation Quat Y": 0.0001195155605703,
            "BoundingBox3D Orientation Quat Z": -0.987428472403127,
            "ObjectType": "TRAFFIC_SIGN",
            "Occluded": {
                "F_MIDRANGECAM_C": 0.0004787488142028
            },
            "Truncated": 0,
            "ObjectMeta": {
                "SourceID": 76,
                "SubType": "us_white_ground_rectangle_unknown",
                "Text": "",
                "OcrVersion": 10006
            }
        },
        {
            "ActorName": "TRAFFIC_SIGN 77",
            "ObjectId": 77,
            "BoundingBox3D Origin X": 18.65676054942014,
            "BoundingBox3D Origin Y": -5.082303443702585,
            "BoundingBox3D Origin Z": 3.368520863354206,
            "BoundingBox3D Extent X": 0.0999999999999999,
            "BoundingBox3D Extent Y": 0.60407060371918,
            "BoundingBox3D Extent Z": 0.2037042366830296,
            "BoundingBox3D Orientation Quat W": -0.1972524313411766,
            "BoundingBox3D Orientation Quat X": 0.0041895823231965,
            "BoundingBox3D Orientation Quat Y": 0.0002868888620546,
            "BoundingBox3D Orientation Quat Z": -0.9803437373823188,
            "ObjectType": "TRAFFIC_SIGN",
            "Occluded": {
                "F_MIDRANGECAM_C": 0.0980001389980316
            },
            "Truncated": 0,
            "ObjectMeta": {
                "SourceID": 77,
                "SubType": "us_white_ground_rectangle_unknown",
                "Text": "",
                "OcrVersion": 10006
            }
        },
        {
            "ActorName": "TRAFFIC_SIGN 78",
            "ObjectId": 78,
            "BoundingBox3D Origin X": 84.68180928509537,
            "BoundingBox3D Origin Y": -4.536759438486115,
            "BoundingBox3D Origin Z": 3.3648775862529874,
            "BoundingBox3D Extent X": 0.1,
            "BoundingBox3D Extent Y": 0.3832816087039713,
            "BoundingBox3D Extent Z": 0.4357120768838613,
            "BoundingBox3D Orientation Quat W": 0.1052287438436615,
            "BoundingBox3D Orientation Quat X": -0.0041931068240063,
            "BoundingBox3D Orientation Quat Y": 0.0001049554395334,
            "BoundingBox3D Orientation Quat Z": 0.9944391978942724,
            "ObjectType": "TRAFFIC_SIGN",
            "Occluded": {
                "F_MIDRANGECAM_C": 0.999743640422821
            },
            "Truncated": 0,
            "ObjectMeta": {
                "SourceID": 78,
                "SubType": "unknown",
                "Text": "",
                "OcrVersion": 10006
            }
        },
        {
            "ActorName": "TRAFFIC_SIGN 79",
            "ObjectId": 79,
            "BoundingBox3D Origin X": 94.4672138008973,
            "BoundingBox3D Origin Y": 22.941963383702387,
            "BoundingBox3D Origin Z": 6.934220597147942,
            "BoundingBox3D Extent X": 0.1,
            "BoundingBox3D Extent Y": 1.7107504098693462,
            "BoundingBox3D Extent Z": 0.6034869053535241,
            "BoundingBox3D Orientation Quat W": -0.3124187918604472,
            "BoundingBox3D Orientation Quat X": -0.0037797866437979,
            "BoundingBox3D Orientation Quat Y": 0.0018204860391416,
            "BoundingBox3D Orientation Quat Z": 0.949935207019914,
            "ObjectType": "TRAFFIC_SIGN",
            "Occluded": {
                "F_MIDRANGECAM_C": 0.9968640804290771
            },
            "Truncated": 0,
            "ObjectMeta": {
                "SourceID": 79,
                "SubType": "unknown",
                "Text": "",
                "OcrVersion": 10006
            }
        },
        {
            "ActorName": "TRAFFIC_SIGN 80",
            "ObjectId": 80,
            "BoundingBox3D Origin X": 132.20821861349395,
            "BoundingBox3D Origin Y": 9.091916940299598,
            "BoundingBox3D Origin Z": 7.994621799327433,
            "BoundingBox3D Extent X": 0.0999999999999999,
            "BoundingBox3D Extent Y": 0.9914366721812164,
            "BoundingBox3D Extent Z": 1.020302161968541,
            "BoundingBox3D Orientation Quat W": -0.1136585484349808,
            "BoundingBox3D Orientation Quat X": -0.0040670053415638,
            "BoundingBox3D Orientation Quat Y": 0.0010160576861876,
            "BoundingBox3D Orientation Quat Z": 0.993511027347952,
            "ObjectType": "TRAFFIC_SIGN",
            "Occluded": {
                "F_MIDRANGECAM_C": 0.1219399645924568
            },
            "Truncated": 0,
            "ObjectMeta": {
                "SourceID": 80,
                "SubType": "us_white_ground_rectangle_unknown",
                "Text": "Lt.",
                "OcrVersion": 10006
            }
        },
        {
            "ActorName": "TRAFFIC_SIGN 81",
            "ObjectId": 81,
            "BoundingBox3D Origin X": 133.3451065187037,
            "BoundingBox3D Origin Y": -4.9932694015260495,
            "BoundingBox3D Origin Z": 6.247454298660159,
            "BoundingBox3D Extent X": 0.1,
            "BoundingBox3D Extent Y": 0.7463736033616835,
            "BoundingBox3D Extent Z": 0.983651782538956,
            "BoundingBox3D Orientation Quat W": 0.0713545208724053,
            "BoundingBox3D Orientation Quat X": -0.0041851070076427,