{
    "CapturedObjects": [
        {
            "ActorName": "TRAFFIC_SIGN 78",
            "ObjectId": 78,
            "BoundingBox3D Origin X": 35.42901624218939,
            "BoundingBox3D Origin Y": -5.026485852285987,
            "BoundingBox3D Origin Z": 2.728773499839008,
            "BoundingBox3D Extent X": 0.1,
            "BoundingBox3D Extent Y": 0.3832816087039713,
            "BoundingBox3D Extent Z": 0.4357120768838613,
            "BoundingBox3D Orientation Quat W": 0.1075083080953374,
            "BoundingBox3D Orientation Quat X": -0.0010568563773276,
            "BoundingBox3D Orientation Quat Y": 0.0021932878932504,
            "BoundingBox3D Orientation Quat Z": 0.9942012051055324,
            "ObjectType": "TRAFFIC_SIGN",
            "Occluded": {
                "F_MIDRANGECAM_C": 0.7205137610435486
            },
            "Truncated": 0,
            "ObjectMeta": {
                "SourceID": 78,
                "SubType": "unknown",
                "Text": "",
                "OcrVersion": 10006
            }
        },
        {
            "ActorName": "TRAFFIC_SIGN 79",
            "ObjectId": 79,
            "BoundingBox3D Origin X": 45.36375263664013,
            "BoundingBox3D Origin Y": 22.419130507063528,
            "BoundingBox3D Origin Z": 6.136822368949652,
            "BoundingBox3D Extent X": 0.1,
            "BoundingBox3D Extent Y": 1.7107504098693462,
            "BoundingBox3D Extent Z": 0.6034869053535241,
            "BoundingBox3D Orientation Quat W": -0.3102476525198963,
            "BoundingBox3D Orientation Quat X": -6.154386833479558e-05,
            "BoundingBox3D Orientation Quat Y": 0.0024351834827669,
            "BoundingBox3D Orientation Quat Z": 0.9506526496042872,
            "ObjectType": "TRAFFIC_SIGN",
            "Occluded": {
                "F_MIDRANGECAM_C": 0.9979901313781738
            },
            "Truncated": 0,
            "ObjectMeta": {
                "SourceID": 79,
                "SubType": "unknown",
                "Text": "",
                "OcrVersion": 10006
            }
        },
        {
            "ActorName": "TRAFFIC_SIGN 80",
            "ObjectId": 80,
            "BoundingBox3D Origin X": 83.046904604671,
            "BoundingBox3D Origin Y": 8.398873348833149,
            "BoundingBox3D Origin Z": 6.994124733842909,
            "BoundingBox3D Extent X": 0.0999999999999999,
            "BoundingBox3D Extent Y": 0.9914366721812164,
            "BoundingBox3D Extent Z": 1.020302161968541,
            "BoundingBox3D Orientation Quat W": -0.1113843543628312,
            "BoundingBox3D Orientation Quat X": -0.0005511073429496,
            "BoundingBox3D Orientation Quat Y": 0.0023710123184291,
            "BoundingBox3D Orientation Quat Z": 0.9937744211763848,
            "ObjectType": "TRAFFIC_SIGN",
            "Occluded": {
                "F_MIDRANGECAM_C": 0.950535535812378
            },
            "Truncated": 0,
            "ObjectMeta": {
                "SourceID": 80,
                "SubType": "us_white_ground_rectangle_unknown",
                "Text": "Lt.",
                "OcrVersion": 10006
            }
        },
        {
            "ActorName": "TRAFFIC_SIGN 81",
            "ObjectId": 81,
            "BoundingBox3D Origin X": 84.10755226513902,
            "BoundingBox3D Origin Y": -5.697431163865986,
            "BoundingBox3D Origin Z": 5.288638943806291,
            "BoundingBox3D Extent X": 0.1,
            "BoundingBox3D Extent Y": 0.7463736033616835,
            "BoundingBox3D Extent Z": 0.983651782538956,
            "BoundingBox3D Orientation Quat W": 0.0736405798756251,
            "BoundingBox3D Orientation Quat X": -0.0009796254257275,
            "BoundingBox3D Orientation Quat Y": 0.0022282761486532,
            "BoundingBox3D Orientation Quat Z": 0.9972818759583532,
            "ObjectType": "TRAFFIC_SIGN",
            "Occluded": {
                "F_MIDRANGECAM_C": 0.9924125075340272
            },
            "Truncated": 0,
            "ObjectMeta": {
                "SourceID": 81,
                "SubType": "us_white_ground_rectangle_unknown",
                "Text": "A",
                "OcrVersion": 10006
            }
        },
        {
            "ActorName": "TRAFFIC_SIGN 82",
            "ObjectId": 82,
            "BoundingBox3D Origin X": 84.0200224896289,
            "BoundingBox3D Origin Y": -1.5226991463496231,
            "BoundingBox3D Origin Z": 6.325927436351776,
            "BoundingBox3D Extent X": 0.1,
            "BoundingBox3D Extent Y": 2.213188412608715,
            "BoundingBox3D Extent Z": 0.5427212993728956,
            "BoundingBox3D Orientation Quat W": 0.0164932188940104,
            "BoundingBox3D Orientation Quat X": -0.0008500209840189,
            "BoundingBox3D Orientation Quat Y": 0.0022806979718674,
            "BoundingBox3D Orientation Quat Z": 0.9998610151474064,
            "ObjectType": "TRAFFIC_SIGN",
            "Occluded": {
                "F_MIDRANGECAM_C": 0.9954392313957214
            },
            "Truncated": 0,
            "ObjectMeta": {
                "SourceID": 82,
                "SubType": "unknown",
                "Text": "",
                "OcrVersion": 10006
            }
        },
        {
            "ActorName": "TRAFFIC_SIGN 83",
            "ObjectId": 83,
            "BoundingBox3D Origin X": 80.06610096701661,
            "BoundingBox3D Origin Y": -10.867773063437198,
            "BoundingBox3D Origin Z": 3.5731982570141554,
            "BoundingBox3D Extent X": 0.1,
            "BoundingBox3D Extent Y": 0.5022577767826779,
            "BoundingBox3D Extent Z": 0.4764159543296132,
            "BoundingBox3D Orientation Quat W": 0.1584750743214563,
            "BoundingBox3D Orientation Quat X": -0.0011649602128487,
            "BoundingBox3D Orientation Quat Y": 0.0021362642337647,
            "BoundingBox3D Orientation Quat Z": 0.9873599799777356,
            "ObjectType": "TRAFFIC_SIGN",
            "Occluded": {
                "F_MIDRANGECAM_C": 0.994342803955078
            },
            "Truncated": 0,
            "ObjectMeta": {
                "SourceID": 83,
                "SubType": "unknown",
                "Text": "",
                "OcrVersion": 10006
            }
        },
        {
            "ActorName": "TRAFFIC_SIGN 84",
            "ObjectId": 84,
            "BoundingBox3D Origin X": 80.76410448346178,
            "BoundingBox3D Origin Y": -10.930751586965926,
            "BoundingBox3D Origin Z": 2.8162719011306763,
            "BoundingBox3D Extent X": 0.1,
            "BoundingBox3D Extent Y": 0.5902100148686099,
            "BoundingBox3D Extent Z": 0.6262998747597067,
            "BoundingBox3D Orientation Quat W": 0.413177445474197,
            "BoundingBox3D Orientation Quat X": -0.0016870758155853,
            "BoundingBox3D Orientation Quat Y": 0.0017541281262418,
            "BoundingBox3D Orientation Quat Z": 0.910647283727968,
            "ObjectType": "TRAFFIC_SIGN",
            "Occluded": {
                "F_MIDRANGECAM_C": 0.9994820952415466
            },
            "Truncated": 0,
            "ObjectMeta": {
                "SourceID": 84,
                "SubType": "us_white_ground_rectangle_unknown",
                "Text": "",
                "OcrVersion": 10006
            }
        },
        {
            "ActorName": "TRAFFIC_SIGN 85",
            "ObjectId": 85,
            "BoundingBox3D Origin X": 83.67792142448343,
            "BoundingBox3D Origin Y": -9.339970114884636,
            "BoundingBox3D Origin Z": 2.777146832086146,
            "BoundingBox3D Extent X": 0.1,
            "BoundingBox3D Extent Y": 0.4321764308658682,
            "BoundingBox3D Extent Z": 0.619127164289498,
            "BoundingBox3D Orientation Quat W": 0.1503094394823705,
            "BoundingBox3D Orientation Quat X": -0.0011476988553666,