{
    "CapturedObjects": [
        {
            "ActorName": "TRAFFIC_SIGN 71",
            "ObjectId": 71,
            "BoundingBox3D Origin X": 11.945453935826665,
            "BoundingBox3D Origin Y": -6.897432517929701,
            "BoundingBox3D Origin Z": 1.291398050263524,
            "BoundingBox3D Extent X": 0.1,
            "BoundingBox3D Extent Y": 0.4031856189935762,
            "BoundingBox3D Extent Z": 0.4997455218914134,
            "BoundingBox3D Orientation Quat W": 0.1104884618028989,
            "BoundingBox3D Orientation Quat X": 0.002197901274628,
            "BoundingBox3D Orientation Quat Y": 0.0071784244241335,
            "BoundingBox3D Orientation Quat Z": 0.993849052553356,
            "ObjectType": "TRAFFIC_SIGN",
            "Occluded": {
                "F_MIDRANGECAM_C": 3.522822225932032e-05
            },
            "Truncated": 0,
            "ObjectMeta": {
                "SourceID": 71,
                "SubType": "unknown",
                "Text": "",
                "OcrVersion": 10006
            }
        },
        {
            "ActorName": "TRAFFIC_SIGN 72",
            "ObjectId": 72,
            "BoundingBox3D Origin X": 13.859132499448606,
            "BoundingBox3D Origin Y": -7.434020583532401,
            "BoundingBox3D Origin Z": 1.8301725564524527,
            "BoundingBox3D Extent X": 0.1,
            "BoundingBox3D Extent Y": 0.9388444663395614,
            "BoundingBox3D Extent Z": 0.3092811740232059,
            "BoundingBox3D Orientation Quat W": 0.2824347467122448,
            "BoundingBox3D Orientation Quat X": 0.0009095520063307,
            "BoundingBox3D Orientation Quat Y": 0.0074511882978617,
            "BoundingBox3D Orientation Quat Z": 0.959257142979758,
            "ObjectType": "TRAFFIC_SIGN",
            "Occluded": {
                "F_MIDRANGECAM_C": 0.0001690070785116
            },
            "Truncated": 0,
            "ObjectMeta": {
                "SourceID": 72,
                "SubType": "us_yellow_ground_rectangle_unknown",
                "Text": "Chock and Shol Chun",
                "OcrVersion": 10006
            }
        },
        {
            "ActorName": "TRAFFIC_SIGN 73",
            "ObjectId": 73,
            "BoundingBox3D Origin X": 26.44310371325264,
            "BoundingBox3D Origin Y": -5.171995001350297,
            "BoundingBox3D Origin Z": 2.7545259473845363,
            "BoundingBox3D Extent X": 0.1,
            "BoundingBox3D Extent Y": 0.3362411013069622,
            "BoundingBox3D Extent Z": 0.4807453413399092,
            "BoundingBox3D Orientation Quat W": 0.1593210297015231,
            "BoundingBox3D Orientation Quat X": 0.0018426261042436,
            "BoundingBox3D Orientation Quat Y": 0.0072780420203162,
            "BoundingBox3D Orientation Quat Z": 0.9871982801485408,
            "ObjectType": "TRAFFIC_SIGN",
            "Occluded": {
                "F_MIDRANGECAM_C": 0.0008098176913335
            },
            "Truncated": 0,
            "ObjectMeta": {
                "SourceID": 73,
                "SubType": "us_white_ground_rectangle_unknown",
                "Text": "",
                "OcrVersion": 10006
            }
        },
        {
            "ActorName": "TRAFFIC_SIGN 74",
            "ObjectId": 74,
            "BoundingBox3D Origin X": 69.39718030172662,
            "BoundingBox3D Origin Y": -5.267100944911363,
            "BoundingBox3D Origin Z": 3.864492585882545,
            "BoundingBox3D Extent X": 0.1,
            "BoundingBox3D Extent Y": 1.0443760949039496,
            "BoundingBox3D Extent Z": 0.9445654290099652,
            "BoundingBox3D Orientation Quat W": 0.0681854512527046,
            "BoundingBox3D Orientation Quat X": 0.002503245228261,
            "BoundingBox3D Orientation Quat Y": 0.007079416700541,
            "BoundingBox3D Orientation Quat Z": 0.9976444055173028,
            "ObjectType": "TRAFFIC_SIGN",
            "Occluded": {
                "F_MIDRANGECAM_C": 6.893929094076157e-05
            },
            "Truncated": 0,
            "ObjectMeta": {
                "SourceID": 74,
                "SubType": "us_white_ground_rectangle_unknown",
                "Text": "Ho",
                "OcrVersion": 10006
            }
        },
        {
            "ActorName": "TRAFFIC_SIGN 75",
            "ObjectId": 75,
            "BoundingBox3D Origin X": 59.09621787037031,
            "BoundingBox3D Origin Y": 12.44503350785817,
            "BoundingBox3D Origin Z": 0.7830038638785481,
            "BoundingBox3D Extent X": 0.1,
            "BoundingBox3D Extent Y": 0.9246897276089624,
            "BoundingBox3D Extent Z": 0.4851001072257914,
            "BoundingBox3D Orientation Quat W": -0.3121283747135178,
            "BoundingBox3D Orientation Quat X": 0.0049819982395073,
            "BoundingBox3D Orientation Quat Y": 0.0056196929570514,
            "BoundingBox3D Orientation Quat Z": 0.950010250704332,
            "ObjectType": "TRAFFIC_SIGN",
            "Occluded": {
                "F_MIDRANGECAM_C": 0.919185996055603
            },
            "Truncated": 0,
            "ObjectMeta": {
                "SourceID": 75,
                "SubType": "us_white_ground_rectangle_unknown",
                "Text": "",
                "OcrVersion": 10006
            }
        },
        {
            "ActorName": "TRAFFIC_SIGN 76",
            "ObjectId": 76,
            "BoundingBox3D Origin X": 69.34595231518324,
            "BoundingBox3D Origin Y": -5.276492369230255,
            "BoundingBox3D Origin Z": 3.1749619534239173,
            "BoundingBox3D Extent X": 0.1,
            "BoundingBox3D Extent Y": 0.6871968100218089,
            "BoundingBox3D Extent Z": 0.273953078968039,
            "BoundingBox3D Orientation Quat W": 0.1617139151464489,
            "BoundingBox3D Orientation Quat X": 0.0018283879449914,
            "BoundingBox3D Orientation Quat Y": 0.007282995880707,
            "BoundingBox3D Orientation Quat Z": 0.9868091125524384,
            "ObjectType": "TRAFFIC_SIGN",
            "Occluded": {
                "F_MIDRANGECAM_C": 0.997962474822998
            },
            "Truncated": 0,
            "ObjectMeta": {
                "SourceID": 76,
                "SubType": "us_white_ground_rectangle_unknown",
                "Text": "",
                "OcrVersion": 10006
            }
        },
        {
            "ActorName": "TRAFFIC_SIGN 77",
            "ObjectId": 77,
            "BoundingBox3D Origin X": 68.82973449432029,
            "BoundingBox3D Origin Y": -5.269656291347928,
            "BoundingBox3D Origin Z": 2.828788638114929,
            "BoundingBox3D Extent X": 0.0999999999999999,
            "BoundingBox3D Extent Y": 0.60407060371918,
            "BoundingBox3D Extent Z": 0.2037042366830296,
            "BoundingBox3D Orientation Quat W": 0.2009281727628667,
            "BoundingBox3D Orientation Quat X": 0.0015361393033845,
            "BoundingBox3D Orientation Quat Y": 0.0073499443557595,
            "BoundingBox3D Orientation Quat Z": 0.9795771985832376,
            "ObjectType": "TRAFFIC_SIGN",
            "Occluded": {
                "F_MIDRANGECAM_C": 0.9981606602668762
            },
            "Truncated": 0,
            "ObjectMeta": {
                "SourceID": 77,
                "SubType": "us_white_ground_rectangle_unknown",
                "Text": "",
                "OcrVersion": 10006
            }
        },
        {
            "ActorName": "TRAFFIC_SIGN 78",
            "ObjectId": 78,
            "BoundingBox3D Origin X": 134.84992978982336,
            "BoundingBox3D Origin Y": -5.229768470657291,
            "BoundingBox3D Origin Z": 1.881472379900515,
            "BoundingBox3D Extent X": 0.1,
            "BoundingBox3D Extent Y": 0.3832816087039713,
            "BoundingBox3D Extent Z": 0.4357120768838613,
            "BoundingBox3D Orientation Quat W": 0.1089593713315323,