{
    "CapturedObjects": [
        {
            "ActorName": "TRAFFIC_SIGN 74",
            "ObjectId": 74,
            "BoundingBox3D Origin X": 33.988087749230544,
            "BoundingBox3D Origin Y": -4.922935760012479,
            "BoundingBox3D Origin Z": 4.324155082926154,
            "BoundingBox3D Extent X": 0.1,
            "BoundingBox3D Extent Y": 1.0443760949039496,
            "BoundingBox3D Extent Z": 0.9445654290099652,
            "BoundingBox3D Orientation Quat W": 0.0638569996610397,
            "BoundingBox3D Orientation Quat X": -0.0010738441105469,
            "BoundingBox3D Orientation Quat Y": 0.0053162817365016,
            "BoundingBox3D Orientation Quat Z": 0.9979443208925104,
            "ObjectType": "TRAFFIC_SIGN",
            "Occluded": {
                "F_MIDRANGECAM_C": 0.0001108035139623
            },
            "Truncated": 0,
            "ObjectMeta": {
                "SourceID": 74,
                "SubType": "us_white_ground_rectangle_unknown",
                "Text": "Ho",
                "OcrVersion": 10006
            }
        },
        {
            "ActorName": "TRAFFIC_SIGN 75",
            "ObjectId": 75,
            "BoundingBox3D Origin X": 23.55567115702433,
            "BoundingBox3D Origin Y": 12.708214190613944,
            "BoundingBox3D Origin Z": 1.2206679759547114,
            "BoundingBox3D Extent X": 0.1,
            "BoundingBox3D Extent Y": 0.9246897276089624,
            "BoundingBox3D Extent Z": 0.4851001072257914,
            "BoundingBox3D Orientation Quat W": -0.3162487075758422,
            "BoundingBox3D Orientation Quat X": 0.0010057114600192,
            "BoundingBox3D Orientation Quat Y": 0.0053305873945088,
            "BoundingBox3D Orientation Quat Z": 0.9486608078439304,
            "ObjectType": "TRAFFIC_SIGN",
            "Occluded": {
                "F_MIDRANGECAM_C": 0.0088916951790452
            },
            "Truncated": 0,
            "ObjectMeta": {
                "SourceID": 75,
                "SubType": "us_white_ground_rectangle_unknown",
                "Text": "",
                "OcrVersion": 10006
            }
        },
        {
            "ActorName": "TRAFFIC_SIGN 76",
            "ObjectId": 76,
            "BoundingBox3D Origin X": 33.94197852443904,
            "BoundingBox3D Origin Y": -4.9306432293815305,
            "BoundingBox3D Origin Z": 3.634241487830877,
            "BoundingBox3D Extent X": 0.1,
            "BoundingBox3D Extent Y": 0.6871968100218089,
            "BoundingBox3D Extent Z": 0.273953078968039,
            "BoundingBox3D Orientation Quat W": 0.1574322498293411,
            "BoundingBox3D Orientation Quat X": -0.0015671884531588,
            "BoundingBox3D Orientation Quat Y": 0.0051916947947632,
            "BoundingBox3D Orientation Quat Z": 0.9875148996036378,
            "ObjectType": "TRAFFIC_SIGN",
            "Occluded": {
                "F_MIDRANGECAM_C": 0.0002190331724705
            },
            "Truncated": 0,
            "ObjectMeta": {
                "SourceID": 76,
                "SubType": "us_white_ground_rectangle_unknown",
                "Text": "",
                "OcrVersion": 10006
            }
        },
        {
            "ActorName": "TRAFFIC_SIGN 77",
            "ObjectId": 77,
            "BoundingBox3D Origin X": 33.42825878720578,
            "BoundingBox3D Origin Y": -4.9272329745290335,
            "BoundingBox3D Origin Z": 3.284313050098717,
            "BoundingBox3D Extent X": 0.0999999999999999,
            "BoundingBox3D Extent Y": 0.60407060371918,
            "BoundingBox3D Extent Z": 0.2037042366830296,
            "BoundingBox3D Orientation Quat W": 0.1966778712960669,
            "BoundingBox3D Orientation Quat X": -0.0017733883681779,
            "BoundingBox3D Orientation Quat Y": 0.0051251270432456,
            "BoundingBox3D Orientation Quat Z": 0.980453162118892,
            "ObjectType": "TRAFFIC_SIGN",
            "Occluded": {
                "F_MIDRANGECAM_C": 0.8954848051071167
            },
            "Truncated": 0,
            "ObjectMeta": {
                "SourceID": 77,
                "SubType": "us_white_ground_rectangle_unknown",
                "Text": "",
                "OcrVersion": 10006
            }
        },
        {
            "ActorName": "TRAFFIC_SIGN 78",
            "ObjectId": 78,
            "BoundingBox3D Origin X": 99.45111198358428,
            "BoundingBox3D Origin Y": -4.309592485689791,
            "BoundingBox3D Origin Z": 2.8213924756273627,
            "BoundingBox3D Extent X": 0.1,
            "BoundingBox3D Extent Y": 0.3832816087039713,
            "BoundingBox3D Extent Z": 0.4357120768838613,
            "BoundingBox3D Orientation Quat W": 0.1046465206931739,
            "BoundingBox3D Orientation Quat X": -0.0012839263009421,
            "BoundingBox3D Orientation Quat Y": 0.005268428912416,
            "BoundingBox3D Orientation Quat Z": 0.994494696263817,
            "ObjectType": "TRAFFIC_SIGN",
            "Occluded": {
                "F_MIDRANGECAM_C": 0.997719705104828
            },
            "Truncated": 0,
            "ObjectMeta": {
                "SourceID": 78,
                "SubType": "unknown",
                "Text": "",
                "OcrVersion": 10006
            }
        },
        {
            "ActorName": "TRAFFIC_SIGN 79",
            "ObjectId": 79,
            "BoundingBox3D Origin X": 109.22887317189452,
            "BoundingBox3D Origin Y": 23.213108309311792,
            "BoundingBox3D Origin Z": 6.057614493183792,
            "BoundingBox3D Extent X": 0.1,
            "BoundingBox3D Extent Y": 1.7107504098693462,
            "BoundingBox3D Extent Z": 0.6034869053535241,
            "BoundingBox3D Orientation Quat W": -0.3129736272177392,
            "BoundingBox3D Orientation Quat X": 0.0009945992883854,
            "BoundingBox3D Orientation Quat Y": 0.0053329135256704,
            "BoundingBox3D Orientation Quat Z": 0.9497463237474284,
            "ObjectType": "TRAFFIC_SIGN",
            "Occluded": {
                "F_MIDRANGECAM_C": 0.98232102394104
            },
            "Truncated": 0,
            "ObjectMeta": {
                "SourceID": 79,
                "SubType": "unknown",
                "Text": "",
                "OcrVersion": 10006
            }
        },
        {
            "ActorName": "TRAFFIC_SIGN 80",
            "ObjectId": 80,
            "BoundingBox3D Origin X": 146.99238544845866,
            "BoundingBox3D Origin Y": 9.41516795156349,
            "BoundingBox3D Origin Z": 6.992272734642029,
            "BoundingBox3D Extent X": 0.0999999999999999,
            "BoundingBox3D Extent Y": 0.9914366721812164,
            "BoundingBox3D Extent Z": 1.020302161968541,
            "BoundingBox3D Orientation Quat W": -0.1142393599484242,
            "BoundingBox3D Orientation Quat X": -0.000103379968676,
            "BoundingBox3D Orientation Quat Y": 0.0054221779923163,
            "BoundingBox3D Orientation Quat Z": 0.993438452012492,
            "ObjectType": "TRAFFIC_SIGN",
            "Occluded": {
                "F_MIDRANGECAM_C": 0.9982858300209044
            },
            "Truncated": 0,
            "ObjectMeta": {
                "SourceID": 80,
                "SubType": "us_white_ground_rectangle_unknown",
                "Text": "Lt.",
                "OcrVersion": 10006
            }
        },
        {
            "ActorName": "TRAFFIC_SIGN 81",
            "ObjectId": 81,
            "BoundingBox3D Origin X": 148.13361440165318,
            "BoundingBox3D Origin Y": -4.685040155833121,
            "BoundingBox3D Origin Z": 5.373544127680361,
            "BoundingBox3D Extent X": 0.1,
            "BoundingBox3D Extent Y": 0.7463736033616835,
            "BoundingBox3D Extent Z": 0.983651782538956,
            "BoundingBox3D Orientation Quat W": 0.0707707233860365,