{
    "CapturedObjects": [
        {
            "ActorName": "TRAFFIC_SIGN 72",
            "ObjectId": 72,
            "BoundingBox3D Origin X": 1.8320433264234453,
            "BoundingBox3D Origin Y": -7.475736521621002,
            "BoundingBox3D Origin Z": 1.914203830063343,
            "BoundingBox3D Extent X": 0.1,
            "BoundingBox3D Extent Y": 0.9388444663395614,
            "BoundingBox3D Extent Z": 0.3092811740232059,
            "BoundingBox3D Orientation Quat W": 0.2798118633505139,
            "BoundingBox3D Orientation Quat X": -0.0001705657915147,
            "BoundingBox3D Orientation Quat Y": 0.0075402532178822,
            "BoundingBox3D Orientation Quat Z": 0.9600252270732444,
            "ObjectType": "TRAFFIC_SIGN",
            "Occluded": {
                "F_CTCAM_L": 0.0
            },
            "Truncated": 0,
            "ObjectMeta": {
                "SourceID": 72,
                "SubType": "us_yellow_ground_rectangle_unknown",
                "Text": "Chock and Shol Chun",
                "OcrVersion": 10006
            }
        },
        {
            "ActorName": "TRAFFIC_SIGN 73",
            "ObjectId": 73,
            "BoundingBox3D Origin X": 14.401661467960366,
            "BoundingBox3D Origin Y": -5.144091558089713,
            "BoundingBox3D Origin Z": 2.861787086352706,
            "BoundingBox3D Extent X": 0.1,
            "BoundingBox3D Extent Y": 0.3362411013069622,
            "BoundingBox3D Extent Z": 0.4807453413399092,
            "BoundingBox3D Orientation Quat W": 0.1566229385065584,
            "BoundingBox3D Orientation Quat X": 0.0007822164086434,
            "BoundingBox3D Orientation Quat Y": 0.0075022222515288,
            "BoundingBox3D Orientation Quat Z": 0.987629667401881,
            "ObjectType": "TRAFFIC_SIGN",
            "Occluded": {
                "F_MIDRANGECAM_C": 1.1888709195773116e-05
            },
            "Truncated": 0,
            "ObjectMeta": {
                "SourceID": 73,
                "SubType": "us_white_ground_rectangle_unknown",
                "Text": "",
                "OcrVersion": 10006
            }
        },
        {
            "ActorName": "TRAFFIC_SIGN 74",
            "ObjectId": 74,
            "BoundingBox3D Origin X": 57.35363076359136,
            "BoundingBox3D Origin Y": -5.002990804190631,
            "BoundingBox3D Origin Z": 4.057073880918324,
            "BoundingBox3D Extent X": 0.1,
            "BoundingBox3D Extent Y": 1.0443760949039496,
            "BoundingBox3D Extent Z": 0.9445654290099652,
            "BoundingBox3D Orientation Quat W": 0.0654598012536725,
            "BoundingBox3D Orientation Quat X": 0.0014678221501227,
            "BoundingBox3D Orientation Quat Y": 0.0073996186467636,
            "BoundingBox3D Orientation Quat Z": 0.997826691145235,
            "ObjectType": "TRAFFIC_SIGN",
            "Occluded": {
                "F_MIDRANGECAM_C": 2.010643811445334e-07
            },
            "Truncated": 0,
            "ObjectMeta": {
                "SourceID": 74,
                "SubType": "us_white_ground_rectangle_unknown",
                "Text": "Ho",
                "OcrVersion": 10006
            }
        },
        {
            "ActorName": "TRAFFIC_SIGN 75",
            "ObjectId": 75,
            "BoundingBox3D Origin X": 46.96183778951672,
            "BoundingBox3D Origin Y": 12.650095068864175,
            "BoundingBox3D Origin Z": 0.9415009925141932,
            "BoundingBox3D Extent X": 0.1,
            "BoundingBox3D Extent Y": 0.9246897276089624,
            "BoundingBox3D Extent Z": 0.4851001072257914,
            "BoundingBox3D Orientation Quat W": -0.3147205788927033,
            "BoundingBox3D Orientation Quat X": 0.0041434775307587,
            "BoundingBox3D Orientation Quat Y": 0.0063051839852428,
            "BoundingBox3D Orientation Quat Z": 0.949154378102059,
            "ObjectType": "TRAFFIC_SIGN",
            "Occluded": {
                "F_MIDRANGECAM_C": 0.9884898066520692
            },
            "Truncated": 0,
            "ObjectMeta": {
                "SourceID": 75,
                "SubType": "us_white_ground_rectangle_unknown",
                "Text": "",
                "OcrVersion": 10006
            }
        },
        {
            "ActorName": "TRAFFIC_SIGN 76",
            "ObjectId": 76,
            "BoundingBox3D Origin X": 57.30382308722256,
            "BoundingBox3D Origin Y": -5.013185539821279,
            "BoundingBox3D Origin Z": 3.367450447753072,
            "BoundingBox3D Extent X": 0.1,
            "BoundingBox3D Extent Y": 0.6871968100218089,
            "BoundingBox3D Extent Z": 0.273953078968039,
            "BoundingBox3D Orientation Quat W": 0.1590168644179923,
            "BoundingBox3D Orientation Quat X": 0.000767437431826,
            "BoundingBox3D Orientation Quat Y": 0.0075046195703769,
            "BoundingBox3D Orientation Quat Z": 0.9872470453516496,
            "ObjectType": "TRAFFIC_SIGN",
            "Occluded": {
                "F_MIDRANGECAM_C": 0.9608325362205504
            },
            "Truncated": 0,
            "ObjectMeta": {
                "SourceID": 76,
                "SubType": "us_white_ground_rectangle_unknown",
                "Text": "",
                "OcrVersion": 10006
            }
        },
        {
            "ActorName": "TRAFFIC_SIGN 77",
            "ObjectId": 77,
            "BoundingBox3D Origin X": 56.788259893135546,
            "BoundingBox3D Origin Y": -5.009440588502912,
            "BoundingBox3D Origin Z": 3.0202481634914875,
            "BoundingBox3D Extent X": 0.0999999999999999,
            "BoundingBox3D Extent Y": 0.60407060371918,
            "BoundingBox3D Extent Z": 0.2037042366830296,
            "BoundingBox3D Orientation Quat W": 0.1982504897708182,
            "BoundingBox3D Orientation Quat X": 0.0004672167557158,
            "BoundingBox3D Orientation Quat Y": 0.007529183601097,
            "BoundingBox3D Orientation Quat Z": 0.9801223578760132,
            "ObjectType": "TRAFFIC_SIGN",
            "Occluded": {
                "F_MIDRANGECAM_C": 0.99399995803833
            },
            "Truncated": 0,
            "ObjectMeta": {
                "SourceID": 77,
                "SubType": "us_white_ground_rectangle_unknown",
                "Text": "",
                "OcrVersion": 10006
            }
        },
        {
            "ActorName": "TRAFFIC_SIGN 78",
            "ObjectId": 78,
            "BoundingBox3D Origin X": 122.80946223189312,
            "BoundingBox3D Origin Y": -4.608518681445275,
            "BoundingBox3D Origin Z": 2.203931463882327,
            "BoundingBox3D Extent X": 0.1,
            "BoundingBox3D Extent Y": 0.3832816087039713,
            "BoundingBox3D Extent Z": 0.4357120768838613,
            "BoundingBox3D Orientation Quat W": 0.1062431859648436,
            "BoundingBox3D Orientation Quat X": 0.0011704241754177,
            "BoundingBox3D Orientation Quat Y": 0.0074539397482005,
            "BoundingBox3D Orientation Quat Z": 0.9943115479192224,
            "ObjectType": "TRAFFIC_SIGN",
            "Occluded": {
                "F_MIDRANGECAM_C": 0.9956419467926024
            },
            "Truncated": 0,
            "ObjectMeta": {
                "SourceID": 78,
                "SubType": "unknown",
                "Text": "",
                "OcrVersion": 10006
            }
        },
        {
            "ActorName": "TRAFFIC_SIGN 79",
            "ObjectId": 79,
            "BoundingBox3D Origin X": 132.69320913454067,
            "BoundingBox3D Origin Y": 22.894466197758447,
            "BoundingBox3D Origin Z": 5.28253152500838,
            "BoundingBox3D Extent X": 0.1,
            "BoundingBox3D Extent Y": 1.7107504098693462,
            "BoundingBox3D Extent Z": 0.6034869053535241,
            "BoundingBox3D Orientation Quat W": -0.3114437728432537,