{
    "CapturedObjects": [
        {
            "ActorName": "TRAFFIC_SIGN 73",
            "ObjectId": 73,
            "BoundingBox3D Origin X": 12.133333788494385,
            "BoundingBox3D Origin Y": -5.126918523892528,
            "BoundingBox3D Origin Z": 2.9307119492441416,
            "BoundingBox3D Extent X": 0.1,
            "BoundingBox3D Extent Y": 0.3362411013069622,
            "BoundingBox3D Extent Z": 0.4807453413399092,
            "BoundingBox3D Orientation Quat W": 0.1555649206785871,
            "BoundingBox3D Orientation Quat X": -0.0016312843686261,
            "BoundingBox3D Orientation Quat Y": 0.0076145686488569,
            "BoundingBox3D Orientation Quat Z": 0.9877949750377684,
            "ObjectType": "TRAFFIC_SIGN",
            "Occluded": {
                "F_MIDRANGECAM_C": 0.0001438805629732
            },
            "Truncated": 0,
            "ObjectMeta": {
                "SourceID": 73,
                "SubType": "us_white_ground_rectangle_unknown",
                "Text": "",
                "OcrVersion": 10006
            }
        },
        {
            "ActorName": "TRAFFIC_SIGN 74",
            "ObjectId": 74,
            "BoundingBox3D Origin X": 55.0785309053299,
            "BoundingBox3D Origin Y": -4.891019089976908,
            "BoundingBox3D Origin Z": 4.3283310029655695,
            "BoundingBox3D Extent X": 0.1,
            "BoundingBox3D Extent Y": 1.0443760949039496,
            "BoundingBox3D Extent Z": 0.9445654290099652,
            "BoundingBox3D Orientation Quat W": 0.0643910979516173,
            "BoundingBox3D Orientation Quat X": -0.0009250538606773,
            "BoundingBox3D Orientation Quat Y": 0.0077326787695315,
            "BoundingBox3D Orientation Quat Z": 0.9978943513513778,
            "ObjectType": "TRAFFIC_SIGN",
            "Occluded": {
                "F_MIDRANGECAM_C": 5.057099201621895e-07
            },
            "Truncated": 0,
            "ObjectMeta": {
                "SourceID": 74,
                "SubType": "us_white_ground_rectangle_unknown",
                "Text": "Ho",
                "OcrVersion": 10006
            }
        },
        {
            "ActorName": "TRAFFIC_SIGN 75",
            "ObjectId": 75,
            "BoundingBox3D Origin X": 44.66327243987598,
            "BoundingBox3D Origin Y": 12.73621820603148,
            "BoundingBox3D Origin Z": 1.1464404836297035,
            "BoundingBox3D Extent X": 0.1,
            "BoundingBox3D Extent Y": 0.9246897276089624,
            "BoundingBox3D Extent Z": 0.4851001072257914,
            "BoundingBox3D Orientation Quat W": -0.3157354937866298,
            "BoundingBox3D Orientation Quat X": 0.0020521909176802,
            "BoundingBox3D Orientation Quat Y": 0.0075143708905146,
            "BoundingBox3D Orientation Quat Z": 0.948815272171496,
            "ObjectType": "TRAFFIC_SIGN",
            "Occluded": {
                "F_MIDRANGECAM_C": 0.1729666143655777
            },
            "Truncated": 0,
            "ObjectMeta": {
                "SourceID": 75,
                "SubType": "us_white_ground_rectangle_unknown",
                "Text": "",
                "OcrVersion": 10006
            }
        },
        {
            "ActorName": "TRAFFIC_SIGN 76",
            "ObjectId": 76,
            "BoundingBox3D Origin X": 55.03199987830613,
            "BoundingBox3D Origin Y": -4.901990554877557,
            "BoundingBox3D Origin Z": 3.638484566472471,
            "BoundingBox3D Extent X": 0.1,
            "BoundingBox3D Extent Y": 0.6871968100218089,
            "BoundingBox3D Extent Z": 0.273953078968039,
            "BoundingBox3D Orientation Quat W": 0.1579592543203611,
            "BoundingBox3D Orientation Quat X": -0.0016463338770428,
            "BoundingBox3D Orientation Quat Y": 0.0076111180782032,
            "BoundingBox3D Orientation Quat Z": 0.9874149251661736,
            "ObjectType": "TRAFFIC_SIGN",
            "Occluded": {
                "F_MIDRANGECAM_C": 0.7179185152053833
            },
            "Truncated": 0,
            "ObjectMeta": {
                "SourceID": 76,
                "SubType": "us_white_ground_rectangle_unknown",
                "Text": "",
                "OcrVersion": 10006
            }
        },
        {
            "ActorName": "TRAFFIC_SIGN 77",
            "ObjectId": 77,
            "BoundingBox3D Origin X": 54.51807651085346,
            "BoundingBox3D Origin Y": -4.899706084208447,
            "BoundingBox3D Origin Z": 3.2888491535559297,
            "BoundingBox3D Extent X": 0.0999999999999999,
            "BoundingBox3D Extent Y": 0.60407060371918,
            "BoundingBox3D Extent Z": 0.2037042366830296,
            "BoundingBox3D Orientation Quat W": 0.1972004373961194,
            "BoundingBox3D Orientation Quat X": -0.0019489583671273,
            "BoundingBox3D Orientation Quat Y": 0.0075393666689668,
            "BoundingBox3D Orientation Quat Z": 0.980332263573067,
            "ObjectType": "TRAFFIC_SIGN",
            "Occluded": {
                "F_MIDRANGECAM_C": 0.9966655373573304
            },
            "Truncated": 0,
            "ObjectMeta": {
                "SourceID": 77,
                "SubType": "us_white_ground_rectangle_unknown",
                "Text": "",
                "OcrVersion": 10006
            }
        },
        {
            "ActorName": "TRAFFIC_SIGN 78",
            "ObjectId": 78,
            "BoundingBox3D Origin X": 120.54098861911008,
            "BoundingBox3D Origin Y": -4.3556428456213325,
            "BoundingBox3D Origin Z": 2.7833621678873897,
            "BoundingBox3D Extent X": 0.1,
            "BoundingBox3D Extent Y": 0.3832816087039713,
            "BoundingBox3D Extent Z": 0.4357120768838613,
            "BoundingBox3D Orientation Quat W": 0.1051781366309289,
            "BoundingBox3D Orientation Quat X": -0.0012341551741189,
            "BoundingBox3D Orientation Quat Y": 0.0076887756091911,
            "BoundingBox3D Orientation Quat Z": 0.9944229076029388,
            "ObjectType": "TRAFFIC_SIGN",
            "Occluded": {
                "F_MIDRANGECAM_C": 0.9950647950172424
            },
            "Truncated": 0,
            "ObjectMeta": {
                "SourceID": 78,
                "SubType": "unknown",
                "Text": "",
                "OcrVersion": 10006
            }
        },
        {
            "ActorName": "TRAFFIC_SIGN 79",
            "ObjectId": 79,
            "BoundingBox3D Origin X": 130.35025071418568,
            "BoundingBox3D Origin Y": 23.17160231269372,
            "BoundingBox3D Origin Z": 5.881532038562,
            "BoundingBox3D Extent X": 0.1,
            "BoundingBox3D Extent Y": 1.7107504098693462,
            "BoundingBox3D Extent Z": 0.6034869053535241,
            "BoundingBox3D Orientation Quat W": -0.3124598593354704,
            "BoundingBox3D Orientation Quat X": 0.0020335458687207,
            "BoundingBox3D Orientation Quat Y": 0.0075202875031629,
            "BoundingBox3D Orientation Quat Z": 0.949899018986296,
            "ObjectType": "TRAFFIC_SIGN",
            "Occluded": {
                "F_MIDRANGECAM_C": 0.9979010820388794
            },
            "Truncated": 0,
            "ObjectMeta": {
                "SourceID": 79,
                "SubType": "unknown",
                "Text": "",
                "OcrVersion": 10006
            }
        },
        {
            "ActorName": "TRAFFIC_SIGN 80",
            "ObjectId": 80,
            "BoundingBox3D Origin X": 168.0992922118512,
            "BoundingBox3D Origin Y": 9.337562451866688,
            "BoundingBox3D Origin Z": 6.859799058176577,
            "BoundingBox3D Extent X": 0.0999999999999999,
            "BoundingBox3D Extent Y": 0.9914366721812164,
            "BoundingBox3D Extent Z": 1.020302161968541,
            "BoundingBox3D Orientation Quat W": -0.1137049673348955,