{
    "CapturedObjects": [
        {
            "ActorName": "TRAFFIC_SIGN 71",
            "ObjectId": 71,
            "BoundingBox3D Origin X": 22.276096175446582,
            "BoundingBox3D Origin Y": -6.876193377538584,
            "BoundingBox3D Origin Z": 1.2061217362061143,
            "BoundingBox3D Extent X": 0.1,
            "BoundingBox3D Extent Y": 0.4031856189935762,
            "BoundingBox3D Extent Z": 0.4997455218914134,
            "BoundingBox3D Orientation Quat W": 0.1118976360816372,
            "BoundingBox3D Orientation Quat X": 0.0036839250460344,
            "BoundingBox3D Orientation Quat Y": 0.0108181060689267,
            "BoundingBox3D Orientation Quat Z": 0.9936540224427606,
            "ObjectType": "TRAFFIC_SIGN",
            "Occluded": {
                "F_MIDRANGECAM_C": 7.459416337951552e-07
            },
            "Truncated": 0,
            "ObjectMeta": {
                "SourceID": 71,
                "SubType": "unknown",
                "Text": "",
                "OcrVersion": 10006
            }
        },
        {
            "ActorName": "TRAFFIC_SIGN 72",
            "ObjectId": 72,
            "BoundingBox3D Origin X": 24.190261761497823,
            "BoundingBox3D Origin Y": -7.414523545739939,
            "BoundingBox3D Origin Z": 1.741472794674337,
            "BoundingBox3D Extent X": 0.1,
            "BoundingBox3D Extent Y": 0.9388444663395614,
            "BoundingBox3D Extent Z": 0.3092811740232059,
            "BoundingBox3D Orientation Quat W": 0.2837880296698254,
            "BoundingBox3D Orientation Quat X": 0.0017374636577754,
            "BoundingBox3D Orientation Quat Y": 0.011295671993641,
            "BoundingBox3D Orientation Quat Z": 0.9588189314100806,
            "ObjectType": "TRAFFIC_SIGN",
            "Occluded": {
                "F_MIDRANGECAM_C": 0.0001457078469684
            },
            "Truncated": 0,
            "ObjectMeta": {
                "SourceID": 72,
                "SubType": "us_yellow_ground_rectangle_unknown",
                "Text": "Chock and Shol Chun",
                "OcrVersion": 10006
            }
        },
        {
            "ActorName": "TRAFFIC_SIGN 73",
            "ObjectId": 73,
            "BoundingBox3D Origin X": 36.78402691929659,
            "BoundingBox3D Origin Y": -5.182191147177946,
            "BoundingBox3D Origin Z": 2.603328565135598,
            "BoundingBox3D Extent X": 0.1,
            "BoundingBox3D Extent Y": 0.3362411013069622,
            "BoundingBox3D Extent Z": 0.4807453413399092,
            "BoundingBox3D Orientation Quat W": 0.1607188384435553,
            "BoundingBox3D Orientation Quat X": 0.0031476686687449,
            "BoundingBox3D Orientation Quat Y": 0.0109868677988218,
            "BoundingBox3D Orientation Quat Z": 0.9869340585303952,
            "ObjectType": "TRAFFIC_SIGN",
            "Occluded": {
                "F_MIDRANGECAM_C": 0.0167647190392017
            },
            "Truncated": 0,
            "ObjectMeta": {
                "SourceID": 73,
                "SubType": "us_white_ground_rectangle_unknown",
                "Text": "",
                "OcrVersion": 10006
            }
        },
        {
            "ActorName": "TRAFFIC_SIGN 74",
            "ObjectId": 74,
            "BoundingBox3D Origin X": 79.74168005881074,
            "BoundingBox3D Origin Y": -5.392580169253051,
            "BoundingBox3D Origin Z": 3.5541028678417206,
            "BoundingBox3D Extent X": 0.1,
            "BoundingBox3D Extent Y": 1.0443760949039496,
            "BoundingBox3D Extent Z": 0.9445654290099652,
            "BoundingBox3D Orientation Quat W": 0.0696016887671057,
            "BoundingBox3D Orientation Quat X": 0.0041423860076462,
            "BoundingBox3D Orientation Quat Y": 0.0106523961542692,
            "BoundingBox3D Orientation Quat Z": 0.9975093844245791,
            "ObjectType": "TRAFFIC_SIGN",
            "Occluded": {
                "F_MIDRANGECAM_C": 0.0191824603825807
            },
            "Truncated": 0,
            "ObjectMeta": {
                "SourceID": 74,
                "SubType": "us_white_ground_rectangle_unknown",
                "Text": "Ho",
                "OcrVersion": 10006
            }
        },
        {
            "ActorName": "TRAFFIC_SIGN 75",
            "ObjectId": 75,
            "BoundingBox3D Origin X": 69.47946573762601,
            "BoundingBox3D Origin Y": 12.327299087919528,
            "BoundingBox3D Origin Z": 0.3884883848950267,
            "BoundingBox3D Extent X": 0.1,
            "BoundingBox3D Extent Y": 0.9246897276089624,
            "BoundingBox3D Extent Z": 0.4851001072257914,
            "BoundingBox3D Orientation Quat W": -0.3107650747194252,
            "BoundingBox3D Orientation Quat X": 0.0078452819111457,
            "BoundingBox3D Orientation Quat Y": 0.0083109194524596,
            "BoundingBox3D Orientation Quat Z": 0.9504180388146152,
            "ObjectType": "TRAFFIC_SIGN",
            "Occluded": {
                "F_MIDRANGECAM_C": 0.9993268251419068
            },
            "Truncated": 0,
            "ObjectMeta": {
                "SourceID": 75,
                "SubType": "us_white_ground_rectangle_unknown",
                "Text": "",
                "OcrVersion": 10006
            }
        },
        {
            "ActorName": "TRAFFIC_SIGN 76",
            "ObjectId": 76,
            "BoundingBox3D Origin X": 79.68783606690704,
            "BoundingBox3D Origin Y": -5.406588100042427,
            "BoundingBox3D Origin Z": 2.8648478789255023,
            "BoundingBox3D Extent X": 0.1,
            "BoundingBox3D Extent Y": 0.6871968100218089,
            "BoundingBox3D Extent Z": 0.273953078968039,
            "BoundingBox3D Orientation Quat W": 0.1631110877928968,
            "BoundingBox3D Orientation Quat X": 0.0031244447962987,
            "BoundingBox3D Orientation Quat Y": 0.0109949862020938,
            "BoundingBox3D Orientation Quat Z": 0.986541494901329,
            "ObjectType": "TRAFFIC_SIGN",
            "Occluded": {
                "F_MIDRANGECAM_C": 0.607261061668396
            },
            "Truncated": 0,
            "ObjectMeta": {
                "SourceID": 76,
                "SubType": "us_white_ground_rectangle_unknown",
                "Text": "",
                "OcrVersion": 10006
            }
        },
        {
            "ActorName": "TRAFFIC_SIGN 77",
            "ObjectId": 77,
            "BoundingBox3D Origin X": 79.1703413500727,
            "BoundingBox3D Origin Y": -5.400665975292213,
            "BoundingBox3D Origin Z": 2.520558019168675,
            "BoundingBox3D Extent X": 0.0999999999999999,
            "BoundingBox3D Extent Y": 0.60407060371918,
            "BoundingBox3D Extent Z": 0.2037042366830296,
            "BoundingBox3D Orientation Quat W": 0.2023135290729613,
            "BoundingBox3D Orientation Quat X": 0.0026833343305025,
            "BoundingBox3D Orientation Quat Y": 0.0111109188856316,
            "BoundingBox3D Orientation Quat Z": 0.979254095295206,
            "ObjectType": "TRAFFIC_SIGN",
            "Occluded": {
                "F_MIDRANGECAM_C": 0.998753786087036
            },
            "Truncated": 0,
            "ObjectMeta": {
                "SourceID": 77,
                "SubType": "us_white_ground_rectangle_unknown",
                "Text": "",
                "OcrVersion": 10006
            }
        },
        {
            "ActorName": "TRAFFIC_SIGN 78",
            "ObjectId": 78,
            "BoundingBox3D Origin X": 145.18659618587844,
            "BoundingBox3D Origin Y": -5.556302031298401,
            "BoundingBox3D Origin Z": 1.3273538751527667,
            "BoundingBox3D Extent X": 0.1,
            "BoundingBox3D Extent Y": 0.3832816087039713,
            "BoundingBox3D Extent Z": 0.4357120768838613,
            "BoundingBox3D Orientation Quat W": 0.1103688748811302,