{
    "CapturedObjects": [
        {
            "ActorName": "TRAFFIC_SIGN 73",
            "ObjectId": 73,
            "BoundingBox3D Origin X": 3.1075278166827047,
            "BoundingBox3D Origin Y": -5.131365409572027,
            "BoundingBox3D Origin Z": 2.915438037365675,
            "BoundingBox3D Extent X": 0.1,
            "BoundingBox3D Extent Y": 0.3362411013069622,
            "BoundingBox3D Extent Z": 0.4807453413399092,
            "BoundingBox3D Orientation Quat W": 0.1522872651473961,
            "BoundingBox3D Orientation Quat X": 0.0007213711218317,
            "BoundingBox3D Orientation Quat Y": 0.0077850121212411,
            "BoundingBox3D Orientation Quat Z": 0.988305348606342,
            "ObjectType": "TRAFFIC_SIGN",
            "Occluded": {
                "F_CTCAM_L": 0.0
            },
            "Truncated": 0,
            "ObjectMeta": {
                "SourceID": 73,
                "SubType": "us_white_ground_rectangle_unknown",
                "Text": "",
                "OcrVersion": 10006
            }
        },
        {
            "ActorName": "TRAFFIC_SIGN 74",
            "ObjectId": 74,
            "BoundingBox3D Origin X": 46.05655651419511,
            "BoundingBox3D Origin Y": -4.612611999473302,
            "BoundingBox3D Origin Z": 4.1092169769108295,
            "BoundingBox3D Extent X": 0.1,
            "BoundingBox3D Extent Y": 1.0443760949039496,
            "BoundingBox3D Extent Z": 0.9445654290099652,
            "BoundingBox3D Orientation Quat W": 0.0610804091621337,
            "BoundingBox3D Orientation Quat X": 0.0014329451409789,
            "BoundingBox3D Orientation Quat Y": 0.0076867971625932,
            "BoundingBox3D Orientation Quat Z": 0.9981022209344044,
            "ObjectType": "TRAFFIC_SIGN",
            "Occluded": {
                "F_MIDRANGECAM_C": 6.339276751532452e-06
            },
            "Truncated": 0,
            "ObjectMeta": {
                "SourceID": 74,
                "SubType": "us_white_ground_rectangle_unknown",
                "Text": "Ho",
                "OcrVersion": 10006
            }
        },
        {
            "ActorName": "TRAFFIC_SIGN 75",
            "ObjectId": 75,
            "BoundingBox3D Origin X": 35.51022251943505,
            "BoundingBox3D Origin Y": 12.94677696841245,
            "BoundingBox3D Origin Z": 0.9841621899977326,
            "BoundingBox3D Extent X": 0.1,
            "BoundingBox3D Extent Y": 0.9246897276089624,
            "BoundingBox3D Extent Z": 0.4851001072257914,
            "BoundingBox3D Orientation Quat W": -0.3188808595858748,
            "BoundingBox3D Orientation Quat X": 0.0042185480923102,
            "BoundingBox3D Orientation Quat Y": 0.0065839701661984,
            "BoundingBox3D Orientation Quat Z": 0.9477625507365318,
            "ObjectType": "TRAFFIC_SIGN",
            "Occluded": {
                "F_MIDRANGECAM_C": 0.7849678993225098
            },
            "Truncated": 0,
            "ObjectMeta": {
                "SourceID": 75,
                "SubType": "us_white_ground_rectangle_unknown",
                "Text": "",
                "OcrVersion": 10006
            }
        },
        {
            "ActorName": "TRAFFIC_SIGN 76",
            "ObjectId": 76,
            "BoundingBox3D Origin X": 46.00681956746848,
            "BoundingBox3D Origin Y": -4.623630268339184,
            "BoundingBox3D Origin Z": 3.419599601067602,
            "BoundingBox3D Extent X": 0.1,
            "BoundingBox3D Extent Y": 0.6871968100218089,
            "BoundingBox3D Extent Z": 0.273953078968039,
            "BoundingBox3D Orientation Quat W": 0.1546828459475678,
            "BoundingBox3D Orientation Quat X": 0.0007059096680102,
            "BoundingBox3D Orientation Quat Y": 0.0077872756491014,
            "BoundingBox3D Orientation Quat Z": 0.9879332351930806,
            "ObjectType": "TRAFFIC_SIGN",
            "Occluded": {
                "F_MIDRANGECAM_C": 0.0362327583134174
            },
            "Truncated": 0,
            "ObjectMeta": {
                "SourceID": 76,
                "SubType": "us_white_ground_rectangle_unknown",
                "Text": "",
                "OcrVersion": 10006
            }
        },
        {
            "ActorName": "TRAFFIC_SIGN 77",
            "ObjectId": 77,
            "BoundingBox3D Origin X": 45.49123395463903,
            "BoundingBox3D Origin Y": -4.624605298420647,
            "BoundingBox3D Origin Z": 3.0724117746576667,
            "BoundingBox3D Extent X": 0.0999999999999999,
            "BoundingBox3D Extent Y": 0.60407060371918,
            "BoundingBox3D Extent Z": 0.2037042366830296,
            "BoundingBox3D Orientation Quat W": 0.1939473378321331,
            "BoundingBox3D Orientation Quat X": 0.0003945550572618,
            "BoundingBox3D Orientation Quat Y": 0.0078091495299464,
            "BoundingBox3D Orientation Quat Z": 0.9809807804731722,
            "ObjectType": "TRAFFIC_SIGN",
            "Occluded": {
                "F_MIDRANGECAM_C": 0.9841421246528624
            },
            "Truncated": 0,
            "ObjectMeta": {
                "SourceID": 77,
                "SubType": "us_white_ground_rectangle_unknown",
                "Text": "",
                "OcrVersion": 10006
            }
        },
        {
            "ActorName": "TRAFFIC_SIGN 78",
            "ObjectId": 78,
            "BoundingBox3D Origin X": 111.50622204670437,
            "BoundingBox3D Origin Y": -3.644691950219567,
            "BoundingBox3D Origin Z": 2.2536700516939163,
            "BoundingBox3D Extent X": 0.1,
            "BoundingBox3D Extent Y": 0.3832816087039713,
            "BoundingBox3D Extent Z": 0.4357120768838613,
            "BoundingBox3D Orientation Quat W": 0.1018787435901441,
            "BoundingBox3D Orientation Quat X": 0.00112390920904,
            "BoundingBox3D Orientation Quat Y": 0.0077394936999167,
            "BoundingBox3D Orientation Quat Z": 0.9947660823881423,
            "ObjectType": "TRAFFIC_SIGN",
            "Occluded": {
                "F_MIDRANGECAM_C": 0.9995362758636476
            },
            "Truncated": 0,
            "ObjectMeta": {
                "SourceID": 78,
                "SubType": "unknown",
                "Text": "",
                "OcrVersion": 10006
            }
        },
        {
            "ActorName": "TRAFFIC_SIGN 79",
            "ObjectId": 79,
            "BoundingBox3D Origin X": 121.14838154911196,
            "BoundingBox3D Origin Y": 23.94561462967249,
            "BoundingBox3D Origin Z": 5.316643244586885,
            "BoundingBox3D Extent X": 0.1,
            "BoundingBox3D Extent Y": 1.7107504098693462,
            "BoundingBox3D Extent Z": 0.6034869053535241,
            "BoundingBox3D Orientation Quat W": -0.3156088430616565,
            "BoundingBox3D Orientation Quat X": 0.0042031065280204,
            "BoundingBox3D Orientation Quat Y": 0.0065974050135189,
            "BoundingBox3D Orientation Quat Z": 0.9488571369410068,
            "ObjectType": "TRAFFIC_SIGN",
            "Occluded": {
                "F_MIDRANGECAM_C": 0.9873067140579224
            },
            "Truncated": 0,
            "ObjectMeta": {
                "SourceID": 79,
                "SubType": "unknown",
                "Text": "",
                "OcrVersion": 10006
            }
        },
        {
            "ActorName": "TRAFFIC_SIGN 80",
            "ObjectId": 80,
            "BoundingBox3D Origin X": 158.99220557409717,
            "BoundingBox3D Origin Y": 10.360554029350167,
            "BoundingBox3D Origin Z": 6.1099046766757965,
            "BoundingBox3D Extent X": 0.0999999999999999,
            "BoundingBox3D Extent Y": 0.9914366721812164,
            "BoundingBox3D Extent Z": 1.020302161968541,
            "BoundingBox3D Orientation Quat W": -0.1169999437790307,
            "BoundingBox3D Orientation Quat X": 0.0027835029598265,