{
    "CapturedObjects": [
        {
            "ActorName": "TRAFFIC_SIGN 78",
            "ObjectId": 78,
            "BoundingBox3D Origin X": 51.13121650658286,
            "BoundingBox3D Origin Y": -4.81469471231685,
            "BoundingBox3D Origin Z": 2.561004380695522,
            "BoundingBox3D Extent X": 0.1,
            "BoundingBox3D Extent Y": 0.3832816087039713,
            "BoundingBox3D Extent Z": 0.4357120768838613,
            "BoundingBox3D Orientation Quat W": 0.1065563060578112,
            "BoundingBox3D Orientation Quat X": 0.0009245409921893,
            "BoundingBox3D Orientation Quat Y": 0.0067255075942194,
            "BoundingBox3D Orientation Quat Z": 0.994283493984924,
            "ObjectType": "TRAFFIC_SIGN",
            "Occluded": {
                "F_MIDRANGECAM_C": 0.9966248273849488
            },
            "Truncated": 0,
            "ObjectMeta": {
                "SourceID": 78,
                "SubType": "unknown",
                "Text": "",
                "OcrVersion": 10006
            }
        },
        {
            "ActorName": "TRAFFIC_SIGN 79",
            "ObjectId": 79,
            "BoundingBox3D Origin X": 61.03026625053826,
            "BoundingBox3D Origin Y": 22.67753518282552,
            "BoundingBox3D Origin Z": 5.684277079068124,
            "BoundingBox3D Extent X": 0.1,
            "BoundingBox3D Extent Y": 1.7107504098693462,
            "BoundingBox3D Extent Z": 0.6034869053535241,
            "BoundingBox3D Orientation Quat W": -0.3111448098168379,
            "BoundingBox3D Orientation Quat X": 0.0036061765538555,
            "BoundingBox3D Orientation Quat Y": 0.0057555825521885,
            "BoundingBox3D Orientation Quat Z": 0.9503382429873014,
            "ObjectType": "TRAFFIC_SIGN",
            "Occluded": {
                "F_MIDRANGECAM_C": 0.5929751396179199
            },
            "Truncated": 0,
            "ObjectMeta": {
                "SourceID": 79,
                "SubType": "unknown",
                "Text": "",
                "OcrVersion": 10006
            }
        },
        {
            "ActorName": "TRAFFIC_SIGN 80",
            "ObjectId": 80,
            "BoundingBox3D Origin X": 98.74405534659309,
            "BoundingBox3D Origin Y": 8.735699937999016,
            "BoundingBox3D Origin Z": 6.4760597152635455,
            "BoundingBox3D Extent X": 0.0999999999999999,
            "BoundingBox3D Extent Y": 0.9914366721812164,
            "BoundingBox3D Extent Z": 1.020302161968541,
            "BoundingBox3D Orientation Quat W": -0.112328829400908,
            "BoundingBox3D Orientation Quat X": 0.0023690786910967,
            "BoundingBox3D Orientation Quat Y": 0.0063644517937593,
            "BoundingBox3D Orientation Quat Z": 0.993647882957007,
            "ObjectType": "TRAFFIC_SIGN",
            "Occluded": {
                "F_MIDRANGECAM_C": 0.9588739275932312
            },
            "Truncated": 0,
            "ObjectMeta": {
                "SourceID": 80,
                "SubType": "us_white_ground_rectangle_unknown",
                "Text": "Lt.",
                "OcrVersion": 10006
            }
        },
        {
            "ActorName": "TRAFFIC_SIGN 81",
            "ObjectId": 81,
            "BoundingBox3D Origin X": 99.82320319546125,
            "BoundingBox3D Origin Y": -5.372641782567371,
            "BoundingBox3D Origin Z": 4.886442524380982,
            "BoundingBox3D Extent X": 0.1,
            "BoundingBox3D Extent Y": 0.7463736033616835,
            "BoundingBox3D Extent Z": 0.983651782538956,
            "BoundingBox3D Orientation Quat W": 0.0726866754100991,
            "BoundingBox3D Orientation Quat X": 0.0011547831499038,
            "BoundingBox3D Orientation Quat Y": 0.0066906412690302,
            "BoundingBox3D Orientation Quat Z": 0.9973317146331568,
            "ObjectType": "TRAFFIC_SIGN",
            "Occluded": {
                "F_MIDRANGECAM_C": 0.8995723128318787
            },
            "Truncated": 0,
            "ObjectMeta": {
                "SourceID": 81,
                "SubType": "us_white_ground_rectangle_unknown",
                "Text": "A",
                "OcrVersion": 10006
            }
        },
        {
            "ActorName": "TRAFFIC_SIGN 82",
            "ObjectId": 82,
            "BoundingBox3D Origin X": 99.73280380220967,
            "BoundingBox3D Origin Y": -1.189348314204835,
            "BoundingBox3D Origin Z": 5.888269107788801,
            "BoundingBox3D Extent X": 0.1,
            "BoundingBox3D Extent Y": 2.213188412608715,
            "BoundingBox3D Extent Z": 0.5427212993728956,
            "BoundingBox3D Orientation Quat W": 0.0155386747314074,
            "BoundingBox3D Orientation Quat X": 0.0015361165215777,
            "BoundingBox3D Orientation Quat Y": 0.0066139516342583,
            "BoundingBox3D Orientation Quat Z": 0.999856212451272,
            "ObjectType": "TRAFFIC_SIGN",
            "Occluded": {
                "F_MIDRANGECAM_C": 0.9991263747215272
            },
            "Truncated": 0,
            "ObjectMeta": {
                "SourceID": 82,
                "SubType": "unknown",
                "Text": "",
                "OcrVersion": 10006
            }
        },
        {
            "ActorName": "TRAFFIC_SIGN 83",
            "ObjectId": 83,
            "BoundingBox3D Origin X": 95.78322542328895,
            "BoundingBox3D Origin Y": -10.565043829687056,
            "BoundingBox3D Origin Z": 3.2354084867984056,
            "BoundingBox3D Extent X": 0.1,
            "BoundingBox3D Extent Y": 0.5022577767826779,
            "BoundingBox3D Extent Z": 0.4764159543296132,
            "BoundingBox3D Orientation Quat W": 0.157528151552644,
            "BoundingBox3D Orientation Quat X": 0.0005807367058768,
            "BoundingBox3D Orientation Quat Y": 0.0067641526311926,
            "BoundingBox3D Orientation Quat Z": 0.987491159683198,
            "ObjectType": "TRAFFIC_SIGN",
            "Occluded": {
                "F_MIDRANGECAM_C": 0.999721348285675
            },
            "Truncated": 0,
            "ObjectMeta": {
                "SourceID": 83,
                "SubType": "unknown",
                "Text": "",
                "OcrVersion": 10006
            }
        },
        {
            "ActorName": "TRAFFIC_SIGN 84",
            "ObjectId": 84,
            "BoundingBox3D Origin X": 96.47762966007213,
            "BoundingBox3D Origin Y": -10.633219235285653,
            "BoundingBox3D Origin Z": 2.475622151978314,
            "BoundingBox3D Extent X": 0.1,
            "BoundingBox3D Extent Y": 0.5902100148686099,
            "BoundingBox3D Extent Z": 0.6262998747597067,
            "BoundingBox3D Orientation Quat W": 0.4122984451759929,
            "BoundingBox3D Orientation Quat X": -0.0012240407862727,
            "BoundingBox3D Orientation Quat Y": 0.0066777736813463,
            "BoundingBox3D Orientation Quat Z": 0.911023545891254,
            "ObjectType": "TRAFFIC_SIGN",
            "Occluded": {
                "F_MIDRANGECAM_C": 0.9999674558639526
            },
            "Truncated": 0,
            "ObjectMeta": {
                "SourceID": 84,
                "SubType": "us_white_ground_rectangle_unknown",
                "Text": "",
                "OcrVersion": 10006
            }
        },
        {
            "ActorName": "TRAFFIC_SIGN 85",
            "ObjectId": 85,
            "BoundingBox3D Origin X": 99.3881983596657,
            "BoundingBox3D Origin Y": -9.037400293032988,
            "BoundingBox3D Origin Z": 2.408474831841886,
            "BoundingBox3D Extent X": 0.1,
            "BoundingBox3D Extent Y": 0.4321764308658682,
            "BoundingBox3D Extent Z": 0.619127164289498,
            "BoundingBox3D Orientation Quat W": 0.1493615232360144,
            "BoundingBox3D Orientation Quat X": 0.000636204173233,
            "BoundingBox3D Orientation Quat Y": 0.006759405080551,