{
    "CapturedObjects": [
        {
            "ActorName": "TRAFFIC_SIGN 74",
            "ObjectId": 74,
            "BoundingBox3D Origin X": 15.702655856846832,
            "BoundingBox3D Origin Y": -5.086413975641335,
            "BoundingBox3D Origin Z": 4.02088924869895,
            "BoundingBox3D Extent X": 0.1,
            "BoundingBox3D Extent Y": 1.0443760949039496,
            "BoundingBox3D Extent Z": 0.9445654290099652,
            "BoundingBox3D Orientation Quat W": -0.0630214049210547,
            "BoundingBox3D Orientation Quat X": -0.0073677837098394,
            "BoundingBox3D Orientation Quat Y": 0.0011704994642737,
            "BoundingBox3D Orientation Quat Z": -0.9979842925697704,
            "ObjectType": "TRAFFIC_SIGN",
            "Occluded": {
                "F_MIDRANGECAM_C": 0.0003970368707086
            },
            "Truncated": 0,
            "ObjectMeta": {
                "SourceID": 74,
                "SubType": "us_white_ground_rectangle_unknown",
                "Text": "Ho",
                "OcrVersion": 10006
            }
        },
        {
            "ActorName": "TRAFFIC_SIGN 75",
            "ObjectId": 75,
            "BoundingBox3D Origin X": 5.195558447347139,
            "BoundingBox3D Origin Y": 12.568609346235462,
            "BoundingBox3D Origin Z": 1.3327132863923907,
            "BoundingBox3D Extent X": 0.1,
            "BoundingBox3D Extent Y": 0.9246897276089624,
            "BoundingBox3D Extent Z": 0.4851001072257914,
            "BoundingBox3D Orientation Quat W": 0.3170401317624173,
            "BoundingBox3D Orientation Quat X": -0.0063863494593391,
            "BoundingBox3D Orientation Quat Y": 0.0038560047444908,
            "BoundingBox3D Orientation Quat Z": -0.9483827816973814,
            "ObjectType": "TRAFFIC_SIGN",
            "Occluded": {
                "F_CTCAM_L": 0.0
            },
            "Truncated": 0,
            "ObjectMeta": {
                "SourceID": 75,
                "SubType": "us_white_ground_rectangle_unknown",
                "Text": "",
                "OcrVersion": 10006
            }
        },
        {
            "ActorName": "TRAFFIC_SIGN 76",
            "ObjectId": 76,
            "BoundingBox3D Origin X": 15.645497633100604,
            "BoundingBox3D Origin Y": -5.084533678531443,
            "BoundingBox3D Origin Z": 3.331759107299149,
            "BoundingBox3D Extent X": 0.1,
            "BoundingBox3D Extent Y": 0.6871968100218089,
            "BoundingBox3D Extent Z": 0.273953078968039,
            "BoundingBox3D Orientation Quat W": -0.1566041420404247,
            "BoundingBox3D Orientation Quat X": -0.0074473449428347,
            "BoundingBox3D Orientation Quat Y": 0.0004723047902763,
            "BoundingBox3D Orientation Quat Z": -0.9876332602121448,
            "ObjectType": "TRAFFIC_SIGN",
            "Occluded": {
                "F_MIDRANGECAM_C": 9.565649634168947e-06
            },
            "Truncated": 0,
            "ObjectMeta": {
                "SourceID": 76,
                "SubType": "us_white_ground_rectangle_unknown",
                "Text": "",
                "OcrVersion": 10006
            }
        },
        {
            "ActorName": "TRAFFIC_SIGN 77",
            "ObjectId": 77,
            "BoundingBox3D Origin X": 15.126228666471434,
            "BoundingBox3D Origin Y": -5.077099496422306,
            "BoundingBox3D Origin Z": 2.990183547139168,
            "BoundingBox3D Extent X": 0.0999999999999999,
            "BoundingBox3D Extent Y": 0.60407060371918,
            "BoundingBox3D Extent Z": 0.2037042366830296,
            "BoundingBox3D Orientation Quat W": -0.195855078931918,
            "BoundingBox3D Orientation Quat X": -0.0074598969450549,
            "BoundingBox3D Orientation Quat Y": 0.0001749641729918,
            "BoundingBox3D Orientation Quat Z": -0.9806044602089468,
            "ObjectType": "TRAFFIC_SIGN",
            "Occluded": {
                "F_MIDRANGECAM_C": 0.0066415690816938
            },
            "Truncated": 0,
            "ObjectMeta": {
                "SourceID": 77,
                "SubType": "us_white_ground_rectangle_unknown",
                "Text": "",
                "OcrVersion": 10006
            }
        },
        {
            "ActorName": "TRAFFIC_SIGN 78",
            "ObjectId": 78,
            "BoundingBox3D Origin X": 81.13187393844419,
            "BoundingBox3D Origin Y": -4.340157605409331,
            "BoundingBox3D Origin Z": 1.4786741565912962,
            "BoundingBox3D Extent X": 0.1,
            "BoundingBox3D Extent Y": 0.3832816087039713,
            "BoundingBox3D Extent Z": 0.4357120768838613,
            "BoundingBox3D Orientation Quat W": -0.1038132607097058,
            "BoundingBox3D Orientation Quat X": -0.0074162128221614,
            "BoundingBox3D Orientation Quat Y": 0.0008673808550946,
            "BoundingBox3D Orientation Quat Z": -0.9945687780835708,
            "ObjectType": "TRAFFIC_SIGN",
            "Occluded": {
                "F_MIDRANGECAM_C": 0.9984948635101318
            },
            "Truncated": 0,
            "ObjectMeta": {
                "SourceID": 78,
                "SubType": "unknown",
                "Text": "",
                "OcrVersion": 10006
            }
        },
        {
            "ActorName": "TRAFFIC_SIGN 79",
            "ObjectId": 79,
            "BoundingBox3D Origin X": 90.91918069437088,
            "BoundingBox3D Origin Y": 23.151155312123592,
            "BoundingBox3D Origin Z": 4.944010776467621,
            "BoundingBox3D Extent X": 0.1,
            "BoundingBox3D Extent Y": 1.7107504098693462,
            "BoundingBox3D Extent Z": 0.6034869053535241,
            "BoundingBox3D Orientation Quat W": 0.3137660234555127,
            "BoundingBox3D Orientation Quat X": -0.0064069026737764,
            "BoundingBox3D Orientation Quat Y": 0.0038350438240825,
            "BoundingBox3D Orientation Quat Z": -0.9494709719427502,
            "ObjectType": "TRAFFIC_SIGN",
            "Occluded": {
                "F_MIDRANGECAM_C": 0.9743624925613404
            },
            "Truncated": 0,
            "ObjectMeta": {
                "SourceID": 79,
                "SubType": "unknown",
                "Text": "",
                "OcrVersion": 10006
            }
        },
        {
            "ActorName": "TRAFFIC_SIGN 80",
            "ObjectId": 80,
            "BoundingBox3D Origin X": 128.71319844506797,
            "BoundingBox3D Origin Y": 9.406069640186615,
            "BoundingBox3D Origin Z": 5.079948149621487,
            "BoundingBox3D Extent X": 0.0999999999999999,
            "BoundingBox3D Extent Y": 0.9914366721812164,
            "BoundingBox3D Extent Z": 1.020302161968541,
            "BoundingBox3D Orientation Quat W": 0.115069607170438,
            "BoundingBox3D Orientation Quat X": -0.0070528358969794,
            "BoundingBox3D Orientation Quat Y": 0.0024598594181632,
            "BoundingBox3D Orientation Quat Z": -0.993329347247475,
            "ObjectType": "TRAFFIC_SIGN",
            "Occluded": {
                "F_MIDRANGECAM_C": 0.9973658919334412
            },
            "Truncated": 0,
            "ObjectMeta": {
                "SourceID": 80,
                "SubType": "us_white_ground_rectangle_unknown",
                "Text": "Lt.",
                "OcrVersion": 10006
            }
        },
        {
            "ActorName": "TRAFFIC_SIGN 81",
            "ObjectId": 81,
            "BoundingBox3D Origin X": 129.84934083894768,
            "BoundingBox3D Origin Y": -4.668092291434732,
            "BoundingBox3D Origin Z": 3.2453318499028683,
            "BoundingBox3D Extent X": 0.1,
            "BoundingBox3D Extent Y": 0.7463736033616835,
            "BoundingBox3D Extent Z": 0.983651782538956,
            "BoundingBox3D Orientation Quat W": -0.0699353710708957,
            "BoundingBox3D Orientation Quat X": -0.0073844408626018,