{
    "CapturedObjects": [
        {
            "ActorName": "TRAFFIC_SIGN 78",
            "ObjectId": 78,
            "BoundingBox3D Origin X": 61.3606126026134,
            "BoundingBox3D Origin Y": -4.587250864933594,
            "BoundingBox3D Origin Z": 2.683700858615339,
            "BoundingBox3D Extent X": 0.1,
            "BoundingBox3D Extent Y": 0.3832816087039713,
            "BoundingBox3D Extent Z": 0.4357120768838613,
            "BoundingBox3D Orientation Quat W": 0.1052881587138118,
            "BoundingBox3D Orientation Quat X": -0.0004224322115165,
            "BoundingBox3D Orientation Quat Y": 0.0092622989376325,
            "BoundingBox3D Orientation Quat Z": 0.9943985292648376,
            "ObjectType": "TRAFFIC_SIGN",
            "Occluded": {
                "F_MIDRANGECAM_C": 0.9986740350723268
            },
            "Truncated": 0,
            "ObjectMeta": {
                "SourceID": 78,
                "SubType": "unknown",
                "Text": "",
                "OcrVersion": 10006
            }
        },
        {
            "ActorName": "TRAFFIC_SIGN 79",
            "ObjectId": 79,
            "BoundingBox3D Origin X": 71.18260949836986,
            "BoundingBox3D Origin Y": 22.94668760131753,
            "BoundingBox3D Origin Z": 5.681310882791877,
            "BoundingBox3D Extent X": 0.1,
            "BoundingBox3D Extent Y": 1.7107504098693462,
            "BoundingBox3D Extent Z": 0.6034869053535241,
            "BoundingBox3D Orientation Quat W": -0.3123490283663525,
            "BoundingBox3D Orientation Quat X": 0.003419888422542,
            "BoundingBox3D Orientation Quat Y": 0.0086216562405013,
            "BoundingBox3D Orientation Quat Z": 0.9499221314852304,
            "ObjectType": "TRAFFIC_SIGN",
            "Occluded": {
                "F_MIDRANGECAM_C": 0.917134165763855
            },
            "Truncated": 0,
            "ObjectMeta": {
                "SourceID": 79,
                "SubType": "unknown",
                "Text": "",
                "OcrVersion": 10006
            }
        },
        {
            "ActorName": "TRAFFIC_SIGN 80",
            "ObjectId": 80,
            "BoundingBox3D Origin X": 108.9300434890547,
            "BoundingBox3D Origin Y": 9.106440761548583,
            "BoundingBox3D Origin Z": 6.627153027802706,
            "BoundingBox3D Extent X": 0.0999999999999999,
            "BoundingBox3D Extent Y": 0.9914366721812164,
            "BoundingBox3D Extent Z": 1.020302161968541,
            "BoundingBox3D Orientation Quat W": -0.1135927122828798,
            "BoundingBox3D Orientation Quat X": 0.0016063948151463,
            "BoundingBox3D Orientation Quat Y": 0.0091334768147155,
            "BoundingBox3D Orientation Quat Z": 0.9934841190543466,
            "ObjectType": "TRAFFIC_SIGN",
            "Occluded": {
                "F_MIDRANGECAM_C": 0.9944802522659302
            },
            "Truncated": 0,
            "ObjectMeta": {
                "SourceID": 80,
                "SubType": "us_white_ground_rectangle_unknown",
                "Text": "Lt.",
                "OcrVersion": 10006
            }
        },
        {
            "ActorName": "TRAFFIC_SIGN 81",
            "ObjectId": 81,
            "BoundingBox3D Origin X": 110.04865083166624,
            "BoundingBox3D Origin Y": -5.007367799800704,
            "BoundingBox3D Origin Z": 5.1150457533076406,
            "BoundingBox3D Extent X": 0.1,
            "BoundingBox3D Extent Y": 0.7463736033616835,
            "BoundingBox3D Extent Z": 0.983651782538956,
            "BoundingBox3D Orientation Quat W": 0.0714151045315837,
            "BoundingBox3D Orientation Quat X": -0.0001051439395213,
            "BoundingBox3D Orientation Quat Y": 0.0092717565278246,
            "BoundingBox3D Orientation Quat Z": 0.9974035824681924,
            "ObjectType": "TRAFFIC_SIGN",
            "Occluded": {
                "F_MIDRANGECAM_C": 0.9793309569358826
            },
            "Truncated": 0,
            "ObjectMeta": {
                "SourceID": 81,
                "SubType": "us_white_ground_rectangle_unknown",
                "Text": "A",
                "OcrVersion": 10006
            }
        },
        {
            "ActorName": "TRAFFIC_SIGN 82",
            "ObjectId": 82,
            "BoundingBox3D Origin X": 109.94542052367706,
            "BoundingBox3D Origin Y": -0.8190370690717828,
            "BoundingBox3D Origin Z": 6.094369702972472,
            "BoundingBox3D Extent X": 0.1,
            "BoundingBox3D Extent Y": 2.213188412608715,
            "BoundingBox3D Extent Z": 0.5427212993728956,
            "BoundingBox3D Orientation Quat W": 0.0142647094739344,
            "BoundingBox3D Orientation Quat X": 0.0004258631827707,
            "BoundingBox3D Orientation Quat Y": 0.0092628704762802,
            "BoundingBox3D Orientation Quat Z": 0.99985525749216,
            "ObjectType": "TRAFFIC_SIGN",
            "Occluded": {
                "F_MIDRANGECAM_C": 0.9507370591163636
            },
            "Truncated": 0,
            "ObjectMeta": {
                "SourceID": 82,
                "SubType": "unknown",
                "Text": "",
                "OcrVersion": 10006
            }
        },
        {
            "ActorName": "TRAFFIC_SIGN 83",
            "ObjectId": 83,
            "BoundingBox3D Origin X": 106.02550268596497,
            "BoundingBox3D Origin Y": -10.218889092458994,
            "BoundingBox3D Origin Z": 3.4831671584397554,
            "BoundingBox3D Extent X": 0.1,
            "BoundingBox3D Extent Y": 0.5022577767826779,
            "BoundingBox3D Extent Z": 0.4764159543296132,
            "BoundingBox3D Orientation Quat W": 0.1562680143575151,
            "BoundingBox3D Orientation Quat X": -0.0008948785055612,
            "BoundingBox3D Orientation Quat Y": 0.009228369660523,
            "BoundingBox3D Orientation Quat Z": 0.9876711720378542,
            "ObjectType": "TRAFFIC_SIGN",
            "Occluded": {
                "F_MIDRANGECAM_C": 0.9998884201049804
            },
            "Truncated": 0,
            "ObjectMeta": {
                "SourceID": 83,
                "SubType": "unknown",
                "Text": "",
                "OcrVersion": 10006
            }
        },
        {
            "ActorName": "TRAFFIC_SIGN 84",
            "ObjectId": 84,
            "BoundingBox3D Origin X": 106.72169175062754,
            "BoundingBox3D Origin Y": -10.289320412222878,
            "BoundingBox3D Origin Z": 2.725220337510109,
            "BoundingBox3D Extent X": 0.1,
            "BoundingBox3D Extent Y": 0.5902100148686099,
            "BoundingBox3D Extent Z": 0.6262998747597067,
            "BoundingBox3D Orientation Quat W": 0.4111323274142536,
            "BoundingBox3D Orientation Quat X": -0.0032971552834597,
            "BoundingBox3D Orientation Quat Y": 0.0086658771003489,
            "BoundingBox3D Orientation Quat Z": 0.9115285188605222,
            "ObjectType": "TRAFFIC_SIGN",
            "Occluded": {
                "F_MIDRANGECAM_C": 0.9998347759246826
            },
            "Truncated": 0,
            "ObjectMeta": {
                "SourceID": 84,
                "SubType": "us_white_ground_rectangle_unknown",
                "Text": "",
                "OcrVersion": 10006
            }
        },
        {
            "ActorName": "TRAFFIC_SIGN 85",
            "ObjectId": 85,
            "BoundingBox3D Origin X": 109.6282958912616,
            "BoundingBox3D Origin Y": -8.686385564593365,
            "BoundingBox3D Origin Z": 2.6557205840945244,
            "BoundingBox3D Extent X": 0.1,
            "BoundingBox3D Extent Y": 0.4321764308658682,
            "BoundingBox3D Extent Z": 0.619127164289498,
            "BoundingBox3D Orientation Quat W": 0.1480998720739024,
            "BoundingBox3D Orientation Quat X": -0.0008189930182663,