{
    "CapturedObjects": [
        {
            "ActorName": "TRAFFIC_SIGN 73",
            "ObjectId": 73,
            "BoundingBox3D Origin X": 7.624585064029816,
            "BoundingBox3D Origin Y": -5.122781127676717,
            "BoundingBox3D Origin Z": 2.8935102224349976,
            "BoundingBox3D Extent X": 0.1,
            "BoundingBox3D Extent Y": 0.3362411013069622,
            "BoundingBox3D Extent Z": 0.4807453413399092,
            "BoundingBox3D Orientation Quat W": 0.1536551415670833,
            "BoundingBox3D Orientation Quat X": 0.0005973425292368,
            "BoundingBox3D Orientation Quat Y": 0.0069656054597571,
            "BoundingBox3D Orientation Quat Z": 0.9880998031537508,
            "ObjectType": "TRAFFIC_SIGN",
            "Occluded": {
                "F_MIDRANGECAM_C": 0.0083830058574676
            },
            "Truncated": 0,
            "ObjectMeta": {
                "SourceID": 73,
                "SubType": "us_white_ground_rectangle_unknown",
                "Text": "",
                "OcrVersion": 10006
            }
        },
        {
            "ActorName": "TRAFFIC_SIGN 74",
            "ObjectId": 74,
            "BoundingBox3D Origin X": 50.57392203040217,
            "BoundingBox3D Origin Y": -4.724569439495099,
            "BoundingBox3D Origin Z": 4.110309147275984,
            "BoundingBox3D Extent X": 0.1,
            "BoundingBox3D Extent Y": 1.0443760949039496,
            "BoundingBox3D Extent Z": 0.9445654290099652,
            "BoundingBox3D Orientation Quat W": 0.0624604250639165,
            "BoundingBox3D Orientation Quat X": 0.0012342852674084,
            "BoundingBox3D Orientation Quat Y": 0.0068819210982469,
            "BoundingBox3D Orientation Quat Z": 0.998022951140259,
            "ObjectType": "TRAFFIC_SIGN",
            "Occluded": {
                "F_MIDRANGECAM_C": 1.577924081175297e-06
            },
            "Truncated": 0,
            "ObjectMeta": {
                "SourceID": 74,
                "SubType": "us_white_ground_rectangle_unknown",
                "Text": "Ho",
                "OcrVersion": 10006
            }
        },
        {
            "ActorName": "TRAFFIC_SIGN 75",
            "ObjectId": 75,
            "BoundingBox3D Origin X": 40.07785104164577,
            "BoundingBox3D Origin Y": 12.86884181087953,
            "BoundingBox3D Origin Z": 1.0074987383559346,
            "BoundingBox3D Extent X": 0.1,
            "BoundingBox3D Extent Y": 0.9246897276089624,
            "BoundingBox3D Extent Z": 0.4851001072257914,
            "BoundingBox3D Orientation Quat W": -0.3175751515976364,
            "BoundingBox3D Orientation Quat X": 0.0037320596614558,
            "BoundingBox3D Orientation Quat Y": 0.0059118926147215,
            "BoundingBox3D Orientation Quat Z": 0.9482073319396622,
            "ObjectType": "TRAFFIC_SIGN",
            "Occluded": {
                "F_MIDRANGECAM_C": 0.8947222232818604
            },
            "Truncated": 0,
            "ObjectMeta": {
                "SourceID": 75,
                "SubType": "us_white_ground_rectangle_unknown",
                "Text": "",
                "OcrVersion": 10006
            }
        },
        {
            "ActorName": "TRAFFIC_SIGN 76",
            "ObjectId": 76,
            "BoundingBox3D Origin X": 50.52451029214353,
            "BoundingBox3D Origin Y": -4.734362790259183,
            "BoundingBox3D Origin Z": 3.4206471871584654,
            "BoundingBox3D Extent X": 0.1,
            "BoundingBox3D Extent Y": 0.6871968100218089,
            "BoundingBox3D Extent Z": 0.273953078968039,
            "BoundingBox3D Orientation Quat W": 0.156050240435963,
            "BoundingBox3D Orientation Quat X": 0.0005838711717135,
            "BoundingBox3D Orientation Quat Y": 0.0069675732248372,
            "BoundingBox3D Orientation Quat Z": 0.9877243717139362,
            "ObjectType": "TRAFFIC_SIGN",
            "Occluded": {
                "F_MIDRANGECAM_C": 0.9368929862976074
            },
            "Truncated": 0,
            "ObjectMeta": {
                "SourceID": 76,
                "SubType": "us_white_ground_rectangle_unknown",
                "Text": "",
                "OcrVersion": 10006
            }
        },
        {
            "ActorName": "TRAFFIC_SIGN 77",
            "ObjectId": 77,
            "BoundingBox3D Origin X": 50.00910687575015,
            "BoundingBox3D Origin Y": -4.733365885724197,
            "BoundingBox3D Origin Z": 3.0731905810534954,
            "BoundingBox3D Extent X": 0.0999999999999999,
            "BoundingBox3D Extent Y": 0.60407060371918,
            "BoundingBox3D Extent Z": 0.2037042366830296,
            "BoundingBox3D Orientation Quat W": 0.1953056758467649,
            "BoundingBox3D Orientation Quat X": 0.0003053392984175,
            "BoundingBox3D Orientation Quat Y": 0.0069853506007481,
            "BoundingBox3D Orientation Quat Z": 0.9807174948102722,
            "ObjectType": "TRAFFIC_SIGN",
            "Occluded": {
                "F_MIDRANGECAM_C": 0.9970961809158324
            },
            "Truncated": 0,
            "ObjectMeta": {
                "SourceID": 77,
                "SubType": "us_white_ground_rectangle_unknown",
                "Text": "",
                "OcrVersion": 10006
            }
        },
        {
            "ActorName": "TRAFFIC_SIGN 78",
            "ObjectId": 78,
            "BoundingBox3D Origin X": 116.02643963509036,
            "BoundingBox3D Origin Y": -3.93454753246624,
            "BoundingBox3D Origin Z": 2.2901140907779336,
            "BoundingBox3D Extent X": 0.1,
            "BoundingBox3D Extent Y": 0.3832816087039713,
            "BoundingBox3D Extent Z": 0.4357120768838613,
            "BoundingBox3D Orientation Quat W": 0.1032547833241927,
            "BoundingBox3D Orientation Quat X": 0.0009583688522604,
            "BoundingBox3D Orientation Quat Y": 0.0069272812804691,
            "BoundingBox3D Orientation Quat Z": 0.9946303554707536,
            "ObjectType": "TRAFFIC_SIGN",
            "Occluded": {
                "F_MIDRANGECAM_C": 0.994371235370636
            },
            "Truncated": 0,
            "ObjectMeta": {
                "SourceID": 78,
                "SubType": "unknown",
                "Text": "",
                "OcrVersion": 10006
            }
        },
        {
            "ActorName": "TRAFFIC_SIGN 79",
            "ObjectId": 79,
            "BoundingBox3D Origin X": 125.74315825357552,
            "BoundingBox3D Origin Y": 23.624222815487883,
            "BoundingBox3D Origin Z": 5.401604940183461,
            "BoundingBox3D Extent X": 0.1,
            "BoundingBox3D Extent Y": 1.7107504098693462,
            "BoundingBox3D Extent Z": 0.6034869053535241,
            "BoundingBox3D Orientation Quat W": -0.314301609854811,
            "BoundingBox3D Orientation Quat X": 0.0037189286893413,
            "BoundingBox3D Orientation Quat Y": 0.005923647984752,
            "BoundingBox3D Orientation Quat Z": 0.9492974128304732,
            "ObjectType": "TRAFFIC_SIGN",
            "Occluded": {
                "F_MIDRANGECAM_C": 0.9988495111465454
            },
            "Truncated": 0,
            "ObjectMeta": {
                "SourceID": 79,
                "SubType": "unknown",
                "Text": "",
                "OcrVersion": 10006
            }
        },
        {
            "ActorName": "TRAFFIC_SIGN 80",
            "ObjectId": 80,
            "BoundingBox3D Origin X": 163.5485790177263,
            "BoundingBox3D Origin Y": 9.933390868958668,
            "BoundingBox3D Origin Z": 6.192996174097061,
            "BoundingBox3D Extent X": 0.0999999999999999,
            "BoundingBox3D Extent Y": 0.9914366721812164,
            "BoundingBox3D Extent Z": 1.020302161968541,
            "BoundingBox3D Orientation Quat W": -0.1156295651233978,
            "BoundingBox3D Orientation Quat X": 0.0024452450995841,