{
    "CapturedObjects": [
        {
            "ActorName": "TRAFFIC_SIGN 74",
            "ObjectId": 74,
            "BoundingBox3D Origin X": 7.808602490702469,
            "BoundingBox3D Origin Y": -5.047605717321858,
            "BoundingBox3D Origin Z": 4.335317124612629,
            "BoundingBox3D Extent X": 0.1,
            "BoundingBox3D Extent Y": 1.0443760949039496,
            "BoundingBox3D Extent Z": 0.9445654290099652,
            "BoundingBox3D Orientation Quat W": 0.0620459510829546,
            "BoundingBox3D Orientation Quat X": -0.0034889975963438,
            "BoundingBox3D Orientation Quat Y": 0.0068529265240633,
            "BoundingBox3D Orientation Quat Z": 0.9980436685075662,
            "ObjectType": "TRAFFIC_SIGN",
            "Occluded": {
                "F_MIDRANGECAM_C": 0.1188635379076004
            },
            "Truncated": 0,
            "ObjectMeta": {
                "SourceID": 74,
                "SubType": "us_white_ground_rectangle_unknown",
                "Text": "Ho",
                "OcrVersion": 10006
            }
        },
        {
            "ActorName": "TRAFFIC_SIGN 76",
            "ObjectId": 76,
            "BoundingBox3D Origin X": 7.765702880336903,
            "BoundingBox3D Origin Y": -5.057806588680251,
            "BoundingBox3D Origin Z": 3.645227422937751,
            "BoundingBox3D Extent X": 0.1,
            "BoundingBox3D Extent Y": 0.6871968100218089,
            "BoundingBox3D Extent Z": 0.273953078968039,
            "BoundingBox3D Orientation Quat W": 0.1556385229559623,
            "BoundingBox3D Orientation Quat X": -0.0041159802849568,
            "BoundingBox3D Orientation Quat Y": 0.00649441628651,
            "BoundingBox3D Orientation Quat Z": 0.9877841522496084,
            "ObjectType": "TRAFFIC_SIGN",
            "Occluded": {
                "F_MIDRANGECAM_C": 0.00263048755005
            },
            "Truncated": 0,
            "ObjectMeta": {
                "SourceID": 76,
                "SubType": "us_white_ground_rectangle_unknown",
                "Text": "",
                "OcrVersion": 10006
            }
        },
        {
            "ActorName": "TRAFFIC_SIGN 77",
            "ObjectId": 77,
            "BoundingBox3D Origin X": 7.253594306042942,
            "BoundingBox3D Origin Y": -5.0574544811534,
            "BoundingBox3D Origin Z": 3.292929584160447,
            "BoundingBox3D Extent X": 0.0999999999999999,
            "BoundingBox3D Extent Y": 0.60407060371918,
            "BoundingBox3D Extent Z": 0.2037042366830296,
            "BoundingBox3D Orientation Quat W": 0.1948962736424766,
            "BoundingBox3D Orientation Quat X": -0.0043720135526649,
            "BoundingBox3D Orientation Quat Y": 0.0063251920797334,
            "BoundingBox3D Orientation Quat Z": 0.9807937193737156,
            "ObjectType": "TRAFFIC_SIGN",
            "Occluded": {
                "F_MIDRANGECAM_C": 0.082636147737503
            },
            "Truncated": 0,
            "ObjectMeta": {
                "SourceID": 77,
                "SubType": "us_white_ground_rectangle_unknown",
                "Text": "",
                "OcrVersion": 10006
            }
        },
        {
            "ActorName": "TRAFFIC_SIGN 78",
            "ObjectId": 78,
            "BoundingBox3D Origin X": 73.27499980141147,
            "BoundingBox3D Origin Y": -4.199908493930707,
            "BoundingBox3D Origin Z": 3.131602395325899,
            "BoundingBox3D Extent X": 0.1,
            "BoundingBox3D Extent Y": 0.3832816087039713,
            "BoundingBox3D Extent Z": 0.4357120768838613,
            "BoundingBox3D Orientation Quat W": 0.1028410486522953,
            "BoundingBox3D Orientation Quat X": -0.0037598700719432,
            "BoundingBox3D Orientation Quat Y": 0.0067049717842795,
            "BoundingBox3D Orientation Quat Z": 0.9946680981324928,
            "ObjectType": "TRAFFIC_SIGN",
            "Occluded": {
                "F_MIDRANGECAM_C": 0.9992929697036744
            },
            "Truncated": 0,
            "ObjectMeta": {
                "SourceID": 78,
                "SubType": "unknown",
                "Text": "",
                "OcrVersion": 10006
            }
        },
        {
            "ActorName": "TRAFFIC_SIGN 79",
            "ObjectId": 79,
            "BoundingBox3D Origin X": 82.9373803615672,
            "BoundingBox3D Origin Y": 23.36903642848484,
            "BoundingBox3D Origin Z": 6.319641687907279,
            "BoundingBox3D Extent X": 0.1,
            "BoundingBox3D Extent Y": 1.7107504098693462,
            "BoundingBox3D Extent Z": 0.6034869053535241,
            "BoundingBox3D Orientation Quat W": -0.3146911593301757,
            "BoundingBox3D Orientation Quat X": -0.0006736459539487,
            "BoundingBox3D Orientation Quat Y": 0.0076590933622043,
            "BoundingBox3D Orientation Quat Z": 0.9491629779597536,
            "ObjectType": "TRAFFIC_SIGN",
            "Occluded": {
                "F_MIDRANGECAM_C": 0.9619169235229492
            },
            "Truncated": 0,
            "ObjectMeta": {
                "SourceID": 79,
                "SubType": "unknown",
                "Text": "",
                "OcrVersion": 10006
            }
        },
        {
            "ActorName": "TRAFFIC_SIGN 80",
            "ObjectId": 80,
            "BoundingBox3D Origin X": 120.74608721739789,
            "BoundingBox3D Origin Y": 9.712575694691624,
            "BoundingBox3D Origin Z": 7.4746607802808285,
            "BoundingBox3D Extent X": 0.0999999999999999,
            "BoundingBox3D Extent Y": 0.9914366721812164,
            "BoundingBox3D Extent Z": 1.020302161968541,
            "BoundingBox3D Orientation Quat W": -0.1160392765820204,
            "BoundingBox3D Orientation Quat X": -0.002207836716313,
            "BoundingBox3D Orientation Quat Y": 0.0073628678635134,
            "BoundingBox3D Orientation Quat Z": 0.993214881042456,
            "ObjectType": "TRAFFIC_SIGN",
            "Occluded": {
                "F_MIDRANGECAM_C": 0.6264064311981201
            },
            "Truncated": 0,
            "ObjectMeta": {
                "SourceID": 80,
                "SubType": "us_white_ground_rectangle_unknown",
                "Text": "Lt.",
                "OcrVersion": 10006
            }
        },
        {
            "ActorName": "TRAFFIC_SIGN 81",
            "ObjectId": 81,
            "BoundingBox3D Origin X": 121.9461221365782,
            "BoundingBox3D Origin Y": -4.388696557012736,
            "BoundingBox3D Origin Z": 5.908905769698322,
            "BoundingBox3D Extent X": 0.1,
            "BoundingBox3D Extent Y": 0.7463736033616835,
            "BoundingBox3D Extent Z": 0.983651782538956,
            "BoundingBox3D Orientation Quat W": 0.0689604201803861,
            "BoundingBox3D Orientation Quat X": -0.0035276820293552,
            "BoundingBox3D Orientation Quat Y": 0.0068292931089629,
            "BoundingBox3D Orientation Quat Z": 0.997589783760678,
            "ObjectType": "TRAFFIC_SIGN",
            "Occluded": {
                "F_MIDRANGECAM_C": 0.981694757938385
            },
            "Truncated": 0,
            "ObjectMeta": {
                "SourceID": 81,
                "SubType": "us_white_ground_rectangle_unknown",
                "Text": "A",
                "OcrVersion": 10006
            }
        },
        {
            "ActorName": "TRAFFIC_SIGN 82",
            "ObjectId": 82,
            "BoundingBox3D Origin X": 121.81494391537854,
            "BoundingBox3D Origin Y": -0.2052860979165416,
            "BoundingBox3D Origin Z": 6.905764661729336,
            "BoundingBox3D Extent X": 0.1,
            "BoundingBox3D Extent Y": 2.213188412608715,
            "BoundingBox3D Extent Z": 0.5427212993728956,
            "BoundingBox3D Orientation Quat W": 0.011803628147881,
            "BoundingBox3D Orientation Quat X": -0.0031308407345804,