{
    "CapturedObjects": [
        {
            "ActorName": "TRAFFIC_SIGN 70",
            "ObjectId": 70,
            "BoundingBox3D Origin X": 1.8667834035804844,
            "BoundingBox3D Origin Y": -4.8877273914113175,
            "BoundingBox3D Origin Z": 2.733585419133305,
            "BoundingBox3D Extent X": 0.1,
            "BoundingBox3D Extent Y": 0.3835351811205211,
            "BoundingBox3D Extent Z": 0.510645001842084,
            "BoundingBox3D Orientation Quat W": 0.104589918235295,
            "BoundingBox3D Orientation Quat X": 0.0014001619087066,
            "BoundingBox3D Orientation Quat Y": 0.0108365776298767,
            "BoundingBox3D Orientation Quat Z": 0.9944554073136892,
            "ObjectType": "TRAFFIC_SIGN",
            "Occluded": {
                "F_CTCAM_L": 0.0
            },
            "Truncated": 0,
            "ObjectMeta": {
                "SourceID": 70,
                "SubType": "us_white_ground_rectangle_unknown",
                "Text": "",
                "OcrVersion": 10006
            }
        },
        {
            "ActorName": "TRAFFIC_SIGN 71",
            "ObjectId": 71,
            "BoundingBox3D Origin X": 28.632299259261345,
            "BoundingBox3D Origin Y": -6.887213660200359,
            "BoundingBox3D Origin Z": 1.2772781727835536,
            "BoundingBox3D Extent X": 0.1,
            "BoundingBox3D Extent Y": 0.4031856189935762,
            "BoundingBox3D Extent Z": 0.4997455218914134,
            "BoundingBox3D Orientation Quat W": 0.11285719161803,
            "BoundingBox3D Orientation Quat X": 0.0013150612207122,
            "BoundingBox3D Orientation Quat Y": 0.0108476045637964,
            "BoundingBox3D Orientation Quat Z": 0.9935511332534952,
            "ObjectType": "TRAFFIC_SIGN",
            "Occluded": {
                "F_MIDRANGECAM_C": 2.417203859295114e-06
            },
            "Truncated": 0,
            "ObjectMeta": {
                "SourceID": 71,
                "SubType": "unknown",
                "Text": "",
                "OcrVersion": 10006
            }
        },
        {
            "ActorName": "TRAFFIC_SIGN 72",
            "ObjectId": 72,
            "BoundingBox3D Origin X": 30.542898630039417,
            "BoundingBox3D Origin Y": -7.428811991325347,
            "BoundingBox3D Origin Z": 1.8219673428684475,
            "BoundingBox3D Extent X": 0.1,
            "BoundingBox3D Extent Y": 0.9388444663395614,
            "BoundingBox3D Extent Z": 0.3092811740232059,
            "BoundingBox3D Orientation Quat W": 0.2847140054779764,
            "BoundingBox3D Orientation Quat X": -0.0006007023238817,
            "BoundingBox3D Orientation Quat Y": 0.0109097881873423,
            "BoundingBox3D Orientation Quat Z": 0.9585502338235136,
            "ObjectType": "TRAFFIC_SIGN",
            "Occluded": {
                "F_MIDRANGECAM_C": 0.0002491085324436
            },
            "Truncated": 0,
            "ObjectMeta": {
                "SourceID": 72,
                "SubType": "us_yellow_ground_rectangle_unknown",
                "Text": "Chock and Shol Chun",
                "OcrVersion": 10006
            }
        },
        {
            "ActorName": "TRAFFIC_SIGN 73",
            "ObjectId": 73,
            "BoundingBox3D Origin X": 43.13668994791442,
            "BoundingBox3D Origin Y": -5.219665624026675,
            "BoundingBox3D Origin Z": 2.7418558849021792,
            "BoundingBox3D Extent X": 0.1,
            "BoundingBox3D Extent Y": 0.3362411013069622,
            "BoundingBox3D Extent Z": 0.4807453413399092,
            "BoundingBox3D Orientation Quat W": 0.161671728637262,
            "BoundingBox3D Orientation Quat X": 0.000780102028962,
            "BoundingBox3D Orientation Quat Y": 0.0108992990146347,
            "BoundingBox3D Orientation Quat Z": 0.98678409435968,
            "ObjectType": "TRAFFIC_SIGN",
            "Occluded": {
                "F_MIDRANGECAM_C": 0.0490570105612278
            },
            "Truncated": 0,
            "ObjectMeta": {
                "SourceID": 73,
                "SubType": "us_white_ground_rectangle_unknown",
                "Text": "",
                "OcrVersion": 10006
            }
        },
        {
            "ActorName": "TRAFFIC_SIGN 74",
            "ObjectId": 74,
            "BoundingBox3D Origin X": 86.0890465181401,
            "BoundingBox3D Origin Y": -5.510241125652101,
            "BoundingBox3D Origin Z": 3.895260806195438,
            "BoundingBox3D Extent X": 0.1,
            "BoundingBox3D Extent Y": 1.0443760949039496,
            "BoundingBox3D Extent Z": 0.9445654290099652,
            "BoundingBox3D Orientation Quat W": 0.0705652278281384,
            "BoundingBox3D Orientation Quat X": 0.0017769948443783,
            "BoundingBox3D Orientation Quat Y": 0.0107827414131971,
            "BoundingBox3D Orientation Quat Z": 0.9974473035697184,
            "ObjectType": "TRAFFIC_SIGN",
            "Occluded": {
                "F_MIDRANGECAM_C": 0.5892323851585388
            },
            "Truncated": 0,
            "ObjectMeta": {
                "SourceID": 74,
                "SubType": "us_white_ground_rectangle_unknown",
                "Text": "Ho",
                "OcrVersion": 10006
            }
        },
        {
            "ActorName": "TRAFFIC_SIGN 75",
            "ObjectId": 75,
            "BoundingBox3D Origin X": 75.8753832525399,
            "BoundingBox3D Origin Y": 12.226784475846216,
            "BoundingBox3D Origin Z": 0.6707594972103834,
            "BoundingBox3D Extent X": 0.1,
            "BoundingBox3D Extent Y": 0.9246897276089624,
            "BoundingBox3D Extent Z": 0.4851001072257914,
            "BoundingBox3D Orientation Quat W": -0.3098434756355027,
            "BoundingBox3D Orientation Quat X": 0.0057022199950079,
            "BoundingBox3D Orientation Quat Y": 0.0093239555067311,
            "BoundingBox3D Orientation Quat Z": 0.9507247599315738,
            "ObjectType": "TRAFFIC_SIGN",
            "Occluded": {
                "F_MIDRANGECAM_C": 0.9794968366622924
            },
            "Truncated": 0,
            "ObjectMeta": {
                "SourceID": 75,
                "SubType": "us_white_ground_rectangle_unknown",
                "Text": "",
                "OcrVersion": 10006
            }
        },
        {
            "ActorName": "TRAFFIC_SIGN 76",
            "ObjectId": 76,
            "BoundingBox3D Origin X": 86.03843490203508,
            "BoundingBox3D Origin Y": -5.524564134684624,
            "BoundingBox3D Origin Z": 3.2057683328166604,
            "BoundingBox3D Extent X": 0.1,
            "BoundingBox3D Extent Y": 0.6871968100218089,
            "BoundingBox3D Extent Z": 0.273953078968039,
            "BoundingBox3D Orientation Quat W": 0.1640635961256787,
            "BoundingBox3D Orientation Quat X": 0.0007570901131961,
            "BoundingBox3D Orientation Quat Y": 0.0109016596442717,
            "BoundingBox3D Orientation Quat Z": 0.9863892320265216,
            "ObjectType": "TRAFFIC_SIGN",
            "Occluded": {
                "F_MIDRANGECAM_C": 0.8538764715194702
            },
            "Truncated": 0,
            "ObjectMeta": {
                "SourceID": 76,
                "SubType": "us_white_ground_rectangle_unknown",
                "Text": "",
                "OcrVersion": 10006
            }
        },
        {
            "ActorName": "TRAFFIC_SIGN 77",
            "ObjectId": 77,
            "BoundingBox3D Origin X": 85.52258382373111,
            "BoundingBox3D Origin Y": -5.517877199978102,
            "BoundingBox3D Origin Z": 2.859039313159883,
            "BoundingBox3D Extent X": 0.0999999999999999,
            "BoundingBox3D Extent Y": 0.60407060371918,
            "BoundingBox3D Extent Z": 0.2037042366830296,
            "BoundingBox3D Orientation Quat W": 0.2032589707143084,