{
    "CapturedObjects": [
        {
            "ActorName": "TRAFFIC_SIGN 74",
            "ObjectId": 74,
            "BoundingBox3D Origin X": 28.04554905635632,
            "BoundingBox3D Origin Y": -4.99140544848342,
            "BoundingBox3D Origin Z": 4.232969072647393,
            "BoundingBox3D Extent X": 0.1,
            "BoundingBox3D Extent Y": 1.0443760949039496,
            "BoundingBox3D Extent Z": 0.9445654290099652,
            "BoundingBox3D Orientation Quat W": 0.0641731353067422,
            "BoundingBox3D Orientation Quat X": 0.0007088486146717,
            "BoundingBox3D Orientation Quat Y": 0.0041852280566619,
            "BoundingBox3D Orientation Quat Z": 0.9979297520891226,
            "ObjectType": "TRAFFIC_SIGN",
            "Occluded": {
                "F_MIDRANGECAM_C": 1.050115656653361e-06
            },
            "Truncated": 0,
            "ObjectMeta": {
                "SourceID": 74,
                "SubType": "us_white_ground_rectangle_unknown",
                "Text": "Ho",
                "OcrVersion": 10006
            }
        },
        {
            "ActorName": "TRAFFIC_SIGN 75",
            "ObjectId": 75,
            "BoundingBox3D Origin X": 17.614173345707968,
            "BoundingBox3D Origin Y": 12.654059612759738,
            "BoundingBox3D Origin Z": 1.208984781987965,
            "BoundingBox3D Extent X": 0.1,
            "BoundingBox3D Extent Y": 0.9246897276089624,
            "BoundingBox3D Extent Z": 0.4851001072257914,
            "BoundingBox3D Orientation Quat W": -0.3159479512444335,
            "BoundingBox3D Orientation Quat X": 0.0022310768631663,
            "BoundingBox3D Orientation Quat Y": 0.0036123871269871,
            "BoundingBox3D Orientation Quat Z": 0.9487670235941597,
            "ObjectType": "TRAFFIC_SIGN",
            "Occluded": {
                "F_MIDRANGECAM_C": 2.8300209464759973e-07
            },
            "Truncated": 0,
            "ObjectMeta": {
                "SourceID": 75,
                "SubType": "us_white_ground_rectangle_unknown",
                "Text": "",
                "OcrVersion": 10006
            }
        },
        {
            "ActorName": "TRAFFIC_SIGN 76",
            "ObjectId": 76,
            "BoundingBox3D Origin X": 27.99708404806006,
            "BoundingBox3D Origin Y": -4.997367632182431,
            "BoundingBox3D Origin Z": 3.54319856595248,
            "BoundingBox3D Extent X": 0.1,
            "BoundingBox3D Extent Y": 0.6871968100218089,
            "BoundingBox3D Extent Z": 0.273953078968039,
            "BoundingBox3D Orientation Quat W": 0.1577451157077415,
            "BoundingBox3D Orientation Quat X": 0.0003141424090916,
            "BoundingBox3D Orientation Quat Y": 0.004233116589476,
            "BoundingBox3D Orientation Quat Z": 0.9874707390646252,
            "ObjectType": "TRAFFIC_SIGN",
            "Occluded": {
                "F_MIDRANGECAM_C": 0.0006404881714843
            },
            "Truncated": 0,
            "ObjectMeta": {
                "SourceID": 76,
                "SubType": "us_white_ground_rectangle_unknown",
                "Text": "",
                "OcrVersion": 10006
            }
        },
        {
            "ActorName": "TRAFFIC_SIGN 77",
            "ObjectId": 77,
            "BoundingBox3D Origin X": 27.48217608818959,
            "BoundingBox3D Origin Y": -4.9927554711539415,
            "BoundingBox3D Origin Z": 3.1950341053307056,
            "BoundingBox3D Extent X": 0.0999999999999999,
            "BoundingBox3D Extent Y": 0.60407060371918,
            "BoundingBox3D Extent Z": 0.2037042366830296,
            "BoundingBox3D Orientation Quat W": 0.1969885778180882,
            "BoundingBox3D Orientation Quat X": 0.0001447115825932,
            "BoundingBox3D Orientation Quat Y": 0.0042422176398188,
            "BoundingBox3D Orientation Quat Z": 0.980396594678532,
            "ObjectType": "TRAFFIC_SIGN",
            "Occluded": {
                "F_MIDRANGECAM_C": 0.9183369874954224
            },
            "Truncated": 0,
            "ObjectMeta": {
                "SourceID": 77,
                "SubType": "us_white_ground_rectangle_unknown",
                "Text": "",
                "OcrVersion": 10006
            }
        },
        {
            "ActorName": "TRAFFIC_SIGN 78",
            "ObjectId": 78,
            "BoundingBox3D Origin X": 93.50360981601987,
            "BoundingBox3D Origin Y": -4.416618253017077,
            "BoundingBox3D Origin Z": 2.508361469954252,
            "BoundingBox3D Extent X": 0.1,
            "BoundingBox3D Extent Y": 0.3832816087039713,
            "BoundingBox3D Extent Z": 0.4357120768838613,
            "BoundingBox3D Orientation Quat W": 0.1049615476643984,
            "BoundingBox3D Orientation Quat X": 0.0005436395360471,
            "BoundingBox3D Orientation Quat Y": 0.0042111965739654,
            "BoundingBox3D Orientation Quat Z": 0.9944672160465444,
            "ObjectType": "TRAFFIC_SIGN",
            "Occluded": {
                "F_MIDRANGECAM_C": 0.9999123811721802
            },
            "Truncated": 0,
            "ObjectMeta": {
                "SourceID": 78,
                "SubType": "unknown",
                "Text": "",
                "OcrVersion": 10006
            }
        },
        {
            "ActorName": "TRAFFIC_SIGN 79",
            "ObjectId": 79,
            "BoundingBox3D Origin X": 103.31043376950583,
            "BoundingBox3D Origin Y": 23.091499972040765,
            "BoundingBox3D Origin Z": 5.779695734381676,
            "BoundingBox3D Extent X": 0.1,
            "BoundingBox3D Extent Y": 1.7107504098693462,
            "BoundingBox3D Extent Z": 0.6034869053535241,
            "BoundingBox3D Orientation Quat W": -0.312672526768299,
            "BoundingBox3D Orientation Quat X": 0.0022258943943693,
            "BoundingBox3D Orientation Quat Y": 0.003618952260522,
            "BoundingBox3D Orientation Quat Z": 0.949851482908254,
            "ObjectType": "TRAFFIC_SIGN",
            "Occluded": {
                "F_MIDRANGECAM_C": 0.9986587762832642
            },
            "Truncated": 0,
            "ObjectMeta": {
                "SourceID": 79,
                "SubType": "unknown",
                "Text": "",
                "OcrVersion": 10006
            }
        },
        {
            "ActorName": "TRAFFIC_SIGN 80",
            "ObjectId": 80,
            "BoundingBox3D Origin X": 141.06792929120456,
            "BoundingBox3D Origin Y": 9.26695129826112,
            "BoundingBox3D Origin Z": 6.55114396288991,
            "BoundingBox3D Extent X": 0.0999999999999999,
            "BoundingBox3D Extent Y": 0.9914366721812164,
            "BoundingBox3D Extent Z": 1.020302161968541,
            "BoundingBox3D Orientation Quat W": -0.1139244247869108,
            "BoundingBox3D Orientation Quat X": 0.0014499235262263,
            "BoundingBox3D Orientation Quat Y": 0.0039930207400301,
            "BoundingBox3D Orientation Quat Z": 0.9934803364657544,
            "ObjectType": "TRAFFIC_SIGN",
            "Occluded": {
                "F_MIDRANGECAM_C": 0.9731311202049256
            },
            "Truncated": 0,
            "ObjectMeta": {
                "SourceID": 80,
                "SubType": "us_white_ground_rectangle_unknown",
                "Text": "Lt.",
                "OcrVersion": 10006
            }
        },
        {
            "ActorName": "TRAFFIC_SIGN 81",
            "ObjectId": 81,
            "BoundingBox3D Origin X": 142.19437964169992,
            "BoundingBox3D Origin Y": -4.829856608550472,
            "BoundingBox3D Origin Z": 4.893439061939716,
            "BoundingBox3D Extent X": 0.1,
            "BoundingBox3D Extent Y": 0.7463736033616835,
            "BoundingBox3D Extent Z": 0.983651782538956,
            "BoundingBox3D Orientation Quat W": 0.0710866960093388,
            "BoundingBox3D Orientation Quat X": 0.0006885510370816,